doc_id,cik,company,ticker,report_date,filing_date,accession,field,concept,unit,true_value
0000012927_0000012927-20-000014,12927,The Boeing Company,BA,2019-12-31,2020-01-31,0000012927-20-000014,revenue,RevenueFromContractWithCustomerExcludingAssessedTax,USD,76559000000.0
0000012927_0000012927-20-000014,12927,The Boeing Company,BA,2019-12-31,2020-01-31,0000012927-20-000014,operating_income,OperatingIncomeLoss,USD,-1975000000.0
0000012927_0000012927-20-000014,12927,The Boeing Company,BA,2019-12-31,2020-01-31,0000012927-20-000014,net_income,NetIncomeLoss,USD,-636000000.0
0000012927_0000012927-20-000014,12927,The Boeing Company,BA,2019-12-31,2020-01-31,0000012927-20-000014,eps_diluted,EarningsPerShareDiluted,USD/shares,-1.12
0000012927_0000012927-20-000014,12927,The Boeing Company,BA,2019-12-31,2020-01-31,0000012927-20-000014,total_assets,Assets,USD,133625000000.0
0000012927_0000012927-20-000014,12927,The Boeing Company,BA,2019-12-31,2020-01-31,0000012927-20-000014,stockholders_equity,StockholdersEquity,USD,-8617000000.0
0000012927_0000012927-20-000014,12927,The Boeing Company,BA,2019-12-31,2020-01-31,0000012927-20-000014,cash_and_equivalents,CashAndCashEquivalentsAtCarryingValue,USD,9485000000.0
0000012927_0000012927-20-000014,12927,The Boeing Company,BA,2019-12-31,2020-01-31,0000012927-20-000014,operating_cash_flow,NetCashProvidedByUsedInOperatingActivities,USD,-2446000000.0
0000012927_0000012927-21-000011,12927,The Boeing Company,BA,2020-12-31,2021-02-01,0000012927-21-000011,revenue,Revenues,USD,58158000000.0
0000012927_0000012927-21-000011,12927,The Boeing Company,BA,2020-12-31,2021-02-01,0000012927-21-000011,operating_income,OperatingIncomeLoss,USD,-12767000000.0
0000012927_0000012927-21-000011,12927,The Boeing Company,BA,2020-12-31,2021-02-01,0000012927-21-000011,net_income,NetIncomeLoss,USD,-11873000000.0
0000012927_0000012927-21-000011,12927,The Boeing Company,BA,2020-12-31,2021-02-01,0000012927-21-000011,eps_diluted,EarningsPerShareDiluted,USD/shares,-20.88
0000012927_0000012927-21-000011,12927,The Boeing Company,BA,2020-12-31,2021-02-01,0000012927-21-000011,total_assets,Assets,USD,152136000000.0
0000012927_0000012927-21-000011,12927,The Boeing Company,BA,2020-12-31,2021-02-01,0000012927-21-000011,total_liabilities,Liabilities,USD,170211000000.0
0000012927_0000012927-21-000011,12927,The Boeing Company,BA,2020-12-31,2021-02-01,0000012927-21-000011,stockholders_equity,StockholdersEquity,USD,-18316000000.0
0000012927_0000012927-21-000011,12927,The Boeing Company,BA,2020-12-31,2021-02-01,0000012927-21-000011,cash_and_equivalents,CashAndCashEquivalentsAtCarryingValue,USD,7752000000.0
0000012927_0000012927-21-000011,12927,The Boeing Company,BA,2020-12-31,2021-02-01,0000012927-21-000011,operating_cash_flow,NetCashProvidedByUsedInOperatingActivities,USD,-18410000000.0
0000012927_0000012927-22-000010,12927,The Boeing Company,BA,2021-12-31,2022-01-31,0000012927-22-000010,revenue,Revenues,USD,62286000000.0
0000012927_0000012927-22-000010,12927,The Boeing Company,BA,2021-12-31,2022-01-31,0000012927-22-000010,operating_income,OperatingIncomeLoss,USD,-2902000000.0
0000012927_0000012927-22-000010,12927,The Boeing Company,BA,2021-12-31,2022-01-31,0000012927-22-000010,net_income,NetIncomeLoss,USD,-4202000000.0
0000012927_0000012927-22-000010,12927,The Boeing Company,BA,2021-12-31,2022-01-31,0000012927-22-000010,eps_diluted,EarningsPerShareDiluted,USD/shares,-7.15
0000012927_0000012927-22-000010,12927,The Boeing Company,BA,2021-12-31,2022-01-31,0000012927-22-000010,total_assets,Assets,USD,138552000000.0
0000012927_0000012927-22-000010,12927,The Boeing Company,BA,2021-12-31,2022-01-31,0000012927-22-000010,total_liabilities,Liabilities,USD,153398000000.0
0000012927_0000012927-22-000010,12927,The Boeing Company,BA,2021-12-31,2022-01-31,0000012927-22-000010,stockholders_equity,StockholdersEquity,USD,-14999000000.0
0000012927_0000012927-22-000010,12927,The Boeing Company,BA,2021-12-31,2022-01-31,0000012927-22-000010,cash_and_equivalents,CashAndCashEquivalentsAtCarryingValue,USD,8052000000.0
0000012927_0000012927-22-000010,12927,The Boeing Company,BA,2021-12-31,2022-01-31,0000012927-22-000010,operating_cash_flow,NetCashProvidedByUsedInOperatingActivities,USD,-3416000000.0
0000012927_0000012927-23-000007,12927,The Boeing Company,BA,2022-12-31,2023-01-27,0000012927-23-000007,revenue,Revenues,USD,66608000000.0
0000012927_0000012927-23-000007,12927,The Boeing Company,BA,2022-12-31,2023-01-27,0000012927-23-000007,operating_income,OperatingIncomeLoss,USD,-3547000000.0
0000012927_0000012927-23-000007,12927,The Boeing Company,BA,2022-12-31,2023-01-27,0000012927-23-000007,net_income,NetIncomeLoss,USD,-4935000000.0
0000012927_0000012927-23-000007,12927,The Boeing Company,BA,2022-12-31,2023-01-27,0000012927-23-000007,eps_diluted,EarningsPerShareDiluted,USD/shares,-8.3
0000012927_0000012927-23-000007,12927,The Boeing Company,BA,2022-12-31,2023-01-27,0000012927-23-000007,total_assets,Assets,USD,137100000000.0
0000012927_0000012927-23-000007,12927,The Boeing Company,BA,2022-12-31,2023-01-27,0000012927-23-000007,total_liabilities,Liabilities,USD,152948000000.0
0000012927_0000012927-23-000007,12927,The Boeing Company,BA,2022-12-31,2023-01-27,0000012927-23-000007,stockholders_equity,StockholdersEquity,USD,-15883000000.0
0000012927_0000012927-23-000007,12927,The Boeing Company,BA,2022-12-31,2023-01-27,0000012927-23-000007,cash_and_equivalents,CashAndCashEquivalentsAtCarryingValue,USD,14614000000.0
0000012927_0000012927-23-000007,12927,The Boeing Company,BA,2022-12-31,2023-01-27,0000012927-23-000007,operating_cash_flow,NetCashProvidedByUsedInOperatingActivities,USD,3512000000.0
0000012927_0000012927-24-000010,12927,The Boeing Company,BA,2023-12-31,2024-01-31,0000012927-24-000010,revenue,Revenues,USD,77794000000.0
0000012927_0000012927-24-000010,12927,The Boeing Company,BA,2023-12-31,2024-01-31,0000012927-24-000010,operating_income,OperatingIncomeLoss,USD,-773000000.0
0000012927_0000012927-24-000010,12927,The Boeing Company,BA,2023-12-31,2024-01-31,0000012927-24-000010,net_income,NetIncomeLoss,USD,-2222000000.0
0000012927_0000012927-24-000010,12927,The Boeing Company,BA,2023-12-31,2024-01-31,0000012927-24-000010,eps_diluted,EarningsPerShareDiluted,USD/shares,-3.67
0000012927_0000012927-24-000010,12927,The Boeing Company,BA,2023-12-31,2024-01-31,0000012927-24-000010,total_assets,Assets,USD,137012000000.0
0000012927_0000012927-24-000010,12927,The Boeing Company,BA,2023-12-31,2024-01-31,0000012927-24-000010,total_liabilities,Liabilities,USD,154240000000.0
0000012927_0000012927-24-000010,12927,The Boeing Company,BA,2023-12-31,2024-01-31,0000012927-24-000010,stockholders_equity,StockholdersEquity,USD,-17233000000.0
0000012927_0000012927-24-000010,12927,The Boeing Company,BA,2023-12-31,2024-01-31,0000012927-24-000010,cash_and_equivalents,CashAndCashEquivalentsAtCarryingValue,USD,12691000000.0
0000012927_0000012927-24-000010,12927,The Boeing Company,BA,2023-12-31,2024-01-31,0000012927-24-000010,operating_cash_flow,NetCashProvidedByUsedInOperatingActivities,USD,5960000000.0
0000012927_0000012927-25-000015,12927,The Boeing Company,BA,2024-12-31,2025-02-03,0000012927-25-000015,revenue,Revenues,USD,66517000000.0
0000012927_0000012927-25-000015,12927,The Boeing Company,BA,2024-12-31,2025-02-03,0000012927-25-000015,operating_income,OperatingIncomeLoss,USD,-10707000000.0
0000012927_0000012927-25-000015,12927,The Boeing Company,BA,2024-12-31,2025-02-03,0000012927-25-000015,net_income,NetIncomeLoss,USD,-11817000000.0
0000012927_0000012927-25-000015,12927,The Boeing Company,BA,2024-12-31,2025-02-03,0000012927-25-000015,eps_diluted,EarningsPerShareDiluted,USD/shares,-18.36
0000012927_0000012927-25-000015,12927,The Boeing Company,BA,2024-12-31,2025-02-03,0000012927-25-000015,total_assets,Assets,USD,156363000000.0
0000012927_0000012927-25-000015,12927,The Boeing Company,BA,2024-12-31,2025-02-03,0000012927-25-000015,total_liabilities,Liabilities,USD,160277000000.0
0000012927_0000012927-25-000015,12927,The Boeing Company,BA,2024-12-31,2025-02-03,0000012927-25-000015,stockholders_equity,StockholdersEquity,USD,-3908000000.0
0000012927_0000012927-25-000015,12927,The Boeing Company,BA,2024-12-31,2025-02-03,0000012927-25-000015,cash_and_equivalents,CashAndCashEquivalentsAtCarryingValue,USD,13801000000.0
0000012927_0000012927-25-000015,12927,The Boeing Company,BA,2024-12-31,2025-02-03,0000012927-25-000015,operating_cash_flow,NetCashProvidedByUsedInOperatingActivities,USD,-12080000000.0
0000018230_0000018230-20-000056,18230,Caterpillar Inc.,CAT,2019-12-31,2020-02-19,0000018230-20-000056,revenue,Revenues,USD,53800000000.0
0000018230_0000018230-20-000056,18230,Caterpillar Inc.,CAT,2019-12-31,2020-02-19,0000018230-20-000056,operating_income,OperatingIncomeLoss,USD,8290000000.0
0000018230_0000018230-20-000056,18230,Caterpillar Inc.,CAT,2019-12-31,2020-02-19,0000018230-20-000056,net_income,ProfitLoss,USD,6094000000.0
0000018230_0000018230-20-000056,18230,Caterpillar Inc.,CAT,2019-12-31,2020-02-19,0000018230-20-000056,eps_diluted,EarningsPerShareDiluted,USD/shares,10.74
0000018230_0000018230-20-000056,18230,Caterpillar Inc.,CAT,2019-12-31,2020-02-19,0000018230-20-000056,total_assets,Assets,USD,78453000000.0
0000018230_0000018230-20-000056,18230,Caterpillar Inc.,CAT,2019-12-31,2020-02-19,0000018230-20-000056,total_liabilities,Liabilities,USD,63824000000.0
0000018230_0000018230-20-000056,18230,Caterpillar Inc.,CAT,2019-12-31,2020-02-19,0000018230-20-000056,stockholders_equity,StockholdersEquityIncludingPortionAttributableToNoncontrollingInterest,USD,14629000000.0
0000018230_0000018230-20-000056,18230,Caterpillar Inc.,CAT,2019-12-31,2020-02-19,0000018230-20-000056,cash_and_equivalents,CashCashEquivalentsRestrictedCashAndRestrictedCashEquivalents,USD,8292000000.0
0000018230_0000018230-20-000056,18230,Caterpillar Inc.,CAT,2019-12-31,2020-02-19,0000018230-20-000056,operating_cash_flow,NetCashProvidedByUsedInOperatingActivities,USD,6912000000.0
0000018230_0000018230-21-000063,18230,Caterpillar Inc.,CAT,2020-12-31,2021-02-17,0000018230-21-000063,revenue,Revenues,USD,41748000000.0
0000018230_0000018230-21-000063,18230,Caterpillar Inc.,CAT,2020-12-31,2021-02-17,0000018230-21-000063,operating_income,OperatingIncomeLoss,USD,4553000000.0
0000018230_0000018230-21-000063,18230,Caterpillar Inc.,CAT,2020-12-31,2021-02-17,0000018230-21-000063,net_income,ProfitLoss,USD,3003000000.0
0000018230_0000018230-21-000063,18230,Caterpillar Inc.,CAT,2020-12-31,2021-02-17,0000018230-21-000063,eps_diluted,EarningsPerShareDiluted,USD/shares,5.46
0000018230_0000018230-21-000063,18230,Caterpillar Inc.,CAT,2020-12-31,2021-02-17,0000018230-21-000063,total_assets,Assets,USD,78324000000.0
0000018230_0000018230-21-000063,18230,Caterpillar Inc.,CAT,2020-12-31,2021-02-17,0000018230-21-000063,total_liabilities,Liabilities,USD,62946000000.0
0000018230_0000018230-21-000063,18230,Caterpillar Inc.,CAT,2020-12-31,2021-02-17,0000018230-21-000063,stockholders_equity,StockholdersEquityIncludingPortionAttributableToNoncontrollingInterest,USD,15378000000.0
0000018230_0000018230-21-000063,18230,Caterpillar Inc.,CAT,2020-12-31,2021-02-17,0000018230-21-000063,cash_and_equivalents,CashCashEquivalentsRestrictedCashAndRestrictedCashEquivalents,USD,9366000000.0
0000018230_0000018230-21-000063,18230,Caterpillar Inc.,CAT,2020-12-31,2021-02-17,0000018230-21-000063,operating_cash_flow,NetCashProvidedByUsedInOperatingActivities,USD,6327000000.0
0000018230_0000018230-22-000050,18230,Caterpillar Inc.,CAT,2021-12-31,2022-02-16,0000018230-22-000050,revenue,Revenues,USD,50971000000.0
0000018230_0000018230-22-000050,18230,Caterpillar Inc.,CAT,2021-12-31,2022-02-16,0000018230-22-000050,operating_income,OperatingIncomeLoss,USD,6878000000.0
0000018230_0000018230-22-000050,18230,Caterpillar Inc.,CAT,2021-12-31,2022-02-16,0000018230-22-000050,net_income,ProfitLoss,USD,6493000000.0
0000018230_0000018230-22-000050,18230,Caterpillar Inc.,CAT,2021-12-31,2022-02-16,0000018230-22-000050,eps_diluted,EarningsPerShareDiluted,USD/shares,11.83
0000018230_0000018230-22-000050,18230,Caterpillar Inc.,CAT,2021-12-31,2022-02-16,0000018230-22-000050,total_assets,Assets,USD,82793000000.0
0000018230_0000018230-22-000050,18230,Caterpillar Inc.,CAT,2021-12-31,2022-02-16,0000018230-22-000050,total_liabilities,Liabilities,USD,66277000000.0
0000018230_0000018230-22-000050,18230,Caterpillar Inc.,CAT,2021-12-31,2022-02-16,0000018230-22-000050,stockholders_equity,StockholdersEquityIncludingPortionAttributableToNoncontrollingInterest,USD,16516000000.0
0000018230_0000018230-22-000050,18230,Caterpillar Inc.,CAT,2021-12-31,2022-02-16,0000018230-22-000050,cash_and_equivalents,CashAndCashEquivalentsAtCarryingValue,USD,9254000000.0
0000018230_0000018230-22-000050,18230,Caterpillar Inc.,CAT,2021-12-31,2022-02-16,0000018230-22-000050,operating_cash_flow,NetCashProvidedByUsedInOperatingActivities,USD,7198000000.0
0000018230_0000018230-23-000011,18230,Caterpillar Inc.,CAT,2022-12-31,2023-02-15,0000018230-23-000011,revenue,Revenues,USD,59427000000.0
0000018230_0000018230-23-000011,18230,Caterpillar Inc.,CAT,2022-12-31,2023-02-15,0000018230-23-000011,operating_income,OperatingIncomeLoss,USD,7904000000.0
0000018230_0000018230-23-000011,18230,Caterpillar Inc.,CAT,2022-12-31,2023-02-15,0000018230-23-000011,net_income,ProfitLoss,USD,6704000000.0
0000018230_0000018230-23-000011,18230,Caterpillar Inc.,CAT,2022-12-31,2023-02-15,0000018230-23-000011,eps_diluted,EarningsPerShareDiluted,USD/shares,12.64
0000018230_0000018230-23-000011,18230,Caterpillar Inc.,CAT,2022-12-31,2023-02-15,0000018230-23-000011,total_assets,Assets,USD,81943000000.0
0000018230_0000018230-23-000011,18230,Caterpillar Inc.,CAT,2022-12-31,2023-02-15,0000018230-23-000011,total_liabilities,Liabilities,USD,66052000000.0
0000018230_0000018230-23-000011,18230,Caterpillar Inc.,CAT,2022-12-31,2023-02-15,0000018230-23-000011,stockholders_equity,StockholdersEquityIncludingPortionAttributableToNoncontrollingInterest,USD,15891000000.0
0000018230_0000018230-23-000011,18230,Caterpillar Inc.,CAT,2022-12-31,2023-02-15,0000018230-23-000011,cash_and_equivalents,CashAndCashEquivalentsAtCarryingValue,USD,7004000000.0
0000018230_0000018230-23-000011,18230,Caterpillar Inc.,CAT,2022-12-31,2023-02-15,0000018230-23-000011,operating_cash_flow,NetCashProvidedByUsedInOperatingActivities,USD,7766000000.0
0000018230_0000018230-24-000009,18230,Caterpillar Inc.,CAT,2023-12-31,2024-02-16,0000018230-24-000009,revenue,Revenues,USD,67060000000.0
0000018230_0000018230-24-000009,18230,Caterpillar Inc.,CAT,2023-12-31,2024-02-16,0000018230-24-000009,operating_income,OperatingIncomeLoss,USD,12966000000.0
0000018230_0000018230-24-000009,18230,Caterpillar Inc.,CAT,2023-12-31,2024-02-16,0000018230-24-000009,net_income,ProfitLoss,USD,10332000000.0
0000018230_0000018230-24-000009,18230,Caterpillar Inc.,CAT,2023-12-31,2024-02-16,0000018230-24-000009,eps_diluted,EarningsPerShareDiluted,USD/shares,20.12
0000018230_0000018230-24-000009,18230,Caterpillar Inc.,CAT,2023-12-31,2024-02-16,0000018230-24-000009,total_assets,Assets,USD,87476000000.0
0000018230_0000018230-24-000009,18230,Caterpillar Inc.,CAT,2023-12-31,2024-02-16,0000018230-24-000009,total_liabilities,Liabilities,USD,67973000000.0
0000018230_0000018230-24-000009,18230,Caterpillar Inc.,CAT,2023-12-31,2024-02-16,0000018230-24-000009,stockholders_equity,StockholdersEquityIncludingPortionAttributableToNoncontrollingInterest,USD,19503000000.0
0000018230_0000018230-24-000009,18230,Caterpillar Inc.,CAT,2023-12-31,2024-02-16,0000018230-24-000009,cash_and_equivalents,CashAndCashEquivalentsAtCarryingValue,USD,6978000000.0
0000018230_0000018230-24-000009,18230,Caterpillar Inc.,CAT,2023-12-31,2024-02-16,0000018230-24-000009,operating_cash_flow,NetCashProvidedByUsedInOperatingActivities,USD,12885000000.0
0000018230_0000018230-25-000008,18230,Caterpillar Inc.,CAT,2024-12-31,2025-02-14,0000018230-25-000008,revenue,Revenues,USD,64809000000.0
0000018230_0000018230-25-000008,18230,Caterpillar Inc.,CAT,2024-12-31,2025-02-14,0000018230-25-000008,operating_income,OperatingIncomeLoss,USD,13072000000.0
0000018230_0000018230-25-000008,18230,Caterpillar Inc.,CAT,2024-12-31,2025-02-14,0000018230-25-000008,net_income,ProfitLoss,USD,10788000000.0
0000018230_0000018230-25-000008,18230,Caterpillar Inc.,CAT,2024-12-31,2025-02-14,0000018230-25-000008,eps_diluted,EarningsPerShareDiluted,USD/shares,22.05
0000018230_0000018230-25-000008,18230,Caterpillar Inc.,CAT,2024-12-31,2025-02-14,0000018230-25-000008,total_assets,Assets,USD,87764000000.0
0000018230_0000018230-25-000008,18230,Caterpillar Inc.,CAT,2024-12-31,2025-02-14,0000018230-25-000008,total_liabilities,Liabilities,USD,68270000000.0
0000018230_0000018230-25-000008,18230,Caterpillar Inc.,CAT,2024-12-31,2025-02-14,0000018230-25-000008,stockholders_equity,StockholdersEquityIncludingPortionAttributableToNoncontrollingInterest,USD,19494000000.0
0000018230_0000018230-25-000008,18230,Caterpillar Inc.,CAT,2024-12-31,2025-02-14,0000018230-25-000008,cash_and_equivalents,CashAndCashEquivalentsAtCarryingValue,USD,6889000000.0
0000018230_0000018230-25-000008,18230,Caterpillar Inc.,CAT,2024-12-31,2025-02-14,0000018230-25-000008,operating_cash_flow,NetCashProvidedByUsedInOperatingActivities,USD,12035000000.0
0000021344_0000021344-20-000006,21344,The Coca-Cola Company,KO,2019-12-31,2020-02-24,0000021344-20-000006,revenue,Revenues,USD,37266000000.0
0000021344_0000021344-20-000006,21344,The Coca-Cola Company,KO,2019-12-31,2020-02-24,0000021344-20-000006,operating_income,OperatingIncomeLoss,USD,10086000000.0
0000021344_0000021344-20-000006,21344,The Coca-Cola Company,KO,2019-12-31,2020-02-24,0000021344-20-000006,net_income,NetIncomeLoss,USD,8920000000.0
0000021344_0000021344-20-000006,21344,The Coca-Cola Company,KO,2019-12-31,2020-02-24,0000021344-20-000006,eps_diluted,EarningsPerShareDiluted,USD/shares,2.07
0000021344_0000021344-20-000006,21344,The Coca-Cola Company,KO,2019-12-31,2020-02-24,0000021344-20-000006,total_assets,Assets,USD,86381000000.0
0000021344_0000021344-20-000006,21344,The Coca-Cola Company,KO,2019-12-31,2020-02-24,0000021344-20-000006,stockholders_equity,StockholdersEquity,USD,18981000000.0
0000021344_0000021344-20-000006,21344,The Coca-Cola Company,KO,2019-12-31,2020-02-24,0000021344-20-000006,cash_and_equivalents,CashAndCashEquivalentsAtCarryingValue,USD,6480000000.0
0000021344_0000021344-20-000006,21344,The Coca-Cola Company,KO,2019-12-31,2020-02-24,0000021344-20-000006,operating_cash_flow,NetCashProvidedByUsedInOperatingActivities,USD,10471000000.0
0000021344_0000021344-21-000008,21344,The Coca-Cola Company,KO,2020-12-31,2021-02-25,0000021344-21-000008,revenue,Revenues,USD,33014000000.0
0000021344_0000021344-21-000008,21344,The Coca-Cola Company,KO,2020-12-31,2021-02-25,0000021344-21-000008,operating_income,OperatingIncomeLoss,USD,8997000000.0
0000021344_0000021344-21-000008,21344,The Coca-Cola Company,KO,2020-12-31,2021-02-25,0000021344-21-000008,net_income,NetIncomeLoss,USD,7747000000.0
0000021344_0000021344-21-000008,21344,The Coca-Cola Company,KO,2020-12-31,2021-02-25,0000021344-21-000008,eps_diluted,EarningsPerShareDiluted,USD/shares,1.79
0000021344_0000021344-21-000008,21344,The Coca-Cola Company,KO,2020-12-31,2021-02-25,0000021344-21-000008,total_assets,Assets,USD,87296000000.0
0000021344_0000021344-21-000008,21344,The Coca-Cola Company,KO,2020-12-31,2021-02-25,0000021344-21-000008,stockholders_equity,StockholdersEquity,USD,19299000000.0
0000021344_0000021344-21-000008,21344,The Coca-Cola Company,KO,2020-12-31,2021-02-25,0000021344-21-000008,cash_and_equivalents,CashAndCashEquivalentsAtCarryingValue,USD,6795000000.0
0000021344_0000021344-21-000008,21344,The Coca-Cola Company,KO,2020-12-31,2021-02-25,0000021344-21-000008,operating_cash_flow,NetCashProvidedByUsedInOperatingActivities,USD,9844000000.0
0000021344_0000021344-22-000009,21344,The Coca-Cola Company,KO,2021-12-31,2022-02-22,0000021344-22-000009,revenue,Revenues,USD,38655000000.0
0000021344_0000021344-22-000009,21344,The Coca-Cola Company,KO,2021-12-31,2022-02-22,0000021344-22-000009,operating_income,OperatingIncomeLoss,USD,10308000000.0
0000021344_0000021344-22-000009,21344,The Coca-Cola Company,KO,2021-12-31,2022-02-22,0000021344-22-000009,net_income,NetIncomeLoss,USD,9771000000.0
0000021344_0000021344-22-000009,21344,The Coca-Cola Company,KO,2021-12-31,2022-02-22,0000021344-22-000009,eps_diluted,EarningsPerShareDiluted,USD/shares,2.25
0000021344_0000021344-22-000009,21344,The Coca-Cola Company,KO,2021-12-31,2022-02-22,0000021344-22-000009,total_assets,Assets,USD,94354000000.0
0000021344_0000021344-22-000009,21344,The Coca-Cola Company,KO,2021-12-31,2022-02-22,0000021344-22-000009,stockholders_equity,StockholdersEquity,USD,22999000000.0
0000021344_0000021344-22-000009,21344,The Coca-Cola Company,KO,2021-12-31,2022-02-22,0000021344-22-000009,cash_and_equivalents,CashAndCashEquivalentsAtCarryingValue,USD,9684000000.0
0000021344_0000021344-22-000009,21344,The Coca-Cola Company,KO,2021-12-31,2022-02-22,0000021344-22-000009,operating_cash_flow,NetCashProvidedByUsedInOperatingActivities,USD,12625000000.0
0000021344_0000021344-23-000011,21344,The Coca-Cola Company,KO,2022-12-31,2023-02-21,0000021344-23-000011,revenue,Revenues,USD,43004000000.0
0000021344_0000021344-23-000011,21344,The Coca-Cola Company,KO,2022-12-31,2023-02-21,0000021344-23-000011,operating_income,OperatingIncomeLoss,USD,10909000000.0
0000021344_0000021344-23-000011,21344,The Coca-Cola Company,KO,2022-12-31,2023-02-21,0000021344-23-000011,net_income,NetIncomeLoss,USD,9542000000.0
0000021344_0000021344-23-000011,21344,The Coca-Cola Company,KO,2022-12-31,2023-02-21,0000021344-23-000011,eps_diluted,EarningsPerShareDiluted,USD/shares,2.19
0000021344_0000021344-23-000011,21344,The Coca-Cola Company,KO,2022-12-31,2023-02-21,0000021344-23-000011,total_assets,Assets,USD,92763000000.0
0000021344_0000021344-23-000011,21344,The Coca-Cola Company,KO,2022-12-31,2023-02-21,0000021344-23-000011,stockholders_equity,StockholdersEquity,USD,24105000000.0
0000021344_0000021344-23-000011,21344,The Coca-Cola Company,KO,2022-12-31,2023-02-21,0000021344-23-000011,cash_and_equivalents,CashAndCashEquivalentsAtCarryingValue,USD,9519000000.0
0000021344_0000021344-23-000011,21344,The Coca-Cola Company,KO,2022-12-31,2023-02-21,0000021344-23-000011,operating_cash_flow,NetCashProvidedByUsedInOperatingActivities,USD,11018000000.0
0000021344_0000021344-24-000009,21344,The Coca-Cola Company,KO,2023-12-31,2024-02-20,0000021344-24-000009,revenue,Revenues,USD,45754000000.0
0000021344_0000021344-24-000009,21344,The Coca-Cola Company,KO,2023-12-31,2024-02-20,0000021344-24-000009,operating_income,OperatingIncomeLoss,USD,11311000000.0
0000021344_0000021344-24-000009,21344,The Coca-Cola Company,KO,2023-12-31,2024-02-20,0000021344-24-000009,net_income,NetIncomeLoss,USD,10714000000.0
0000021344_0000021344-24-000009,21344,The Coca-Cola Company,KO,2023-12-31,2024-02-20,0000021344-24-000009,eps_diluted,EarningsPerShareDiluted,USD/shares,2.47
0000021344_0000021344-24-000009,21344,The Coca-Cola Company,KO,2023-12-31,2024-02-20,0000021344-24-000009,total_assets,Assets,USD,97703000000.0
0000021344_0000021344-24-000009,21344,The Coca-Cola Company,KO,2023-12-31,2024-02-20,0000021344-24-000009,stockholders_equity,StockholdersEquity,USD,25941000000.0
0000021344_0000021344-24-000009,21344,The Coca-Cola Company,KO,2023-12-31,2024-02-20,0000021344-24-000009,cash_and_equivalents,CashAndCashEquivalentsAtCarryingValue,USD,9366000000.0
0000021344_0000021344-24-000009,21344,The Coca-Cola Company,KO,2023-12-31,2024-02-20,0000021344-24-000009,operating_cash_flow,NetCashProvidedByUsedInOperatingActivities,USD,11599000000.0
0000021344_0000021344-25-000011,21344,The Coca-Cola Company,KO,2024-12-31,2025-02-20,0000021344-25-000011,revenue,Revenues,USD,47061000000.0
0000021344_0000021344-25-000011,21344,The Coca-Cola Company,KO,2024-12-31,2025-02-20,0000021344-25-000011,operating_income,OperatingIncomeLoss,USD,9992000000.0
0000021344_0000021344-25-000011,21344,The Coca-Cola Company,KO,2024-12-31,2025-02-20,0000021344-25-000011,net_income,NetIncomeLoss,USD,10631000000.0
0000021344_0000021344-25-000011,21344,The Coca-Cola Company,KO,2024-12-31,2025-02-20,0000021344-25-000011,eps_diluted,EarningsPerShareDiluted,USD/shares,2.46
0000021344_0000021344-25-000011,21344,The Coca-Cola Company,KO,2024-12-31,2025-02-20,0000021344-25-000011,total_assets,Assets,USD,100549000000.0
0000021344_0000021344-25-000011,21344,The Coca-Cola Company,KO,2024-12-31,2025-02-20,0000021344-25-000011,stockholders_equity,StockholdersEquity,USD,24856000000.0
0000021344_0000021344-25-000011,21344,The Coca-Cola Company,KO,2024-12-31,2025-02-20,0000021344-25-000011,cash_and_equivalents,CashAndCashEquivalentsAtCarryingValue,USD,10828000000.0
0000021344_0000021344-25-000011,21344,The Coca-Cola Company,KO,2024-12-31,2025-02-20,0000021344-25-000011,operating_cash_flow,NetCashProvidedByUsedInOperatingActivities,USD,6805000000.0
0000050863_0000050863-20-000011,50863,Intel Corporation,INTC,2019-12-28,2020-01-24,0000050863-20-000011,revenue,RevenueFromContractWithCustomerExcludingAssessedTax,USD,71965000000.0
0000050863_0000050863-20-000011,50863,Intel Corporation,INTC,2019-12-28,2020-01-24,0000050863-20-000011,operating_income,OperatingIncomeLoss,USD,22035000000.0
0000050863_0000050863-20-000011,50863,Intel Corporation,INTC,2019-12-28,2020-01-24,0000050863-20-000011,net_income,NetIncomeLoss,USD,21048000000.0
0000050863_0000050863-20-000011,50863,Intel Corporation,INTC,2019-12-28,2020-01-24,0000050863-20-000011,eps_diluted,EarningsPerShareDiluted,USD/shares,4.71
0000050863_0000050863-20-000011,50863,Intel Corporation,INTC,2019-12-28,2020-01-24,0000050863-20-000011,total_assets,Assets,USD,136524000000.0
0000050863_0000050863-20-000011,50863,Intel Corporation,INTC,2019-12-28,2020-01-24,0000050863-20-000011,stockholders_equity,StockholdersEquity,USD,77504000000.0
0000050863_0000050863-20-000011,50863,Intel Corporation,INTC,2019-12-28,2020-01-24,0000050863-20-000011,cash_and_equivalents,CashCashEquivalentsRestrictedCashAndRestrictedCashEquivalents,USD,4194000000.0
0000050863_0000050863-20-000011,50863,Intel Corporation,INTC,2019-12-28,2020-01-24,0000050863-20-000011,operating_cash_flow,NetCashProvidedByUsedInOperatingActivities,USD,33145000000.0
0000050863_0000050863-21-000010,50863,Intel Corporation,INTC,2020-12-26,2021-01-22,0000050863-21-000010,revenue,RevenueFromContractWithCustomerExcludingAssessedTax,USD,77867000000.0
0000050863_0000050863-21-000010,50863,Intel Corporation,INTC,2020-12-26,2021-01-22,0000050863-21-000010,operating_income,OperatingIncomeLoss,USD,23678000000.0
0000050863_0000050863-21-000010,50863,Intel Corporation,INTC,2020-12-26,2021-01-22,0000050863-21-000010,net_income,NetIncomeLoss,USD,20899000000.0
0000050863_0000050863-21-000010,50863,Intel Corporation,INTC,2020-12-26,2021-01-22,0000050863-21-000010,eps_diluted,EarningsPerShareDiluted,USD/shares,4.94
0000050863_0000050863-21-000010,50863,Intel Corporation,INTC,2020-12-26,2021-01-22,0000050863-21-000010,total_assets,Assets,USD,153091000000.0
0000050863_0000050863-21-000010,50863,Intel Corporation,INTC,2020-12-26,2021-01-22,0000050863-21-000010,stockholders_equity,StockholdersEquity,USD,81038000000.0
0000050863_0000050863-21-000010,50863,Intel Corporation,INTC,2020-12-26,2021-01-22,0000050863-21-000010,cash_and_equivalents,CashCashEquivalentsRestrictedCashAndRestrictedCashEquivalents,USD,5865000000.0
0000050863_0000050863-21-000010,50863,Intel Corporation,INTC,2020-12-26,2021-01-22,0000050863-21-000010,operating_cash_flow,NetCashProvidedByUsedInOperatingActivities,USD,35384000000.0
0000050863_0000050863-22-000007,50863,Intel Corporation,INTC,2021-12-25,2022-01-27,0000050863-22-000007,revenue,RevenueFromContractWithCustomerExcludingAssessedTax,USD,79024000000.0
0000050863_0000050863-22-000007,50863,Intel Corporation,INTC,2021-12-25,2022-01-27,0000050863-22-000007,operating_income,OperatingIncomeLoss,USD,19456000000.0
0000050863_0000050863-22-000007,50863,Intel Corporation,INTC,2021-12-25,2022-01-27,0000050863-22-000007,net_income,NetIncomeLoss,USD,19868000000.0
0000050863_0000050863-22-000007,50863,Intel Corporation,INTC,2021-12-25,2022-01-27,0000050863-22-000007,eps_diluted,EarningsPerShareDiluted,USD/shares,4.86
0000050863_0000050863-22-000007,50863,Intel Corporation,INTC,2021-12-25,2022-01-27,0000050863-22-000007,total_assets,Assets,USD,168406000000.0
0000050863_0000050863-22-000007,50863,Intel Corporation,INTC,2021-12-25,2022-01-27,0000050863-22-000007,stockholders_equity,StockholdersEquity,USD,95391000000.0
0000050863_0000050863-22-000007,50863,Intel Corporation,INTC,2021-12-25,2022-01-27,0000050863-22-000007,cash_and_equivalents,CashCashEquivalentsRestrictedCashAndRestrictedCashEquivalents,USD,4827000000.0
0000050863_0000050863-22-000007,50863,Intel Corporation,INTC,2021-12-25,2022-01-27,0000050863-22-000007,operating_cash_flow,NetCashProvidedByUsedInOperatingActivities,USD,29991000000.0
0000050863_0000050863-23-000006,50863,Intel Corporation,INTC,2022-12-31,2023-01-27,0000050863-23-000006,revenue,RevenueFromContractWithCustomerExcludingAssessedTax,USD,63054000000.0
0000050863_0000050863-23-000006,50863,Intel Corporation,INTC,2022-12-31,2023-01-27,0000050863-23-000006,operating_income,OperatingIncomeLoss,USD,2334000000.0
0000050863_0000050863-23-000006,50863,Intel Corporation,INTC,2022-12-31,2023-01-27,0000050863-23-000006,net_income,NetIncomeLoss,USD,8014000000.0
0000050863_0000050863-23-000006,50863,Intel Corporation,INTC,2022-12-31,2023-01-27,0000050863-23-000006,eps_diluted,EarningsPerShareDiluted,USD/shares,1.94
0000050863_0000050863-23-000006,50863,Intel Corporation,INTC,2022-12-31,2023-01-27,0000050863-23-000006,total_assets,Assets,USD,182103000000.0
0000050863_0000050863-23-000006,50863,Intel Corporation,INTC,2022-12-31,2023-01-27,0000050863-23-000006,stockholders_equity,StockholdersEquity,USD,101423000000.0
0000050863_0000050863-23-000006,50863,Intel Corporation,INTC,2022-12-31,2023-01-27,0000050863-23-000006,cash_and_equivalents,CashCashEquivalentsRestrictedCashAndRestrictedCashEquivalents,USD,11144000000.0
0000050863_0000050863-23-000006,50863,Intel Corporation,INTC,2022-12-31,2023-01-27,0000050863-23-000006,operating_cash_flow,NetCashProvidedByUsedInOperatingActivities,USD,15433000000.0
0000050863_0000050863-24-000010,50863,Intel Corporation,INTC,2023-12-30,2024-01-26,0000050863-24-000010,revenue,RevenueFromContractWithCustomerExcludingAssessedTax,USD,54228000000.0
0000050863_0000050863-24-000010,50863,Intel Corporation,INTC,2023-12-30,2024-01-26,0000050863-24-000010,operating_income,OperatingIncomeLoss,USD,93000000.0
0000050863_0000050863-24-000010,50863,Intel Corporation,INTC,2023-12-30,2024-01-26,0000050863-24-000010,net_income,NetIncomeLoss,USD,1689000000.0
0000050863_0000050863-24-000010,50863,Intel Corporation,INTC,2023-12-30,2024-01-26,0000050863-24-000010,eps_diluted,EarningsPerShareDiluted,USD/shares,0.4
0000050863_0000050863-24-000010,50863,Intel Corporation,INTC,2023-12-30,2024-01-26,0000050863-24-000010,total_assets,Assets,USD,191572000000.0
0000050863_0000050863-24-000010,50863,Intel Corporation,INTC,2023-12-30,2024-01-26,0000050863-24-000010,stockholders_equity,StockholdersEquity,USD,105590000000.0
0000050863_0000050863-24-000010,50863,Intel Corporation,INTC,2023-12-30,2024-01-26,0000050863-24-000010,cash_and_equivalents,CashCashEquivalentsRestrictedCashAndRestrictedCashEquivalents,USD,7079000000.0
0000050863_0000050863-24-000010,50863,Intel Corporation,INTC,2023-12-30,2024-01-26,0000050863-24-000010,operating_cash_flow,NetCashProvidedByUsedInOperatingActivities,USD,11471000000.0
0000050863_0000050863-25-000009,50863,Intel Corporation,INTC,2024-12-28,2025-01-31,0000050863-25-000009,revenue,RevenueFromContractWithCustomerExcludingAssessedTax,USD,53101000000.0
0000050863_0000050863-25-000009,50863,Intel Corporation,INTC,2024-12-28,2025-01-31,0000050863-25-000009,operating_income,OperatingIncomeLoss,USD,-11678000000.0
0000050863_0000050863-25-000009,50863,Intel Corporation,INTC,2024-12-28,2025-01-31,0000050863-25-000009,net_income,NetIncomeLoss,USD,-18756000000.0
0000050863_0000050863-25-000009,50863,Intel Corporation,INTC,2024-12-28,2025-01-31,0000050863-25-000009,eps_diluted,EarningsPerShareDiluted,USD/shares,-4.38
0000050863_0000050863-25-000009,50863,Intel Corporation,INTC,2024-12-28,2025-01-31,0000050863-25-000009,total_assets,Assets,USD,196485000000.0
0000050863_0000050863-25-000009,50863,Intel Corporation,INTC,2024-12-28,2025-01-31,0000050863-25-000009,stockholders_equity,StockholdersEquity,USD,99270000000.0
0000050863_0000050863-25-000009,50863,Intel Corporation,INTC,2024-12-28,2025-01-31,0000050863-25-000009,cash_and_equivalents,CashCashEquivalentsRestrictedCashAndRestrictedCashEquivalents,USD,8249000000.0
0000050863_0000050863-25-000009,50863,Intel Corporation,INTC,2024-12-28,2025-01-31,0000050863-25-000009,operating_cash_flow,NetCashProvidedByUsedInOperatingActivities,USD,8288000000.0
0000066740_0001558370-20-000581,66740,3M Company,MMM,2019-12-31,2020-02-06,0001558370-20-000581,revenue,RevenueFromContractWithCustomerExcludingAssessedTax,USD,32136000000.0
0000066740_0001558370-20-000581,66740,3M Company,MMM,2019-12-31,2020-02-06,0001558370-20-000581,operating_income,OperatingIncomeLoss,USD,6174000000.0
0000066740_0001558370-20-000581,66740,3M Company,MMM,2019-12-31,2020-02-06,0001558370-20-000581,net_income,NetIncomeLoss,USD,4570000000.0
0000066740_0001558370-20-000581,66740,3M Company,MMM,2019-12-31,2020-02-06,0001558370-20-000581,eps_diluted,EarningsPerShareDiluted,USD/shares,7.81
0000066740_0001558370-20-000581,66740,3M Company,MMM,2019-12-31,2020-02-06,0001558370-20-000581,total_assets,Assets,USD,44659000000.0
0000066740_0001558370-20-000581,66740,3M Company,MMM,2019-12-31,2020-02-06,0001558370-20-000581,total_liabilities,Liabilities,USD,34533000000.0
0000066740_0001558370-20-000581,66740,3M Company,MMM,2019-12-31,2020-02-06,0001558370-20-000581,stockholders_equity,StockholdersEquity,USD,10063000000.0
0000066740_0001558370-20-000581,66740,3M Company,MMM,2019-12-31,2020-02-06,0001558370-20-000581,operating_cash_flow,NetCashProvidedByUsedInOperatingActivities,USD,7070000000.0
0000066740_0001558370-21-000737,66740,3M Company,MMM,2020-12-31,2021-02-04,0001558370-21-000737,revenue,RevenueFromContractWithCustomerExcludingAssessedTax,USD,32184000000.0
0000066740_0001558370-21-000737,66740,3M Company,MMM,2020-12-31,2021-02-04,0001558370-21-000737,operating_income,OperatingIncomeLoss,USD,7161000000.0
0000066740_0001558370-21-000737,66740,3M Company,MMM,2020-12-31,2021-02-04,0001558370-21-000737,net_income,NetIncomeLoss,USD,5384000000.0
0000066740_0001558370-21-000737,66740,3M Company,MMM,2020-12-31,2021-02-04,0001558370-21-000737,eps_diluted,EarningsPerShareDiluted,USD/shares,9.25
0000066740_0001558370-21-000737,66740,3M Company,MMM,2020-12-31,2021-02-04,0001558370-21-000737,total_assets,Assets,USD,47344000000.0
0000066740_0001558370-21-000737,66740,3M Company,MMM,2020-12-31,2021-02-04,0001558370-21-000737,total_liabilities,Liabilities,USD,34413000000.0
0000066740_0001558370-21-000737,66740,3M Company,MMM,2020-12-31,2021-02-04,0001558370-21-000737,stockholders_equity,StockholdersEquity,USD,12867000000.0
0000066740_0001558370-21-000737,66740,3M Company,MMM,2020-12-31,2021-02-04,0001558370-21-000737,operating_cash_flow,NetCashProvidedByUsedInOperatingActivities,USD,8113000000.0
0000066740_0000066740-22-000010,66740,3M Company,MMM,2021-12-31,2022-02-09,0000066740-22-000010,revenue,RevenueFromContractWithCustomerExcludingAssessedTax,USD,35355000000.0
0000066740_0000066740-22-000010,66740,3M Company,MMM,2021-12-31,2022-02-09,0000066740-22-000010,operating_income,OperatingIncomeLoss,USD,7369000000.0
0000066740_0000066740-22-000010,66740,3M Company,MMM,2021-12-31,2022-02-09,0000066740-22-000010,net_income,NetIncomeLoss,USD,5921000000.0
0000066740_0000066740-22-000010,66740,3M Company,MMM,2021-12-31,2022-02-09,0000066740-22-000010,eps_diluted,EarningsPerShareDiluted,USD/shares,10.12
0000066740_0000066740-22-000010,66740,3M Company,MMM,2021-12-31,2022-02-09,0000066740-22-000010,total_assets,Assets,USD,47072000000.0
0000066740_0000066740-22-000010,66740,3M Company,MMM,2021-12-31,2022-02-09,0000066740-22-000010,total_liabilities,Liabilities,USD,31955000000.0
0000066740_0000066740-22-000010,66740,3M Company,MMM,2021-12-31,2022-02-09,0000066740-22-000010,stockholders_equity,StockholdersEquity,USD,15046000000.0
0000066740_0000066740-22-000010,66740,3M Company,MMM,2021-12-31,2022-02-09,0000066740-22-000010,operating_cash_flow,NetCashProvidedByUsedInOperatingActivities,USD,7454000000.0
0000066740_0000066740-23-000014,66740,3M Company,MMM,2022-12-31,2023-02-08,0000066740-23-000014,revenue,RevenueFromContractWithCustomerExcludingAssessedTax,USD,34229000000.0
0000066740_0000066740-23-000014,66740,3M Company,MMM,2022-12-31,2023-02-08,0000066740-23-000014,operating_income,OperatingIncomeLoss,USD,6539000000.0
0000066740_0000066740-23-000014,66740,3M Company,MMM,2022-12-31,2023-02-08,0000066740-23-000014,net_income,NetIncomeLoss,USD,5777000000.0
0000066740_0000066740-23-000014,66740,3M Company,MMM,2022-12-31,2023-02-08,0000066740-23-000014,eps_diluted,EarningsPerShareDiluted,USD/shares,10.18
0000066740_0000066740-23-000014,66740,3M Company,MMM,2022-12-31,2023-02-08,0000066740-23-000014,total_assets,Assets,USD,46455000000.0
0000066740_0000066740-23-000014,66740,3M Company,MMM,2022-12-31,2023-02-08,0000066740-23-000014,total_liabilities,Liabilities,USD,31685000000.0
0000066740_0000066740-23-000014,66740,3M Company,MMM,2022-12-31,2023-02-08,0000066740-23-000014,stockholders_equity,StockholdersEquity,USD,14722000000.0
0000066740_0000066740-23-000014,66740,3M Company,MMM,2022-12-31,2023-02-08,0000066740-23-000014,operating_cash_flow,NetCashProvidedByUsedInOperatingActivities,USD,5591000000.0
0000066740_0000066740-24-000016,66740,3M Company,MMM,2023-12-31,2024-02-07,0000066740-24-000016,revenue,Revenues,USD,32681000000.0
0000066740_0000066740-24-000016,66740,3M Company,MMM,2023-12-31,2024-02-07,0000066740-24-000016,operating_income,OperatingIncomeLoss,USD,-9128000000.0
0000066740_0000066740-24-000016,66740,3M Company,MMM,2023-12-31,2024-02-07,0000066740-24-000016,net_income,NetIncomeLoss,USD,-6995000000.0
0000066740_0000066740-24-000016,66740,3M Company,MMM,2023-12-31,2024-02-07,0000066740-24-000016,eps_diluted,EarningsPerShareDiluted,USD/shares,-12.63
0000066740_0000066740-24-000016,66740,3M Company,MMM,2023-12-31,2024-02-07,0000066740-24-000016,total_assets,Assets,USD,50580000000.0
0000066740_0000066740-24-000016,66740,3M Company,MMM,2023-12-31,2024-02-07,0000066740-24-000016,total_liabilities,Liabilities,USD,45712000000.0
0000066740_0000066740-24-000016,66740,3M Company,MMM,2023-12-31,2024-02-07,0000066740-24-000016,stockholders_equity,StockholdersEquity,USD,4807000000.0
0000066740_0000066740-24-000016,66740,3M Company,MMM,2023-12-31,2024-02-07,0000066740-24-000016,cash_and_equivalents,CashCashEquivalentsRestrictedCashAndRestrictedCashEquivalents,USD,5933000000.0
0000066740_0000066740-24-000016,66740,3M Company,MMM,2023-12-31,2024-02-07,0000066740-24-000016,operating_cash_flow,NetCashProvidedByUsedInOperatingActivities,USD,6680000000.0
0000066740_0000066740-25-000006,66740,3M Company,MMM,2024-12-31,2025-02-05,0000066740-25-000006,revenue,RevenueFromContractWithCustomerExcludingAssessedTax,USD,24575000000.0
0000066740_0000066740-25-000006,66740,3M Company,MMM,2024-12-31,2025-02-05,0000066740-25-000006,operating_income,OperatingIncomeLoss,USD,4822000000.0
0000066740_0000066740-25-000006,66740,3M Company,MMM,2024-12-31,2025-02-05,0000066740-25-000006,net_income,NetIncomeLoss,USD,4173000000.0
0000066740_0000066740-25-000006,66740,3M Company,MMM,2024-12-31,2025-02-05,0000066740-25-000006,eps_diluted,EarningsPerShareDiluted,USD/shares,7.55
0000066740_0000066740-25-000006,66740,3M Company,MMM,2024-12-31,2025-02-05,0000066740-25-000006,total_assets,Assets,USD,39868000000.0
0000066740_0000066740-25-000006,66740,3M Company,MMM,2024-12-31,2025-02-05,0000066740-25-000006,total_liabilities,Liabilities,USD,35974000000.0
0000066740_0000066740-25-000006,66740,3M Company,MMM,2024-12-31,2025-02-05,0000066740-25-000006,stockholders_equity,StockholdersEquity,USD,3842000000.0
0000066740_0000066740-25-000006,66740,3M Company,MMM,2024-12-31,2025-02-05,0000066740-25-000006,cash_and_equivalents,CashCashEquivalentsRestrictedCashAndRestrictedCashEquivalents,USD,5600000000.0
0000066740_0000066740-25-000006,66740,3M Company,MMM,2024-12-31,2025-02-05,0000066740-25-000006,operating_cash_flow,NetCashProvidedByUsedInOperatingActivities,USD,1819000000.0
0000077476_0000077476-20-000015,77476,"PepsiCo, Inc.",PEP,2019-12-28,2020-02-13,0000077476-20-000015,revenue,Revenues,USD,67161000000.0
0000077476_0000077476-20-000015,77476,"PepsiCo, Inc.",PEP,2019-12-28,2020-02-13,0000077476-20-000015,operating_income,OperatingIncomeLoss,USD,10291000000.0
0000077476_0000077476-20-000015,77476,"PepsiCo, Inc.",PEP,2019-12-28,2020-02-13,0000077476-20-000015,net_income,NetIncomeLoss,USD,7314000000.0
0000077476_0000077476-20-000015,77476,"PepsiCo, Inc.",PEP,2019-12-28,2020-02-13,0000077476-20-000015,eps_diluted,EarningsPerShareDiluted,USD/shares,5.2
0000077476_0000077476-20-000015,77476,"PepsiCo, Inc.",PEP,2019-12-28,2020-02-13,0000077476-20-000015,total_assets,Assets,USD,78547000000.0
0000077476_0000077476-20-000015,77476,"PepsiCo, Inc.",PEP,2019-12-28,2020-02-13,0000077476-20-000015,total_liabilities,Liabilities,USD,63679000000.0
0000077476_0000077476-20-000015,77476,"PepsiCo, Inc.",PEP,2019-12-28,2020-02-13,0000077476-20-000015,stockholders_equity,StockholdersEquity,USD,14786000000.0
0000077476_0000077476-20-000015,77476,"PepsiCo, Inc.",PEP,2019-12-28,2020-02-13,0000077476-20-000015,cash_and_equivalents,CashAndCashEquivalentsAtCarryingValue,USD,5509000000.0
0000077476_0000077476-20-000015,77476,"PepsiCo, Inc.",PEP,2019-12-28,2020-02-13,0000077476-20-000015,operating_cash_flow,NetCashProvidedByUsedInOperatingActivities,USD,9649000000.0
0000077476_0000077476-21-000007,77476,"PepsiCo, Inc.",PEP,2020-12-26,2021-02-11,0000077476-21-000007,revenue,Revenues,USD,70372000000.0
0000077476_0000077476-21-000007,77476,"PepsiCo, Inc.",PEP,2020-12-26,2021-02-11,0000077476-21-000007,operating_income,OperatingIncomeLoss,USD,10080000000.0
0000077476_0000077476-21-000007,77476,"PepsiCo, Inc.",PEP,2020-12-26,2021-02-11,0000077476-21-000007,net_income,NetIncomeLoss,USD,7120000000.0
0000077476_0000077476-21-000007,77476,"PepsiCo, Inc.",PEP,2020-12-26,2021-02-11,0000077476-21-000007,eps_diluted,EarningsPerShareDiluted,USD/shares,5.12
0000077476_0000077476-21-000007,77476,"PepsiCo, Inc.",PEP,2020-12-26,2021-02-11,0000077476-21-000007,total_assets,Assets,USD,92918000000.0
0000077476_0000077476-21-000007,77476,"PepsiCo, Inc.",PEP,2020-12-26,2021-02-11,0000077476-21-000007,total_liabilities,Liabilities,USD,79366000000.0
0000077476_0000077476-21-000007,77476,"PepsiCo, Inc.",PEP,2020-12-26,2021-02-11,0000077476-21-000007,stockholders_equity,StockholdersEquity,USD,13454000000.0
0000077476_0000077476-21-000007,77476,"PepsiCo, Inc.",PEP,2020-12-26,2021-02-11,0000077476-21-000007,cash_and_equivalents,CashAndCashEquivalentsAtCarryingValue,USD,8185000000.0
0000077476_0000077476-21-000007,77476,"PepsiCo, Inc.",PEP,2020-12-26,2021-02-11,0000077476-21-000007,operating_cash_flow,NetCashProvidedByUsedInOperatingActivities,USD,10613000000.0
0000077476_0000077476-22-000010,77476,"PepsiCo, Inc.",PEP,2021-12-25,2022-02-10,0000077476-22-000010,revenue,Revenues,USD,79474000000.0
0000077476_0000077476-22-000010,77476,"PepsiCo, Inc.",PEP,2021-12-25,2022-02-10,0000077476-22-000010,operating_income,OperatingIncomeLoss,USD,11162000000.0
0000077476_0000077476-22-000010,77476,"PepsiCo, Inc.",PEP,2021-12-25,2022-02-10,0000077476-22-000010,net_income,NetIncomeLoss,USD,7618000000.0
0000077476_0000077476-22-000010,77476,"PepsiCo, Inc.",PEP,2021-12-25,2022-02-10,0000077476-22-000010,eps_diluted,EarningsPerShareDiluted,USD/shares,5.49
0000077476_0000077476-22-000010,77476,"PepsiCo, Inc.",PEP,2021-12-25,2022-02-10,0000077476-22-000010,total_assets,Assets,USD,92377000000.0
0000077476_0000077476-22-000010,77476,"PepsiCo, Inc.",PEP,2021-12-25,2022-02-10,0000077476-22-000010,total_liabilities,Liabilities,USD,76226000000.0
0000077476_0000077476-22-000010,77476,"PepsiCo, Inc.",PEP,2021-12-25,2022-02-10,0000077476-22-000010,stockholders_equity,StockholdersEquity,USD,16043000000.0
0000077476_0000077476-22-000010,77476,"PepsiCo, Inc.",PEP,2021-12-25,2022-02-10,0000077476-22-000010,cash_and_equivalents,CashAndCashEquivalentsAtCarryingValue,USD,5596000000.0
0000077476_0000077476-22-000010,77476,"PepsiCo, Inc.",PEP,2021-12-25,2022-02-10,0000077476-22-000010,operating_cash_flow,NetCashProvidedByUsedInOperatingActivities,USD,11616000000.0
0000077476_0000077476-23-000007,77476,"PepsiCo, Inc.",PEP,2022-12-31,2023-02-09,0000077476-23-000007,revenue,Revenues,USD,86392000000.0
0000077476_0000077476-23-000007,77476,"PepsiCo, Inc.",PEP,2022-12-31,2023-02-09,0000077476-23-000007,operating_income,OperatingIncomeLoss,USD,11512000000.0
0000077476_0000077476-23-000007,77476,"PepsiCo, Inc.",PEP,2022-12-31,2023-02-09,0000077476-23-000007,net_income,NetIncomeLoss,USD,8910000000.0
0000077476_0000077476-23-000007,77476,"PepsiCo, Inc.",PEP,2022-12-31,2023-02-09,0000077476-23-000007,eps_diluted,EarningsPerShareDiluted,USD/shares,6.42
0000077476_0000077476-23-000007,77476,"PepsiCo, Inc.",PEP,2022-12-31,2023-02-09,0000077476-23-000007,total_assets,Assets,USD,92187000000.0
0000077476_0000077476-23-000007,77476,"PepsiCo, Inc.",PEP,2022-12-31,2023-02-09,0000077476-23-000007,total_liabilities,Liabilities,USD,74914000000.0
0000077476_0000077476-23-000007,77476,"PepsiCo, Inc.",PEP,2022-12-31,2023-02-09,0000077476-23-000007,stockholders_equity,StockholdersEquity,USD,17149000000.0
0000077476_0000077476-23-000007,77476,"PepsiCo, Inc.",PEP,2022-12-31,2023-02-09,0000077476-23-000007,cash_and_equivalents,CashAndCashEquivalentsAtCarryingValue,USD,4954000000.0
0000077476_0000077476-23-000007,77476,"PepsiCo, Inc.",PEP,2022-12-31,2023-02-09,0000077476-23-000007,operating_cash_flow,NetCashProvidedByUsedInOperatingActivities,USD,10811000000.0
0000077476_0000077476-24-000008,77476,"PepsiCo, Inc.",PEP,2023-12-30,2024-02-09,0000077476-24-000008,revenue,Revenues,USD,91471000000.0
0000077476_0000077476-24-000008,77476,"PepsiCo, Inc.",PEP,2023-12-30,2024-02-09,0000077476-24-000008,operating_income,OperatingIncomeLoss,USD,11986000000.0
0000077476_0000077476-24-000008,77476,"PepsiCo, Inc.",PEP,2023-12-30,2024-02-09,0000077476-24-000008,net_income,NetIncomeLoss,USD,9074000000.0
0000077476_0000077476-24-000008,77476,"PepsiCo, Inc.",PEP,2023-12-30,2024-02-09,0000077476-24-000008,eps_diluted,EarningsPerShareDiluted,USD/shares,6.56
0000077476_0000077476-24-000008,77476,"PepsiCo, Inc.",PEP,2023-12-30,2024-02-09,0000077476-24-000008,total_assets,Assets,USD,100495000000.0
0000077476_0000077476-24-000008,77476,"PepsiCo, Inc.",PEP,2023-12-30,2024-02-09,0000077476-24-000008,total_liabilities,Liabilities,USD,81858000000.0
0000077476_0000077476-24-000008,77476,"PepsiCo, Inc.",PEP,2023-12-30,2024-02-09,0000077476-24-000008,stockholders_equity,StockholdersEquity,USD,18503000000.0
0000077476_0000077476-24-000008,77476,"PepsiCo, Inc.",PEP,2023-12-30,2024-02-09,0000077476-24-000008,cash_and_equivalents,CashAndCashEquivalentsAtCarryingValue,USD,9711000000.0
0000077476_0000077476-24-000008,77476,"PepsiCo, Inc.",PEP,2023-12-30,2024-02-09,0000077476-24-000008,operating_cash_flow,NetCashProvidedByUsedInOperatingActivities,USD,13442000000.0
0000077476_0000077476-25-000007,77476,"PepsiCo, Inc.",PEP,2024-12-28,2025-02-04,0000077476-25-000007,revenue,Revenues,USD,91854000000.0
0000077476_0000077476-25-000007,77476,"PepsiCo, Inc.",PEP,2024-12-28,2025-02-04,0000077476-25-000007,operating_income,OperatingIncomeLoss,USD,12887000000.0
0000077476_0000077476-25-000007,77476,"PepsiCo, Inc.",PEP,2024-12-28,2025-02-04,0000077476-25-000007,net_income,NetIncomeLoss,USD,9578000000.0
0000077476_0000077476-25-000007,77476,"PepsiCo, Inc.",PEP,2024-12-28,2025-02-04,0000077476-25-000007,eps_diluted,EarningsPerShareDiluted,USD/shares,6.95
0000077476_0000077476-25-000007,77476,"PepsiCo, Inc.",PEP,2024-12-28,2025-02-04,0000077476-25-000007,total_assets,Assets,USD,99467000000.0
0000077476_0000077476-25-000007,77476,"PepsiCo, Inc.",PEP,2024-12-28,2025-02-04,0000077476-25-000007,total_liabilities,Liabilities,USD,81296000000.0
0000077476_0000077476-25-000007,77476,"PepsiCo, Inc.",PEP,2024-12-28,2025-02-04,0000077476-25-000007,stockholders_equity,StockholdersEquity,USD,18041000000.0
0000077476_0000077476-25-000007,77476,"PepsiCo, Inc.",PEP,2024-12-28,2025-02-04,0000077476-25-000007,cash_and_equivalents,CashAndCashEquivalentsAtCarryingValue,USD,8505000000.0
0000077476_0000077476-25-000007,77476,"PepsiCo, Inc.",PEP,2024-12-28,2025-02-04,0000077476-25-000007,operating_cash_flow,NetCashProvidedByUsedInOperatingActivities,USD,12507000000.0
0000078003_0000078003-20-000014,78003,Pfizer Inc.,PFE,2019-12-31,2020-02-27,0000078003-20-000014,revenue,RevenueFromContractWithCustomerExcludingAssessedTax,USD,51750000000.0
0000078003_0000078003-20-000014,78003,Pfizer Inc.,PFE,2019-12-31,2020-02-27,0000078003-20-000014,net_income,NetIncomeLoss,USD,16273000000.0
0000078003_0000078003-20-000014,78003,Pfizer Inc.,PFE,2019-12-31,2020-02-27,0000078003-20-000014,eps_diluted,EarningsPerShareDiluted,USD/shares,2.87
0000078003_0000078003-20-000014,78003,Pfizer Inc.,PFE,2019-12-31,2020-02-27,0000078003-20-000014,total_assets,Assets,USD,167489000000.0
0000078003_0000078003-20-000014,78003,Pfizer Inc.,PFE,2019-12-31,2020-02-27,0000078003-20-000014,total_liabilities,Liabilities,USD,104042000000.0
0000078003_0000078003-20-000014,78003,Pfizer Inc.,PFE,2019-12-31,2020-02-27,0000078003-20-000014,stockholders_equity,StockholdersEquity,USD,63143000000.0
0000078003_0000078003-20-000014,78003,Pfizer Inc.,PFE,2019-12-31,2020-02-27,0000078003-20-000014,cash_and_equivalents,CashAndCashEquivalentsAtCarryingValue,USD,1305000000.0
0000078003_0000078003-20-000014,78003,Pfizer Inc.,PFE,2019-12-31,2020-02-27,0000078003-20-000014,operating_cash_flow,NetCashProvidedByUsedInOperatingActivities,USD,12588000000.0
0000078003_0000078003-21-000038,78003,Pfizer Inc.,PFE,2020-12-31,2021-02-25,0000078003-21-000038,revenue,RevenueFromContractWithCustomerExcludingAssessedTax,USD,41908000000.0
0000078003_0000078003-21-000038,78003,Pfizer Inc.,PFE,2020-12-31,2021-02-25,0000078003-21-000038,net_income,NetIncomeLoss,USD,9616000000.0
0000078003_0000078003-21-000038,78003,Pfizer Inc.,PFE,2020-12-31,2021-02-25,0000078003-21-000038,eps_diluted,EarningsPerShareDiluted,USD/shares,1.71
0000078003_0000078003-21-000038,78003,Pfizer Inc.,PFE,2020-12-31,2021-02-25,0000078003-21-000038,total_assets,Assets,USD,154229000000.0
0000078003_0000078003-21-000038,78003,Pfizer Inc.,PFE,2020-12-31,2021-02-25,0000078003-21-000038,total_liabilities,Liabilities,USD,90756000000.0
0000078003_0000078003-21-000038,78003,Pfizer Inc.,PFE,2020-12-31,2021-02-25,0000078003-21-000038,stockholders_equity,StockholdersEquity,USD,63238000000.0
0000078003_0000078003-21-000038,78003,Pfizer Inc.,PFE,2020-12-31,2021-02-25,0000078003-21-000038,cash_and_equivalents,CashAndCashEquivalentsAtCarryingValue,USD,1784000000.0
0000078003_0000078003-21-000038,78003,Pfizer Inc.,PFE,2020-12-31,2021-02-25,0000078003-21-000038,operating_cash_flow,NetCashProvidedByUsedInOperatingActivities,USD,14403000000.0
0000078003_0000078003-22-000027,78003,Pfizer Inc.,PFE,2021-12-31,2022-02-24,0000078003-22-000027,revenue,RevenueFromContractWithCustomerExcludingAssessedTax,USD,81288000000.0
0000078003_0000078003-22-000027,78003,Pfizer Inc.,PFE,2021-12-31,2022-02-24,0000078003-22-000027,net_income,NetIncomeLoss,USD,21979000000.0
0000078003_0000078003-22-000027,78003,Pfizer Inc.,PFE,2021-12-31,2022-02-24,0000078003-22-000027,eps_diluted,EarningsPerShareDiluted,USD/shares,3.85
0000078003_0000078003-22-000027,78003,Pfizer Inc.,PFE,2021-12-31,2022-02-24,0000078003-22-000027,total_assets,Assets,USD,181476000000.0
0000078003_0000078003-22-000027,78003,Pfizer Inc.,PFE,2021-12-31,2022-02-24,0000078003-22-000027,total_liabilities,Liabilities,USD,104013000000.0
0000078003_0000078003-22-000027,78003,Pfizer Inc.,PFE,2021-12-31,2022-02-24,0000078003-22-000027,stockholders_equity,StockholdersEquity,USD,77201000000.0
0000078003_0000078003-22-000027,78003,Pfizer Inc.,PFE,2021-12-31,2022-02-24,0000078003-22-000027,cash_and_equivalents,CashAndCashEquivalentsAtCarryingValue,USD,1944000000.0
0000078003_0000078003-22-000027,78003,Pfizer Inc.,PFE,2021-12-31,2022-02-24,0000078003-22-000027,operating_cash_flow,NetCashProvidedByUsedInOperatingActivities,USD,32580000000.0
0000078003_0000078003-23-000024,78003,Pfizer Inc.,PFE,2022-12-31,2023-02-23,0000078003-23-000024,revenue,Revenues,USD,100330000000.0
0000078003_0000078003-23-000024,78003,Pfizer Inc.,PFE,2022-12-31,2023-02-23,0000078003-23-000024,net_income,NetIncomeLoss,USD,31372000000.0
0000078003_0000078003-23-000024,78003,Pfizer Inc.,PFE,2022-12-31,2023-02-23,0000078003-23-000024,eps_diluted,EarningsPerShareDiluted,USD/shares,5.47
0000078003_0000078003-23-000024,78003,Pfizer Inc.,PFE,2022-12-31,2023-02-23,0000078003-23-000024,total_assets,Assets,USD,197205000000.0
0000078003_0000078003-23-000024,78003,Pfizer Inc.,PFE,2022-12-31,2023-02-23,0000078003-23-000024,total_liabilities,Liabilities,USD,101288000000.0
0000078003_0000078003-23-000024,78003,Pfizer Inc.,PFE,2022-12-31,2023-02-23,0000078003-23-000024,stockholders_equity,StockholdersEquity,USD,95661000000.0
0000078003_0000078003-23-000024,78003,Pfizer Inc.,PFE,2022-12-31,2023-02-23,0000078003-23-000024,cash_and_equivalents,CashAndCashEquivalentsAtCarryingValue,USD,416000000.0
0000078003_0000078003-23-000024,78003,Pfizer Inc.,PFE,2022-12-31,2023-02-23,0000078003-23-000024,operating_cash_flow,NetCashProvidedByUsedInOperatingActivities,USD,29267000000.0
0000078003_0000078003-24-000039,78003,Pfizer Inc.,PFE,2023-12-31,2024-02-22,0000078003-24-000039,revenue,RevenueFromContractWithCustomerExcludingAssessedTax,USD,50914000000.0
0000078003_0000078003-24-000039,78003,Pfizer Inc.,PFE,2023-12-31,2024-02-22,0000078003-24-000039,net_income,NetIncomeLoss,USD,2119000000.0
0000078003_0000078003-24-000039,78003,Pfizer Inc.,PFE,2023-12-31,2024-02-22,0000078003-24-000039,eps_diluted,EarningsPerShareDiluted,USD/shares,0.37
0000078003_0000078003-24-000039,78003,Pfizer Inc.,PFE,2023-12-31,2024-02-22,0000078003-24-000039,total_assets,Assets,USD,226501000000.0
0000078003_0000078003-24-000039,78003,Pfizer Inc.,PFE,2023-12-31,2024-02-22,0000078003-24-000039,total_liabilities,Liabilities,USD,137213000000.0
0000078003_0000078003-24-000039,78003,Pfizer Inc.,PFE,2023-12-31,2024-02-22,0000078003-24-000039,stockholders_equity,StockholdersEquity,USD,89014000000.0
0000078003_0000078003-24-000039,78003,Pfizer Inc.,PFE,2023-12-31,2024-02-22,0000078003-24-000039,cash_and_equivalents,CashAndCashEquivalentsAtCarryingValue,USD,2853000000.0
0000078003_0000078003-24-000039,78003,Pfizer Inc.,PFE,2023-12-31,2024-02-22,0000078003-24-000039,operating_cash_flow,NetCashProvidedByUsedInOperatingActivities,USD,8700000000.0
0000078003_0000078003-25-000054,78003,Pfizer Inc.,PFE,2024-12-31,2025-02-27,0000078003-25-000054,revenue,Revenues,USD,63627000000.0
0000078003_0000078003-25-000054,78003,Pfizer Inc.,PFE,2024-12-31,2025-02-27,0000078003-25-000054,net_income,NetIncomeLoss,USD,8031000000.0
0000078003_0000078003-25-000054,78003,Pfizer Inc.,PFE,2024-12-31,2025-02-27,0000078003-25-000054,eps_diluted,EarningsPerShareDiluted,USD/shares,1.41
0000078003_0000078003-25-000054,78003,Pfizer Inc.,PFE,2024-12-31,2025-02-27,0000078003-25-000054,total_assets,Assets,USD,213396000000.0
0000078003_0000078003-25-000054,78003,Pfizer Inc.,PFE,2024-12-31,2025-02-27,0000078003-25-000054,total_liabilities,Liabilities,USD,124899000000.0
0000078003_0000078003-25-000054,78003,Pfizer Inc.,PFE,2024-12-31,2025-02-27,0000078003-25-000054,stockholders_equity,StockholdersEquity,USD,88203000000.0
0000078003_0000078003-25-000054,78003,Pfizer Inc.,PFE,2024-12-31,2025-02-27,0000078003-25-000054,cash_and_equivalents,CashAndCashEquivalentsAtCarryingValue,USD,1043000000.0
0000078003_0000078003-25-000054,78003,Pfizer Inc.,PFE,2024-12-31,2025-02-27,0000078003-25-000054,operating_cash_flow,NetCashProvidedByUsedInOperatingActivities,USD,12744000000.0
0000080424_0000080424-19-000050,80424,The Procter & Gamble Company,PG,2019-06-30,2019-08-06,0000080424-19-000050,revenue,Revenues,USD,67684000000.0
0000080424_0000080424-19-000050,80424,The Procter & Gamble Company,PG,2019-06-30,2019-08-06,0000080424-19-000050,operating_income,OperatingIncomeLoss,USD,5487000000.0
0000080424_0000080424-19-000050,80424,The Procter & Gamble Company,PG,2019-06-30,2019-08-06,0000080424-19-000050,net_income,NetIncomeLoss,USD,3897000000.0
0000080424_0000080424-19-000050,80424,The Procter & Gamble Company,PG,2019-06-30,2019-08-06,0000080424-19-000050,eps_diluted,EarningsPerShareDiluted,USD/shares,1.43
0000080424_0000080424-19-000050,80424,The Procter & Gamble Company,PG,2019-06-30,2019-08-06,0000080424-19-000050,total_assets,Assets,USD,115095000000.0
0000080424_0000080424-19-000050,80424,The Procter & Gamble Company,PG,2019-06-30,2019-08-06,0000080424-19-000050,total_liabilities,Liabilities,USD,67516000000.0
0000080424_0000080424-19-000050,80424,The Procter & Gamble Company,PG,2019-06-30,2019-08-06,0000080424-19-000050,stockholders_equity,StockholdersEquityIncludingPortionAttributableToNoncontrollingInterest,USD,47579000000.0
0000080424_0000080424-19-000050,80424,The Procter & Gamble Company,PG,2019-06-30,2019-08-06,0000080424-19-000050,cash_and_equivalents,CashAndCashEquivalentsAtCarryingValue,USD,4239000000.0
0000080424_0000080424-19-000050,80424,The Procter & Gamble Company,PG,2019-06-30,2019-08-06,0000080424-19-000050,operating_cash_flow,NetCashProvidedByUsedInOperatingActivities,USD,15242000000.0
0000080424_0000080424-20-000053,80424,The Procter & Gamble Company,PG,2020-06-30,2020-08-06,0000080424-20-000053,revenue,Revenues,USD,70950000000.0
0000080424_0000080424-20-000053,80424,The Procter & Gamble Company,PG,2020-06-30,2020-08-06,0000080424-20-000053,operating_income,OperatingIncomeLoss,USD,15706000000.0
0000080424_0000080424-20-000053,80424,The Procter & Gamble Company,PG,2020-06-30,2020-08-06,0000080424-20-000053,net_income,NetIncomeLoss,USD,13027000000.0
0000080424_0000080424-20-000053,80424,The Procter & Gamble Company,PG,2020-06-30,2020-08-06,0000080424-20-000053,eps_diluted,EarningsPerShareDiluted,USD/shares,4.96
0000080424_0000080424-20-000053,80424,The Procter & Gamble Company,PG,2020-06-30,2020-08-06,0000080424-20-000053,total_assets,Assets,USD,120700000000.0
0000080424_0000080424-20-000053,80424,The Procter & Gamble Company,PG,2020-06-30,2020-08-06,0000080424-20-000053,total_liabilities,Liabilities,USD,73822000000.0
0000080424_0000080424-20-000053,80424,The Procter & Gamble Company,PG,2020-06-30,2020-08-06,0000080424-20-000053,stockholders_equity,StockholdersEquityIncludingPortionAttributableToNoncontrollingInterest,USD,46878000000.0
0000080424_0000080424-20-000053,80424,The Procter & Gamble Company,PG,2020-06-30,2020-08-06,0000080424-20-000053,cash_and_equivalents,CashCashEquivalentsRestrictedCashAndRestrictedCashEquivalents,USD,16181000000.0
0000080424_0000080424-20-000053,80424,The Procter & Gamble Company,PG,2020-06-30,2020-08-06,0000080424-20-000053,operating_cash_flow,NetCashProvidedByUsedInOperatingActivities,USD,17403000000.0
0000080424_0000080424-21-000100,80424,The Procter & Gamble Company,PG,2021-06-30,2021-08-06,0000080424-21-000100,revenue,Revenues,USD,76118000000.0
0000080424_0000080424-21-000100,80424,The Procter & Gamble Company,PG,2021-06-30,2021-08-06,0000080424-21-000100,operating_income,OperatingIncomeLoss,USD,17986000000.0
0000080424_0000080424-21-000100,80424,The Procter & Gamble Company,PG,2021-06-30,2021-08-06,0000080424-21-000100,net_income,NetIncomeLoss,USD,14306000000.0
0000080424_0000080424-21-000100,80424,The Procter & Gamble Company,PG,2021-06-30,2021-08-06,0000080424-21-000100,eps_diluted,EarningsPerShareDiluted,USD/shares,5.5
0000080424_0000080424-21-000100,80424,The Procter & Gamble Company,PG,2021-06-30,2021-08-06,0000080424-21-000100,total_assets,Assets,USD,119307000000.0
0000080424_0000080424-21-000100,80424,The Procter & Gamble Company,PG,2021-06-30,2021-08-06,0000080424-21-000100,total_liabilities,Liabilities,USD,72653000000.0
0000080424_0000080424-21-000100,80424,The Procter & Gamble Company,PG,2021-06-30,2021-08-06,0000080424-21-000100,stockholders_equity,StockholdersEquityIncludingPortionAttributableToNoncontrollingInterest,USD,46654000000.0
0000080424_0000080424-21-000100,80424,The Procter & Gamble Company,PG,2021-06-30,2021-08-06,0000080424-21-000100,cash_and_equivalents,CashCashEquivalentsRestrictedCashAndRestrictedCashEquivalents,USD,10288000000.0
0000080424_0000080424-21-000100,80424,The Procter & Gamble Company,PG,2021-06-30,2021-08-06,0000080424-21-000100,operating_cash_flow,NetCashProvidedByUsedInOperatingActivities,USD,18371000000.0
0000080424_0000080424-22-000064,80424,The Procter & Gamble Company,PG,2022-06-30,2022-08-05,0000080424-22-000064,revenue,Revenues,USD,80187000000.0
0000080424_0000080424-22-000064,80424,The Procter & Gamble Company,PG,2022-06-30,2022-08-05,0000080424-22-000064,operating_income,OperatingIncomeLoss,USD,17813000000.0
0000080424_0000080424-22-000064,80424,The Procter & Gamble Company,PG,2022-06-30,2022-08-05,0000080424-22-000064,net_income,NetIncomeLoss,USD,14742000000.0
0000080424_0000080424-22-000064,80424,The Procter & Gamble Company,PG,2022-06-30,2022-08-05,0000080424-22-000064,eps_diluted,EarningsPerShareDiluted,USD/shares,5.81
0000080424_0000080424-22-000064,80424,The Procter & Gamble Company,PG,2022-06-30,2022-08-05,0000080424-22-000064,total_assets,Assets,USD,117208000000.0
0000080424_0000080424-22-000064,80424,The Procter & Gamble Company,PG,2022-06-30,2022-08-05,0000080424-22-000064,total_liabilities,Liabilities,USD,70354000000.0
0000080424_0000080424-22-000064,80424,The Procter & Gamble Company,PG,2022-06-30,2022-08-05,0000080424-22-000064,stockholders_equity,StockholdersEquityIncludingPortionAttributableToNoncontrollingInterest,USD,46854000000.0
0000080424_0000080424-22-000064,80424,The Procter & Gamble Company,PG,2022-06-30,2022-08-05,0000080424-22-000064,cash_and_equivalents,CashCashEquivalentsRestrictedCashAndRestrictedCashEquivalents,USD,7214000000.0
0000080424_0000080424-22-000064,80424,The Procter & Gamble Company,PG,2022-06-30,2022-08-05,0000080424-22-000064,operating_cash_flow,NetCashProvidedByUsedInOperatingActivities,USD,16723000000.0
0000080424_0000080424-23-000073,80424,The Procter & Gamble Company,PG,2023-06-30,2023-08-04,0000080424-23-000073,revenue,Revenues,USD,82006000000.0
0000080424_0000080424-23-000073,80424,The Procter & Gamble Company,PG,2023-06-30,2023-08-04,0000080424-23-000073,operating_income,OperatingIncomeLoss,USD,18134000000.0
0000080424_0000080424-23-000073,80424,The Procter & Gamble Company,PG,2023-06-30,2023-08-04,0000080424-23-000073,net_income,NetIncomeLoss,USD,14653000000.0
0000080424_0000080424-23-000073,80424,The Procter & Gamble Company,PG,2023-06-30,2023-08-04,0000080424-23-000073,eps_diluted,EarningsPerShareDiluted,USD/shares,5.9
0000080424_0000080424-23-000073,80424,The Procter & Gamble Company,PG,2023-06-30,2023-08-04,0000080424-23-000073,total_assets,Assets,USD,120829000000.0
0000080424_0000080424-23-000073,80424,The Procter & Gamble Company,PG,2023-06-30,2023-08-04,0000080424-23-000073,total_liabilities,Liabilities,USD,73764000000.0
0000080424_0000080424-23-000073,80424,The Procter & Gamble Company,PG,2023-06-30,2023-08-04,0000080424-23-000073,stockholders_equity,StockholdersEquityIncludingPortionAttributableToNoncontrollingInterest,USD,47065000000.0
0000080424_0000080424-23-000073,80424,The Procter & Gamble Company,PG,2023-06-30,2023-08-04,0000080424-23-000073,cash_and_equivalents,CashCashEquivalentsRestrictedCashAndRestrictedCashEquivalents,USD,8246000000.0
0000080424_0000080424-23-000073,80424,The Procter & Gamble Company,PG,2023-06-30,2023-08-04,0000080424-23-000073,operating_cash_flow,NetCashProvidedByUsedInOperatingActivities,USD,16848000000.0
0000080424_0000080424-24-000083,80424,The Procter & Gamble Company,PG,2024-06-30,2024-08-05,0000080424-24-000083,revenue,Revenues,USD,84039000000.0
0000080424_0000080424-24-000083,80424,The Procter & Gamble Company,PG,2024-06-30,2024-08-05,0000080424-24-000083,operating_income,OperatingIncomeLoss,USD,18545000000.0
0000080424_0000080424-24-000083,80424,The Procter & Gamble Company,PG,2024-06-30,2024-08-05,0000080424-24-000083,net_income,NetIncomeLoss,USD,14879000000.0
0000080424_0000080424-24-000083,80424,The Procter & Gamble Company,PG,2024-06-30,2024-08-05,0000080424-24-000083,eps_diluted,EarningsPerShareDiluted,USD/shares,6.02
0000080424_0000080424-24-000083,80424,The Procter & Gamble Company,PG,2024-06-30,2024-08-05,0000080424-24-000083,total_assets,Assets,USD,122370000000.0
0000080424_0000080424-24-000083,80424,The Procter & Gamble Company,PG,2024-06-30,2024-08-05,0000080424-24-000083,total_liabilities,Liabilities,USD,71811000000.0
0000080424_0000080424-24-000083,80424,The Procter & Gamble Company,PG,2024-06-30,2024-08-05,0000080424-24-000083,stockholders_equity,StockholdersEquityIncludingPortionAttributableToNoncontrollingInterest,USD,50559000000.0
0000080424_0000080424-24-000083,80424,The Procter & Gamble Company,PG,2024-06-30,2024-08-05,0000080424-24-000083,cash_and_equivalents,CashCashEquivalentsRestrictedCashAndRestrictedCashEquivalents,USD,9482000000.0
0000080424_0000080424-24-000083,80424,The Procter & Gamble Company,PG,2024-06-30,2024-08-05,0000080424-24-000083,operating_cash_flow,NetCashProvidedByUsedInOperatingActivities,USD,19846000000.0
0000104169_0000104169-19-000016,104169,Walmart Inc.,WMT,2019-01-31,2019-03-28,0000104169-19-000016,revenue,RevenueFromContractWithCustomerExcludingAssessedTax,USD,510329000000.0
0000104169_0000104169-19-000016,104169,Walmart Inc.,WMT,2019-01-31,2019-03-28,0000104169-19-000016,operating_income,OperatingIncomeLoss,USD,21957000000.0
0000104169_0000104169-19-000016,104169,Walmart Inc.,WMT,2019-01-31,2019-03-28,0000104169-19-000016,net_income,NetIncomeLoss,USD,6670000000.0
0000104169_0000104169-19-000016,104169,Walmart Inc.,WMT,2019-01-31,2019-03-28,0000104169-19-000016,eps_diluted,EarningsPerShareDiluted,USD/shares,2.26
0000104169_0000104169-19-000016,104169,Walmart Inc.,WMT,2019-01-31,2019-03-28,0000104169-19-000016,total_assets,Assets,USD,219295000000.0
0000104169_0000104169-19-000016,104169,Walmart Inc.,WMT,2019-01-31,2019-03-28,0000104169-19-000016,stockholders_equity,StockholdersEquity,USD,72496000000.0
0000104169_0000104169-19-000016,104169,Walmart Inc.,WMT,2019-01-31,2019-03-28,0000104169-19-000016,cash_and_equivalents,CashAndCashEquivalentsAtCarryingValue,USD,7722000000.0
0000104169_0000104169-19-000016,104169,Walmart Inc.,WMT,2019-01-31,2019-03-28,0000104169-19-000016,operating_cash_flow,NetCashProvidedByUsedInOperatingActivities,USD,27753000000.0
0000104169_0000104169-20-000011,104169,Walmart Inc.,WMT,2020-01-31,2020-03-20,0000104169-20-000011,revenue,RevenueFromContractWithCustomerExcludingAssessedTax,USD,519926000000.0
0000104169_0000104169-20-000011,104169,Walmart Inc.,WMT,2020-01-31,2020-03-20,0000104169-20-000011,operating_income,OperatingIncomeLoss,USD,20568000000.0
0000104169_0000104169-20-000011,104169,Walmart Inc.,WMT,2020-01-31,2020-03-20,0000104169-20-000011,net_income,NetIncomeLoss,USD,14881000000.0
0000104169_0000104169-20-000011,104169,Walmart Inc.,WMT,2020-01-31,2020-03-20,0000104169-20-000011,eps_diluted,EarningsPerShareDiluted,USD/shares,5.19
0000104169_0000104169-20-000011,104169,Walmart Inc.,WMT,2020-01-31,2020-03-20,0000104169-20-000011,total_assets,Assets,USD,236495000000.0
0000104169_0000104169-20-000011,104169,Walmart Inc.,WMT,2020-01-31,2020-03-20,0000104169-20-000011,stockholders_equity,StockholdersEquity,USD,74669000000.0
0000104169_0000104169-20-000011,104169,Walmart Inc.,WMT,2020-01-31,2020-03-20,0000104169-20-000011,cash_and_equivalents,CashAndCashEquivalentsAtCarryingValue,USD,9465000000.0
0000104169_0000104169-20-000011,104169,Walmart Inc.,WMT,2020-01-31,2020-03-20,0000104169-20-000011,operating_cash_flow,NetCashProvidedByUsedInOperatingActivities,USD,25255000000.0
0000104169_0000104169-21-000033,104169,Walmart Inc.,WMT,2021-01-31,2021-03-19,0000104169-21-000033,revenue,RevenueFromContractWithCustomerExcludingAssessedTax,USD,555233000000.0
0000104169_0000104169-21-000033,104169,Walmart Inc.,WMT,2021-01-31,2021-03-19,0000104169-21-000033,operating_income,OperatingIncomeLoss,USD,22548000000.0
0000104169_0000104169-21-000033,104169,Walmart Inc.,WMT,2021-01-31,2021-03-19,0000104169-21-000033,net_income,NetIncomeLoss,USD,13510000000.0
0000104169_0000104169-21-000033,104169,Walmart Inc.,WMT,2021-01-31,2021-03-19,0000104169-21-000033,eps_diluted,EarningsPerShareDiluted,USD/shares,4.75
0000104169_0000104169-21-000033,104169,Walmart Inc.,WMT,2021-01-31,2021-03-19,0000104169-21-000033,total_assets,Assets,USD,252496000000.0
0000104169_0000104169-21-000033,104169,Walmart Inc.,WMT,2021-01-31,2021-03-19,0000104169-21-000033,stockholders_equity,StockholdersEquity,USD,80925000000.0
0000104169_0000104169-21-000033,104169,Walmart Inc.,WMT,2021-01-31,2021-03-19,0000104169-21-000033,cash_and_equivalents,CashAndCashEquivalentsAtCarryingValue,USD,17741000000.0
0000104169_0000104169-21-000033,104169,Walmart Inc.,WMT,2021-01-31,2021-03-19,0000104169-21-000033,operating_cash_flow,NetCashProvidedByUsedInOperatingActivities,USD,36074000000.0
0000104169_0000104169-22-000012,104169,Walmart Inc.,WMT,2022-01-31,2022-03-18,0000104169-22-000012,revenue,RevenueFromContractWithCustomerExcludingAssessedTax,USD,567762000000.0
0000104169_0000104169-22-000012,104169,Walmart Inc.,WMT,2022-01-31,2022-03-18,0000104169-22-000012,operating_income,OperatingIncomeLoss,USD,25942000000.0
0000104169_0000104169-22-000012,104169,Walmart Inc.,WMT,2022-01-31,2022-03-18,0000104169-22-000012,net_income,NetIncomeLoss,USD,13673000000.0
0000104169_0000104169-22-000012,104169,Walmart Inc.,WMT,2022-01-31,2022-03-18,0000104169-22-000012,eps_diluted,EarningsPerShareDiluted,USD/shares,4.87
0000104169_0000104169-22-000012,104169,Walmart Inc.,WMT,2022-01-31,2022-03-18,0000104169-22-000012,total_assets,Assets,USD,244860000000.0
0000104169_0000104169-22-000012,104169,Walmart Inc.,WMT,2022-01-31,2022-03-18,0000104169-22-000012,stockholders_equity,StockholdersEquity,USD,83253000000.0
0000104169_0000104169-22-000012,104169,Walmart Inc.,WMT,2022-01-31,2022-03-18,0000104169-22-000012,cash_and_equivalents,CashAndCashEquivalentsAtCarryingValue,USD,14760000000.0
0000104169_0000104169-22-000012,104169,Walmart Inc.,WMT,2022-01-31,2022-03-18,0000104169-22-000012,operating_cash_flow,NetCashProvidedByUsedInOperatingActivities,USD,24181000000.0
0000104169_0000104169-23-000020,104169,Walmart Inc.,WMT,2023-01-31,2023-03-17,0000104169-23-000020,revenue,RevenueFromContractWithCustomerExcludingAssessedTax,USD,605881000000.0
0000104169_0000104169-23-000020,104169,Walmart Inc.,WMT,2023-01-31,2023-03-17,0000104169-23-000020,operating_income,OperatingIncomeLoss,USD,20428000000.0
0000104169_0000104169-23-000020,104169,Walmart Inc.,WMT,2023-01-31,2023-03-17,0000104169-23-000020,net_income,NetIncomeLoss,USD,11680000000.0
0000104169_0000104169-23-000020,104169,Walmart Inc.,WMT,2023-01-31,2023-03-17,0000104169-23-000020,eps_diluted,EarningsPerShareDiluted,USD/shares,4.27
0000104169_0000104169-23-000020,104169,Walmart Inc.,WMT,2023-01-31,2023-03-17,0000104169-23-000020,total_assets,Assets,USD,243197000000.0
0000104169_0000104169-23-000020,104169,Walmart Inc.,WMT,2023-01-31,2023-03-17,0000104169-23-000020,stockholders_equity,StockholdersEquity,USD,76693000000.0
0000104169_0000104169-23-000020,104169,Walmart Inc.,WMT,2023-01-31,2023-03-17,0000104169-23-000020,cash_and_equivalents,CashAndCashEquivalentsAtCarryingValue,USD,8625000000.0
0000104169_0000104169-23-000020,104169,Walmart Inc.,WMT,2023-01-31,2023-03-17,0000104169-23-000020,operating_cash_flow,NetCashProvidedByUsedInOperatingActivities,USD,28841000000.0
0000104169_0000104169-24-000056,104169,Walmart Inc.,WMT,2024-01-31,2024-03-15,0000104169-24-000056,revenue,RevenueFromContractWithCustomerExcludingAssessedTax,USD,642637000000.0
0000104169_0000104169-24-000056,104169,Walmart Inc.,WMT,2024-01-31,2024-03-15,0000104169-24-000056,operating_income,OperatingIncomeLoss,USD,27012000000.0
0000104169_0000104169-24-000056,104169,Walmart Inc.,WMT,2024-01-31,2024-03-15,0000104169-24-000056,net_income,NetIncomeLoss,USD,15511000000.0
0000104169_0000104169-24-000056,104169,Walmart Inc.,WMT,2024-01-31,2024-03-15,0000104169-24-000056,eps_diluted,EarningsPerShareDiluted,USD/shares,1.91
0000104169_0000104169-24-000056,104169,Walmart Inc.,WMT,2024-01-31,2024-03-15,0000104169-24-000056,total_assets,Assets,USD,252399000000.0
0000104169_0000104169-24-000056,104169,Walmart Inc.,WMT,2024-01-31,2024-03-15,0000104169-24-000056,stockholders_equity,StockholdersEquity,USD,83861000000.0
0000104169_0000104169-24-000056,104169,Walmart Inc.,WMT,2024-01-31,2024-03-15,0000104169-24-000056,cash_and_equivalents,CashAndCashEquivalentsAtCarryingValue,USD,9867000000.0
0000104169_0000104169-24-000056,104169,Walmart Inc.,WMT,2024-01-31,2024-03-15,0000104169-24-000056,operating_cash_flow,NetCashProvidedByUsedInOperatingActivities,USD,35726000000.0
0000200406_0000200406-20-000010,200406,Johnson & Johnson,JNJ,2019-12-29,2020-02-18,0000200406-20-000010,revenue,RevenueFromContractWithCustomerExcludingAssessedTax,USD,82059000000.0
0000200406_0000200406-20-000010,200406,Johnson & Johnson,JNJ,2019-12-29,2020-02-18,0000200406-20-000010,net_income,NetIncomeLoss,USD,15119000000.0
0000200406_0000200406-20-000010,200406,Johnson & Johnson,JNJ,2019-12-29,2020-02-18,0000200406-20-000010,eps_diluted,EarningsPerShareDiluted,USD/shares,5.63
0000200406_0000200406-20-000010,200406,Johnson & Johnson,JNJ,2019-12-29,2020-02-18,0000200406-20-000010,total_assets,Assets,USD,157728000000.0
0000200406_0000200406-20-000010,200406,Johnson & Johnson,JNJ,2019-12-29,2020-02-18,0000200406-20-000010,total_liabilities,Liabilities,USD,98257000000.0
0000200406_0000200406-20-000010,200406,Johnson & Johnson,JNJ,2019-12-29,2020-02-18,0000200406-20-000010,stockholders_equity,StockholdersEquityIncludingPortionAttributableToNoncontrollingInterest,USD,59471000000.0
0000200406_0000200406-20-000010,200406,Johnson & Johnson,JNJ,2019-12-29,2020-02-18,0000200406-20-000010,cash_and_equivalents,CashAndCashEquivalentsAtCarryingValue,USD,17305000000.0
0000200406_0000200406-20-000010,200406,Johnson & Johnson,JNJ,2019-12-29,2020-02-18,0000200406-20-000010,operating_cash_flow,NetCashProvidedByUsedInOperatingActivities,USD,23416000000.0
0000200406_0000200406-21-000008,200406,Johnson & Johnson,JNJ,2021-01-03,2021-02-22,0000200406-21-000008,revenue,RevenueFromContractWithCustomerExcludingAssessedTax,USD,82584000000.0
0000200406_0000200406-21-000008,200406,Johnson & Johnson,JNJ,2021-01-03,2021-02-22,0000200406-21-000008,net_income,NetIncomeLoss,USD,14714000000.0
0000200406_0000200406-21-000008,200406,Johnson & Johnson,JNJ,2021-01-03,2021-02-22,0000200406-21-000008,eps_diluted,EarningsPerShareDiluted,USD/shares,5.51
0000200406_0000200406-21-000008,200406,Johnson & Johnson,JNJ,2021-01-03,2021-02-22,0000200406-21-000008,total_assets,Assets,USD,174894000000.0
0000200406_0000200406-21-000008,200406,Johnson & Johnson,JNJ,2021-01-03,2021-02-22,0000200406-21-000008,total_liabilities,Liabilities,USD,111616000000.0
0000200406_0000200406-21-000008,200406,Johnson & Johnson,JNJ,2021-01-03,2021-02-22,0000200406-21-000008,stockholders_equity,StockholdersEquityIncludingPortionAttributableToNoncontrollingInterest,USD,63278000000.0
0000200406_0000200406-21-000008,200406,Johnson & Johnson,JNJ,2021-01-03,2021-02-22,0000200406-21-000008,cash_and_equivalents,CashAndCashEquivalentsAtCarryingValue,USD,13985000000.0
0000200406_0000200406-21-000008,200406,Johnson & Johnson,JNJ,2021-01-03,2021-02-22,0000200406-21-000008,operating_cash_flow,NetCashProvidedByUsedInOperatingActivities,USD,23536000000.0
0000200406_0000200406-22-000022,200406,Johnson & Johnson,JNJ,2022-01-02,2022-02-17,0000200406-22-000022,revenue,RevenueFromContractWithCustomerExcludingAssessedTax,USD,93775000000.0
0000200406_0000200406-22-000022,200406,Johnson & Johnson,JNJ,2022-01-02,2022-02-17,0000200406-22-000022,net_income,NetIncomeLoss,USD,20878000000.0
0000200406_0000200406-22-000022,200406,Johnson & Johnson,JNJ,2022-01-02,2022-02-17,0000200406-22-000022,eps_diluted,EarningsPerShareDiluted,USD/shares,7.81
0000200406_0000200406-22-000022,200406,Johnson & Johnson,JNJ,2022-01-02,2022-02-17,0000200406-22-000022,total_assets,Assets,USD,182018000000.0
0000200406_0000200406-22-000022,200406,Johnson & Johnson,JNJ,2022-01-02,2022-02-17,0000200406-22-000022,total_liabilities,Liabilities,USD,107995000000.0
0000200406_0000200406-22-000022,200406,Johnson & Johnson,JNJ,2022-01-02,2022-02-17,0000200406-22-000022,stockholders_equity,StockholdersEquityIncludingPortionAttributableToNoncontrollingInterest,USD,74023000000.0
0000200406_0000200406-22-000022,200406,Johnson & Johnson,JNJ,2022-01-02,2022-02-17,0000200406-22-000022,cash_and_equivalents,CashAndCashEquivalentsAtCarryingValue,USD,14487000000.0
0000200406_0000200406-22-000022,200406,Johnson & Johnson,JNJ,2022-01-02,2022-02-17,0000200406-22-000022,operating_cash_flow,NetCashProvidedByUsedInOperatingActivities,USD,23410000000.0
0000200406_0000200406-23-000016,200406,Johnson & Johnson,JNJ,2023-01-01,2023-02-16,0000200406-23-000016,revenue,RevenueFromContractWithCustomerExcludingAssessedTax,USD,94943000000.0
0000200406_0000200406-23-000016,200406,Johnson & Johnson,JNJ,2023-01-01,2023-02-16,0000200406-23-000016,net_income,NetIncomeLoss,USD,17941000000.0
0000200406_0000200406-23-000016,200406,Johnson & Johnson,JNJ,2023-01-01,2023-02-16,0000200406-23-000016,eps_diluted,EarningsPerShareDiluted,USD/shares,6.73
0000200406_0000200406-23-000016,200406,Johnson & Johnson,JNJ,2023-01-01,2023-02-16,0000200406-23-000016,total_assets,Assets,USD,187378000000.0
0000200406_0000200406-23-000016,200406,Johnson & Johnson,JNJ,2023-01-01,2023-02-16,0000200406-23-000016,total_liabilities,Liabilities,USD,110574000000.0
0000200406_0000200406-23-000016,200406,Johnson & Johnson,JNJ,2023-01-01,2023-02-16,0000200406-23-000016,stockholders_equity,StockholdersEquityIncludingPortionAttributableToNoncontrollingInterest,USD,76804000000.0
0000200406_0000200406-23-000016,200406,Johnson & Johnson,JNJ,2023-01-01,2023-02-16,0000200406-23-000016,cash_and_equivalents,CashAndCashEquivalentsAtCarryingValue,USD,14127000000.0
0000200406_0000200406-23-000016,200406,Johnson & Johnson,JNJ,2023-01-01,2023-02-16,0000200406-23-000016,operating_cash_flow,NetCashProvidedByUsedInOperatingActivities,USD,21194000000.0
0000200406_0000200406-24-000013,200406,Johnson & Johnson,JNJ,2023-12-31,2024-02-16,0000200406-24-000013,revenue,RevenueFromContractWithCustomerExcludingAssessedTax,USD,85159000000.0
0000200406_0000200406-24-000013,200406,Johnson & Johnson,JNJ,2023-12-31,2024-02-16,0000200406-24-000013,net_income,NetIncomeLoss,USD,35153000000.0
0000200406_0000200406-24-000013,200406,Johnson & Johnson,JNJ,2023-12-31,2024-02-16,0000200406-24-000013,eps_diluted,EarningsPerShareDiluted,USD/shares,13.72
0000200406_0000200406-24-000013,200406,Johnson & Johnson,JNJ,2023-12-31,2024-02-16,0000200406-24-000013,total_assets,Assets,USD,167558000000.0
0000200406_0000200406-24-000013,200406,Johnson & Johnson,JNJ,2023-12-31,2024-02-16,0000200406-24-000013,total_liabilities,Liabilities,USD,98784000000.0
0000200406_0000200406-24-000013,200406,Johnson & Johnson,JNJ,2023-12-31,2024-02-16,0000200406-24-000013,stockholders_equity,StockholdersEquityIncludingPortionAttributableToNoncontrollingInterest,USD,68774000000.0
0000200406_0000200406-24-000013,200406,Johnson & Johnson,JNJ,2023-12-31,2024-02-16,0000200406-24-000013,cash_and_equivalents,CashAndCashEquivalentsAtCarryingValue,USD,21859000000.0
0000200406_0000200406-24-000013,200406,Johnson & Johnson,JNJ,2023-12-31,2024-02-16,0000200406-24-000013,operating_cash_flow,NetCashProvidedByUsedInOperatingActivities,USD,22791000000.0
0000200406_0000200406-25-000038,200406,Johnson & Johnson,JNJ,2024-12-29,2025-02-13,0000200406-25-000038,revenue,RevenueFromContractWithCustomerExcludingAssessedTax,USD,88821000000.0
0000200406_0000200406-25-000038,200406,Johnson & Johnson,JNJ,2024-12-29,2025-02-13,0000200406-25-000038,net_income,NetIncomeLoss,USD,14066000000.0
0000200406_0000200406-25-000038,200406,Johnson & Johnson,JNJ,2024-12-29,2025-02-13,0000200406-25-000038,eps_diluted,EarningsPerShareDiluted,USD/shares,5.79
0000200406_0000200406-25-000038,200406,Johnson & Johnson,JNJ,2024-12-29,2025-02-13,0000200406-25-000038,total_assets,Assets,USD,180104000000.0
0000200406_0000200406-25-000038,200406,Johnson & Johnson,JNJ,2024-12-29,2025-02-13,0000200406-25-000038,total_liabilities,Liabilities,USD,108614000000.0
0000200406_0000200406-25-000038,200406,Johnson & Johnson,JNJ,2024-12-29,2025-02-13,0000200406-25-000038,stockholders_equity,StockholdersEquityIncludingPortionAttributableToNoncontrollingInterest,USD,71490000000.0
0000200406_0000200406-25-000038,200406,Johnson & Johnson,JNJ,2024-12-29,2025-02-13,0000200406-25-000038,cash_and_equivalents,CashAndCashEquivalentsAtCarryingValue,USD,24105000000.0
0000200406_0000200406-25-000038,200406,Johnson & Johnson,JNJ,2024-12-29,2025-02-13,0000200406-25-000038,operating_cash_flow,NetCashProvidedByUsedInOperatingActivities,USD,24266000000.0
0000310158_0000310158-20-000005,310158,"Merck & Co., Inc.",MRK,2019-12-31,2020-02-26,0000310158-20-000005,revenue,Revenues,USD,46840000000.0
0000310158_0000310158-20-000005,310158,"Merck & Co., Inc.",MRK,2019-12-31,2020-02-26,0000310158-20-000005,net_income,NetIncomeLoss,USD,9843000000.0
0000310158_0000310158-20-000005,310158,"Merck & Co., Inc.",MRK,2019-12-31,2020-02-26,0000310158-20-000005,eps_diluted,EarningsPerShareDiluted,USD/shares,3.81
0000310158_0000310158-20-000005,310158,"Merck & Co., Inc.",MRK,2019-12-31,2020-02-26,0000310158-20-000005,total_assets,Assets,USD,84397000000.0
0000310158_0000310158-20-000005,310158,"Merck & Co., Inc.",MRK,2019-12-31,2020-02-26,0000310158-20-000005,stockholders_equity,StockholdersEquity,USD,25907000000.0
0000310158_0000310158-20-000005,310158,"Merck & Co., Inc.",MRK,2019-12-31,2020-02-26,0000310158-20-000005,cash_and_equivalents,CashAndCashEquivalentsAtCarryingValue,USD,9676000000.0
0000310158_0000310158-20-000005,310158,"Merck & Co., Inc.",MRK,2019-12-31,2020-02-26,0000310158-20-000005,operating_cash_flow,NetCashProvidedByUsedInOperatingActivities,USD,13440000000.0
0000310158_0000310158-21-000004,310158,"Merck & Co., Inc.",MRK,2020-12-31,2021-02-25,0000310158-21-000004,revenue,Revenues,USD,47994000000.0
0000310158_0000310158-21-000004,310158,"Merck & Co., Inc.",MRK,2020-12-31,2021-02-25,0000310158-21-000004,net_income,NetIncomeLoss,USD,7067000000.0
0000310158_0000310158-21-000004,310158,"Merck & Co., Inc.",MRK,2020-12-31,2021-02-25,0000310158-21-000004,eps_diluted,EarningsPerShareDiluted,USD/shares,2.78
0000310158_0000310158-21-000004,310158,"Merck & Co., Inc.",MRK,2020-12-31,2021-02-25,0000310158-21-000004,total_assets,Assets,USD,91588000000.0
0000310158_0000310158-21-000004,310158,"Merck & Co., Inc.",MRK,2020-12-31,2021-02-25,0000310158-21-000004,stockholders_equity,StockholdersEquity,USD,25317000000.0
0000310158_0000310158-21-000004,310158,"Merck & Co., Inc.",MRK,2020-12-31,2021-02-25,0000310158-21-000004,cash_and_equivalents,CashAndCashEquivalentsAtCarryingValue,USD,8062000000.0
0000310158_0000310158-21-000004,310158,"Merck & Co., Inc.",MRK,2020-12-31,2021-02-25,0000310158-21-000004,operating_cash_flow,NetCashProvidedByUsedInOperatingActivities,USD,10253000000.0
0000310158_0000310158-22-000003,310158,"Merck & Co., Inc.",MRK,2021-12-31,2022-02-25,0000310158-22-000003,revenue,Revenues,USD,48704000000.0
0000310158_0000310158-22-000003,310158,"Merck & Co., Inc.",MRK,2021-12-31,2022-02-25,0000310158-22-000003,net_income,NetIncomeLoss,USD,13049000000.0
0000310158_0000310158-22-000003,310158,"Merck & Co., Inc.",MRK,2021-12-31,2022-02-25,0000310158-22-000003,eps_diluted,EarningsPerShareDiluted,USD/shares,5.14
0000310158_0000310158-22-000003,310158,"Merck & Co., Inc.",MRK,2021-12-31,2022-02-25,0000310158-22-000003,total_assets,Assets,USD,105694000000.0
0000310158_0000310158-22-000003,310158,"Merck & Co., Inc.",MRK,2021-12-31,2022-02-25,0000310158-22-000003,stockholders_equity,StockholdersEquity,USD,38184000000.0
0000310158_0000310158-22-000003,310158,"Merck & Co., Inc.",MRK,2021-12-31,2022-02-25,0000310158-22-000003,cash_and_equivalents,CashAndCashEquivalentsAtCarryingValue,USD,8096000000.0
0000310158_0000310158-22-000003,310158,"Merck & Co., Inc.",MRK,2021-12-31,2022-02-25,0000310158-22-000003,operating_cash_flow,NetCashProvidedByUsedInOperatingActivitiesContinuingOperations,USD,13122000000.0
0000310158_0001628280-23-005061,310158,"Merck & Co., Inc.",MRK,2022-12-31,2023-02-24,0001628280-23-005061,revenue,Revenues,USD,59283000000.0
0000310158_0001628280-23-005061,310158,"Merck & Co., Inc.",MRK,2022-12-31,2023-02-24,0001628280-23-005061,net_income,NetIncomeLoss,USD,14519000000.0
0000310158_0001628280-23-005061,310158,"Merck & Co., Inc.",MRK,2022-12-31,2023-02-24,0001628280-23-005061,eps_diluted,EarningsPerShareDiluted,USD/shares,5.71
0000310158_0001628280-23-005061,310158,"Merck & Co., Inc.",MRK,2022-12-31,2023-02-24,0001628280-23-005061,total_assets,Assets,USD,109160000000.0
0000310158_0001628280-23-005061,310158,"Merck & Co., Inc.",MRK,2022-12-31,2023-02-24,0001628280-23-005061,stockholders_equity,StockholdersEquity,USD,45991000000.0
0000310158_0001628280-23-005061,310158,"Merck & Co., Inc.",MRK,2022-12-31,2023-02-24,0001628280-23-005061,cash_and_equivalents,CashAndCashEquivalentsAtCarryingValue,USD,12694000000.0
0000310158_0001628280-23-005061,310158,"Merck & Co., Inc.",MRK,2022-12-31,2023-02-24,0001628280-23-005061,operating_cash_flow,NetCashProvidedByUsedInOperatingActivitiesContinuingOperations,USD,19095000000.0
0000310158_0001628280-24-006850,310158,"Merck & Co., Inc.",MRK,2023-12-31,2024-02-26,0001628280-24-006850,revenue,Revenues,USD,60115000000.0
0000310158_0001628280-24-006850,310158,"Merck & Co., Inc.",MRK,2023-12-31,2024-02-26,0001628280-24-006850,net_income,NetIncomeLoss,USD,365000000.0
0000310158_0001628280-24-006850,310158,"Merck & Co., Inc.",MRK,2023-12-31,2024-02-26,0001628280-24-006850,eps_diluted,EarningsPerShareDiluted,USD/shares,0.14
0000310158_0001628280-24-006850,310158,"Merck & Co., Inc.",MRK,2023-12-31,2024-02-26,0001628280-24-006850,total_assets,Assets,USD,106675000000.0
0000310158_0001628280-24-006850,310158,"Merck & Co., Inc.",MRK,2023-12-31,2024-02-26,0001628280-24-006850,stockholders_equity,StockholdersEquity,USD,37581000000.0
0000310158_0001628280-24-006850,310158,"Merck & Co., Inc.",MRK,2023-12-31,2024-02-26,0001628280-24-006850,cash_and_equivalents,CashAndCashEquivalentsAtCarryingValue,USD,6841000000.0
0000310158_0001628280-24-006850,310158,"Merck & Co., Inc.",MRK,2023-12-31,2024-02-26,0001628280-24-006850,operating_cash_flow,NetCashProvidedByUsedInOperatingActivitiesContinuingOperations,USD,13006000000.0
0000310158_0001628280-25-007732,310158,"Merck & Co., Inc.",MRK,2024-12-31,2025-02-25,0001628280-25-007732,revenue,Revenues,USD,64168000000.0
0000310158_0001628280-25-007732,310158,"Merck & Co., Inc.",MRK,2024-12-31,2025-02-25,0001628280-25-007732,net_income,NetIncomeLoss,USD,17117000000.0
0000310158_0001628280-25-007732,310158,"Merck & Co., Inc.",MRK,2024-12-31,2025-02-25,0001628280-25-007732,eps_diluted,EarningsPerShareDiluted,USD/shares,6.74
0000310158_0001628280-25-007732,310158,"Merck & Co., Inc.",MRK,2024-12-31,2025-02-25,0001628280-25-007732,total_assets,Assets,USD,117106000000.0
0000310158_0001628280-25-007732,310158,"Merck & Co., Inc.",MRK,2024-12-31,2025-02-25,0001628280-25-007732,stockholders_equity,StockholdersEquity,USD,46313000000.0
0000310158_0001628280-25-007732,310158,"Merck & Co., Inc.",MRK,2024-12-31,2025-02-25,0001628280-25-007732,cash_and_equivalents,CashAndCashEquivalentsAtCarryingValue,USD,13242000000.0
0000310158_0001628280-25-007732,310158,"Merck & Co., Inc.",MRK,2024-12-31,2025-02-25,0001628280-25-007732,operating_cash_flow,NetCashProvidedByUsedInOperatingActivities,USD,21468000000.0
0000320193_0000320193-19-000119,320193,Apple Inc.,AAPL,2019-09-28,2019-10-31,0000320193-19-000119,revenue,RevenueFromContractWithCustomerExcludingAssessedTax,USD,260174000000.0
0000320193_0000320193-19-000119,320193,Apple Inc.,AAPL,2019-09-28,2019-10-31,0000320193-19-000119,operating_income,OperatingIncomeLoss,USD,63930000000.0
0000320193_0000320193-19-000119,320193,Apple Inc.,AAPL,2019-09-28,2019-10-31,0000320193-19-000119,net_income,NetIncomeLoss,USD,55256000000.0
0000320193_0000320193-19-000119,320193,Apple Inc.,AAPL,2019-09-28,2019-10-31,0000320193-19-000119,eps_diluted,EarningsPerShareDiluted,USD/shares,11.89
0000320193_0000320193-19-000119,320193,Apple Inc.,AAPL,2019-09-28,2019-10-31,0000320193-19-000119,total_assets,Assets,USD,338516000000.0
0000320193_0000320193-19-000119,320193,Apple Inc.,AAPL,2019-09-28,2019-10-31,0000320193-19-000119,total_liabilities,Liabilities,USD,248028000000.0
0000320193_0000320193-19-000119,320193,Apple Inc.,AAPL,2019-09-28,2019-10-31,0000320193-19-000119,stockholders_equity,StockholdersEquity,USD,90488000000.0
0000320193_0000320193-19-000119,320193,Apple Inc.,AAPL,2019-09-28,2019-10-31,0000320193-19-000119,cash_and_equivalents,CashAndCashEquivalentsAtCarryingValue,USD,48844000000.0
0000320193_0000320193-19-000119,320193,Apple Inc.,AAPL,2019-09-28,2019-10-31,0000320193-19-000119,operating_cash_flow,NetCashProvidedByUsedInOperatingActivities,USD,69391000000.0
0000320193_0000320193-20-000096,320193,Apple Inc.,AAPL,2020-09-26,2020-10-30,0000320193-20-000096,revenue,RevenueFromContractWithCustomerExcludingAssessedTax,USD,274515000000.0
0000320193_0000320193-20-000096,320193,Apple Inc.,AAPL,2020-09-26,2020-10-30,0000320193-20-000096,operating_income,OperatingIncomeLoss,USD,66288000000.0
0000320193_0000320193-20-000096,320193,Apple Inc.,AAPL,2020-09-26,2020-10-30,0000320193-20-000096,net_income,NetIncomeLoss,USD,57411000000.0
0000320193_0000320193-20-000096,320193,Apple Inc.,AAPL,2020-09-26,2020-10-30,0000320193-20-000096,eps_diluted,EarningsPerShareDiluted,USD/shares,3.28
0000320193_0000320193-20-000096,320193,Apple Inc.,AAPL,2020-09-26,2020-10-30,0000320193-20-000096,total_assets,Assets,USD,323888000000.0
0000320193_0000320193-20-000096,320193,Apple Inc.,AAPL,2020-09-26,2020-10-30,0000320193-20-000096,total_liabilities,Liabilities,USD,258549000000.0
0000320193_0000320193-20-000096,320193,Apple Inc.,AAPL,2020-09-26,2020-10-30,0000320193-20-000096,stockholders_equity,StockholdersEquity,USD,65339000000.0
0000320193_0000320193-20-000096,320193,Apple Inc.,AAPL,2020-09-26,2020-10-30,0000320193-20-000096,cash_and_equivalents,CashAndCashEquivalentsAtCarryingValue,USD,38016000000.0
0000320193_0000320193-20-000096,320193,Apple Inc.,AAPL,2020-09-26,2020-10-30,0000320193-20-000096,operating_cash_flow,NetCashProvidedByUsedInOperatingActivities,USD,80674000000.0
0000320193_0000320193-21-000105,320193,Apple Inc.,AAPL,2021-09-25,2021-10-29,0000320193-21-000105,revenue,RevenueFromContractWithCustomerExcludingAssessedTax,USD,365817000000.0
0000320193_0000320193-21-000105,320193,Apple Inc.,AAPL,2021-09-25,2021-10-29,0000320193-21-000105,operating_income,OperatingIncomeLoss,USD,108949000000.0
0000320193_0000320193-21-000105,320193,Apple Inc.,AAPL,2021-09-25,2021-10-29,0000320193-21-000105,net_income,NetIncomeLoss,USD,94680000000.0
0000320193_0000320193-21-000105,320193,Apple Inc.,AAPL,2021-09-25,2021-10-29,0000320193-21-000105,eps_diluted,EarningsPerShareDiluted,USD/shares,5.61
0000320193_0000320193-21-000105,320193,Apple Inc.,AAPL,2021-09-25,2021-10-29,0000320193-21-000105,total_assets,Assets,USD,351002000000.0
0000320193_0000320193-21-000105,320193,Apple Inc.,AAPL,2021-09-25,2021-10-29,0000320193-21-000105,total_liabilities,Liabilities,USD,287912000000.0
0000320193_0000320193-21-000105,320193,Apple Inc.,AAPL,2021-09-25,2021-10-29,0000320193-21-000105,stockholders_equity,StockholdersEquity,USD,63090000000.0
0000320193_0000320193-21-000105,320193,Apple Inc.,AAPL,2021-09-25,2021-10-29,0000320193-21-000105,cash_and_equivalents,CashAndCashEquivalentsAtCarryingValue,USD,34940000000.0
0000320193_0000320193-21-000105,320193,Apple Inc.,AAPL,2021-09-25,2021-10-29,0000320193-21-000105,operating_cash_flow,NetCashProvidedByUsedInOperatingActivities,USD,104038000000.0
0000320193_0000320193-22-000108,320193,Apple Inc.,AAPL,2022-09-24,2022-10-28,0000320193-22-000108,revenue,RevenueFromContractWithCustomerExcludingAssessedTax,USD,394328000000.0
0000320193_0000320193-22-000108,320193,Apple Inc.,AAPL,2022-09-24,2022-10-28,0000320193-22-000108,operating_income,OperatingIncomeLoss,USD,119437000000.0
0000320193_0000320193-22-000108,320193,Apple Inc.,AAPL,2022-09-24,2022-10-28,0000320193-22-000108,net_income,NetIncomeLoss,USD,99803000000.0
0000320193_0000320193-22-000108,320193,Apple Inc.,AAPL,2022-09-24,2022-10-28,0000320193-22-000108,eps_diluted,EarningsPerShareDiluted,USD/shares,6.11
0000320193_0000320193-22-000108,320193,Apple Inc.,AAPL,2022-09-24,2022-10-28,0000320193-22-000108,total_assets,Assets,USD,352755000000.0
0000320193_0000320193-22-000108,320193,Apple Inc.,AAPL,2022-09-24,2022-10-28,0000320193-22-000108,total_liabilities,Liabilities,USD,302083000000.0
0000320193_0000320193-22-000108,320193,Apple Inc.,AAPL,2022-09-24,2022-10-28,0000320193-22-000108,stockholders_equity,StockholdersEquity,USD,50672000000.0
0000320193_0000320193-22-000108,320193,Apple Inc.,AAPL,2022-09-24,2022-10-28,0000320193-22-000108,cash_and_equivalents,CashAndCashEquivalentsAtCarryingValue,USD,23646000000.0
0000320193_0000320193-22-000108,320193,Apple Inc.,AAPL,2022-09-24,2022-10-28,0000320193-22-000108,operating_cash_flow,NetCashProvidedByUsedInOperatingActivities,USD,122151000000.0
0000320193_0000320193-23-000106,320193,Apple Inc.,AAPL,2023-09-30,2023-11-03,0000320193-23-000106,revenue,RevenueFromContractWithCustomerExcludingAssessedTax,USD,383285000000.0
0000320193_0000320193-23-000106,320193,Apple Inc.,AAPL,2023-09-30,2023-11-03,0000320193-23-000106,operating_income,OperatingIncomeLoss,USD,114301000000.0
0000320193_0000320193-23-000106,320193,Apple Inc.,AAPL,2023-09-30,2023-11-03,0000320193-23-000106,net_income,NetIncomeLoss,USD,96995000000.0
0000320193_0000320193-23-000106,320193,Apple Inc.,AAPL,2023-09-30,2023-11-03,0000320193-23-000106,eps_diluted,EarningsPerShareDiluted,USD/shares,6.13
0000320193_0000320193-23-000106,320193,Apple Inc.,AAPL,2023-09-30,2023-11-03,0000320193-23-000106,total_assets,Assets,USD,352583000000.0
0000320193_0000320193-23-000106,320193,Apple Inc.,AAPL,2023-09-30,2023-11-03,0000320193-23-000106,total_liabilities,Liabilities,USD,290437000000.0
0000320193_0000320193-23-000106,320193,Apple Inc.,AAPL,2023-09-30,2023-11-03,0000320193-23-000106,stockholders_equity,StockholdersEquity,USD,62146000000.0
0000320193_0000320193-23-000106,320193,Apple Inc.,AAPL,2023-09-30,2023-11-03,0000320193-23-000106,cash_and_equivalents,CashAndCashEquivalentsAtCarryingValue,USD,29965000000.0
0000320193_0000320193-23-000106,320193,Apple Inc.,AAPL,2023-09-30,2023-11-03,0000320193-23-000106,operating_cash_flow,NetCashProvidedByUsedInOperatingActivities,USD,110543000000.0
0000320193_0000320193-24-000123,320193,Apple Inc.,AAPL,2024-09-28,2024-11-01,0000320193-24-000123,revenue,RevenueFromContractWithCustomerExcludingAssessedTax,USD,391035000000.0
0000320193_0000320193-24-000123,320193,Apple Inc.,AAPL,2024-09-28,2024-11-01,0000320193-24-000123,operating_income,OperatingIncomeLoss,USD,123216000000.0
0000320193_0000320193-24-000123,320193,Apple Inc.,AAPL,2024-09-28,2024-11-01,0000320193-24-000123,net_income,NetIncomeLoss,USD,93736000000.0
0000320193_0000320193-24-000123,320193,Apple Inc.,AAPL,2024-09-28,2024-11-01,0000320193-24-000123,eps_diluted,EarningsPerShareDiluted,USD/shares,6.08
0000320193_0000320193-24-000123,320193,Apple Inc.,AAPL,2024-09-28,2024-11-01,0000320193-24-000123,total_assets,Assets,USD,364980000000.0
0000320193_0000320193-24-000123,320193,Apple Inc.,AAPL,2024-09-28,2024-11-01,0000320193-24-000123,total_liabilities,Liabilities,USD,308030000000.0
0000320193_0000320193-24-000123,320193,Apple Inc.,AAPL,2024-09-28,2024-11-01,0000320193-24-000123,stockholders_equity,StockholdersEquity,USD,56950000000.0
0000320193_0000320193-24-000123,320193,Apple Inc.,AAPL,2024-09-28,2024-11-01,0000320193-24-000123,cash_and_equivalents,CashAndCashEquivalentsAtCarryingValue,USD,29943000000.0
0000320193_0000320193-24-000123,320193,Apple Inc.,AAPL,2024-09-28,2024-11-01,0000320193-24-000123,operating_cash_flow,NetCashProvidedByUsedInOperatingActivities,USD,118254000000.0
0000354950_0000354950-19-000010,354950,"The Home Depot, Inc.",HD,2019-02-03,2019-03-28,0000354950-19-000010,revenue,RevenueFromContractWithCustomerExcludingAssessedTax,USD,108203000000.0
0000354950_0000354950-19-000010,354950,"The Home Depot, Inc.",HD,2019-02-03,2019-03-28,0000354950-19-000010,operating_income,OperatingIncomeLoss,USD,15530000000.0
0000354950_0000354950-19-000010,354950,"The Home Depot, Inc.",HD,2019-02-03,2019-03-28,0000354950-19-000010,net_income,NetIncomeLoss,USD,11121000000.0
0000354950_0000354950-19-000010,354950,"The Home Depot, Inc.",HD,2019-02-03,2019-03-28,0000354950-19-000010,eps_diluted,EarningsPerShareDiluted,USD/shares,9.73
0000354950_0000354950-19-000010,354950,"The Home Depot, Inc.",HD,2019-02-03,2019-03-28,0000354950-19-000010,total_assets,Assets,USD,44003000000.0
0000354950_0000354950-19-000010,354950,"The Home Depot, Inc.",HD,2019-02-03,2019-03-28,0000354950-19-000010,total_liabilities,Liabilities,USD,45881000000.0
0000354950_0000354950-19-000010,354950,"The Home Depot, Inc.",HD,2019-02-03,2019-03-28,0000354950-19-000010,stockholders_equity,StockholdersEquity,USD,-1878000000.0
0000354950_0000354950-19-000010,354950,"The Home Depot, Inc.",HD,2019-02-03,2019-03-28,0000354950-19-000010,cash_and_equivalents,CashAndCashEquivalentsAtCarryingValue,USD,1778000000.0
0000354950_0000354950-19-000010,354950,"The Home Depot, Inc.",HD,2019-02-03,2019-03-28,0000354950-19-000010,operating_cash_flow,NetCashProvidedByUsedInOperatingActivities,USD,13038000000.0
0000354950_0000354950-20-000015,354950,"The Home Depot, Inc.",HD,2020-02-02,2020-03-25,0000354950-20-000015,revenue,RevenueFromContractWithCustomerExcludingAssessedTax,USD,110225000000.0
0000354950_0000354950-20-000015,354950,"The Home Depot, Inc.",HD,2020-02-02,2020-03-25,0000354950-20-000015,operating_income,OperatingIncomeLoss,USD,15843000000.0
0000354950_0000354950-20-000015,354950,"The Home Depot, Inc.",HD,2020-02-02,2020-03-25,0000354950-20-000015,net_income,NetIncomeLoss,USD,11242000000.0
0000354950_0000354950-20-000015,354950,"The Home Depot, Inc.",HD,2020-02-02,2020-03-25,0000354950-20-000015,eps_diluted,EarningsPerShareDiluted,USD/shares,10.25
0000354950_0000354950-20-000015,354950,"The Home Depot, Inc.",HD,2020-02-02,2020-03-25,0000354950-20-000015,total_assets,Assets,USD,51236000000.0
0000354950_0000354950-20-000015,354950,"The Home Depot, Inc.",HD,2020-02-02,2020-03-25,0000354950-20-000015,total_liabilities,Liabilities,USD,54352000000.0
0000354950_0000354950-20-000015,354950,"The Home Depot, Inc.",HD,2020-02-02,2020-03-25,0000354950-20-000015,stockholders_equity,StockholdersEquity,USD,-3116000000.0
0000354950_0000354950-20-000015,354950,"The Home Depot, Inc.",HD,2020-02-02,2020-03-25,0000354950-20-000015,cash_and_equivalents,CashAndCashEquivalentsAtCarryingValue,USD,2133000000.0
0000354950_0000354950-20-000015,354950,"The Home Depot, Inc.",HD,2020-02-02,2020-03-25,0000354950-20-000015,operating_cash_flow,NetCashProvidedByUsedInOperatingActivities,USD,13723000000.0
0000354950_0000354950-21-000089,354950,"The Home Depot, Inc.",HD,2021-01-31,2021-03-24,0000354950-21-000089,revenue,RevenueFromContractWithCustomerExcludingAssessedTax,USD,132110000000.0
0000354950_0000354950-21-000089,354950,"The Home Depot, Inc.",HD,2021-01-31,2021-03-24,0000354950-21-000089,operating_income,OperatingIncomeLoss,USD,18278000000.0
0000354950_0000354950-21-000089,354950,"The Home Depot, Inc.",HD,2021-01-31,2021-03-24,0000354950-21-000089,net_income,NetIncomeLoss,USD,12866000000.0
0000354950_0000354950-21-000089,354950,"The Home Depot, Inc.",HD,2021-01-31,2021-03-24,0000354950-21-000089,eps_diluted,EarningsPerShareDiluted,USD/shares,11.94
0000354950_0000354950-21-000089,354950,"The Home Depot, Inc.",HD,2021-01-31,2021-03-24,0000354950-21-000089,total_assets,Assets,USD,70581000000.0
0000354950_0000354950-21-000089,354950,"The Home Depot, Inc.",HD,2021-01-31,2021-03-24,0000354950-21-000089,total_liabilities,Liabilities,USD,67282000000.0
0000354950_0000354950-21-000089,354950,"The Home Depot, Inc.",HD,2021-01-31,2021-03-24,0000354950-21-000089,stockholders_equity,StockholdersEquity,USD,3299000000.0
0000354950_0000354950-21-000089,354950,"The Home Depot, Inc.",HD,2021-01-31,2021-03-24,0000354950-21-000089,cash_and_equivalents,CashAndCashEquivalentsAtCarryingValue,USD,7895000000.0
0000354950_0000354950-21-000089,354950,"The Home Depot, Inc.",HD,2021-01-31,2021-03-24,0000354950-21-000089,operating_cash_flow,NetCashProvidedByUsedInOperatingActivities,USD,18839000000.0
0000354950_0000354950-22-000070,354950,"The Home Depot, Inc.",HD,2022-01-30,2022-03-23,0000354950-22-000070,revenue,RevenueFromContractWithCustomerExcludingAssessedTax,USD,151157000000.0
0000354950_0000354950-22-000070,354950,"The Home Depot, Inc.",HD,2022-01-30,2022-03-23,0000354950-22-000070,operating_income,OperatingIncomeLoss,USD,23040000000.0
0000354950_0000354950-22-000070,354950,"The Home Depot, Inc.",HD,2022-01-30,2022-03-23,0000354950-22-000070,net_income,NetIncomeLoss,USD,16433000000.0
0000354950_0000354950-22-000070,354950,"The Home Depot, Inc.",HD,2022-01-30,2022-03-23,0000354950-22-000070,eps_diluted,EarningsPerShareDiluted,USD/shares,15.53
0000354950_0000354950-22-000070,354950,"The Home Depot, Inc.",HD,2022-01-30,2022-03-23,0000354950-22-000070,total_assets,Assets,USD,71876000000.0
0000354950_0000354950-22-000070,354950,"The Home Depot, Inc.",HD,2022-01-30,2022-03-23,0000354950-22-000070,total_liabilities,Liabilities,USD,73572000000.0
0000354950_0000354950-22-000070,354950,"The Home Depot, Inc.",HD,2022-01-30,2022-03-23,0000354950-22-000070,stockholders_equity,StockholdersEquity,USD,-1696000000.0
0000354950_0000354950-22-000070,354950,"The Home Depot, Inc.",HD,2022-01-30,2022-03-23,0000354950-22-000070,cash_and_equivalents,CashAndCashEquivalentsAtCarryingValue,USD,2343000000.0
0000354950_0000354950-22-000070,354950,"The Home Depot, Inc.",HD,2022-01-30,2022-03-23,0000354950-22-000070,operating_cash_flow,NetCashProvidedByUsedInOperatingActivities,USD,16571000000.0
0000354950_0000354950-23-000059,354950,"The Home Depot, Inc.",HD,2023-01-29,2023-03-15,0000354950-23-000059,revenue,RevenueFromContractWithCustomerExcludingAssessedTax,USD,157403000000.0
0000354950_0000354950-23-000059,354950,"The Home Depot, Inc.",HD,2023-01-29,2023-03-15,0000354950-23-000059,operating_income,OperatingIncomeLoss,USD,24039000000.0
0000354950_0000354950-23-000059,354950,"The Home Depot, Inc.",HD,2023-01-29,2023-03-15,0000354950-23-000059,net_income,NetIncomeLoss,USD,17105000000.0
0000354950_0000354950-23-000059,354950,"The Home Depot, Inc.",HD,2023-01-29,2023-03-15,0000354950-23-000059,eps_diluted,EarningsPerShareDiluted,USD/shares,16.69
0000354950_0000354950-23-000059,354950,"The Home Depot, Inc.",HD,2023-01-29,2023-03-15,0000354950-23-000059,total_assets,Assets,USD,76445000000.0
0000354950_0000354950-23-000059,354950,"The Home Depot, Inc.",HD,2023-01-29,2023-03-15,0000354950-23-000059,total_liabilities,Liabilities,USD,74883000000.0
0000354950_0000354950-23-000059,354950,"The Home Depot, Inc.",HD,2023-01-29,2023-03-15,0000354950-23-000059,stockholders_equity,StockholdersEquity,USD,1562000000.0
0000354950_0000354950-23-000059,354950,"The Home Depot, Inc.",HD,2023-01-29,2023-03-15,0000354950-23-000059,cash_and_equivalents,CashAndCashEquivalentsAtCarryingValue,USD,2757000000.0
0000354950_0000354950-23-000059,354950,"The Home Depot, Inc.",HD,2023-01-29,2023-03-15,0000354950-23-000059,operating_cash_flow,NetCashProvidedByUsedInOperatingActivities,USD,14615000000.0
0000354950_0000354950-24-000062,354950,"The Home Depot, Inc.",HD,2024-01-28,2024-03-13,0000354950-24-000062,revenue,RevenueFromContractWithCustomerExcludingAssessedTax,USD,152669000000.0
0000354950_0000354950-24-000062,354950,"The Home Depot, Inc.",HD,2024-01-28,2024-03-13,0000354950-24-000062,operating_income,OperatingIncomeLoss,USD,21689000000.0
0000354950_0000354950-24-000062,354950,"The Home Depot, Inc.",HD,2024-01-28,2024-03-13,0000354950-24-000062,net_income,NetIncomeLoss,USD,15143000000.0
0000354950_0000354950-24-000062,354950,"The Home Depot, Inc.",HD,2024-01-28,2024-03-13,0000354950-24-000062,eps_diluted,EarningsPerShareDiluted,USD/shares,15.11
0000354950_0000354950-24-000062,354950,"The Home Depot, Inc.",HD,2024-01-28,2024-03-13,0000354950-24-000062,total_assets,Assets,USD,76530000000.0
0000354950_0000354950-24-000062,354950,"The Home Depot, Inc.",HD,2024-01-28,2024-03-13,0000354950-24-000062,total_liabilities,Liabilities,USD,75486000000.0
0000354950_0000354950-24-000062,354950,"The Home Depot, Inc.",HD,2024-01-28,2024-03-13,0000354950-24-000062,stockholders_equity,StockholdersEquity,USD,1044000000.0
0000354950_0000354950-24-000062,354950,"The Home Depot, Inc.",HD,2024-01-28,2024-03-13,0000354950-24-000062,cash_and_equivalents,CashAndCashEquivalentsAtCarryingValue,USD,3760000000.0
0000354950_0000354950-24-000062,354950,"The Home Depot, Inc.",HD,2024-01-28,2024-03-13,0000354950-24-000062,operating_cash_flow,NetCashProvidedByUsedInOperatingActivities,USD,21172000000.0
0000732712_0000732712-20-000014,732712,Verizon Communications Inc.,VZ,2019-12-31,2020-02-21,0000732712-20-000014,revenue,Revenues,USD,131868000000.0
0000732712_0000732712-20-000014,732712,Verizon Communications Inc.,VZ,2019-12-31,2020-02-21,0000732712-20-000014,operating_income,OperatingIncomeLoss,USD,30378000000.0
0000732712_0000732712-20-000014,732712,Verizon Communications Inc.,VZ,2019-12-31,2020-02-21,0000732712-20-000014,net_income,NetIncomeLoss,USD,19265000000.0
0000732712_0000732712-20-000014,732712,Verizon Communications Inc.,VZ,2019-12-31,2020-02-21,0000732712-20-000014,eps_diluted,EarningsPerShareDiluted,USD/shares,4.65
0000732712_0000732712-20-000014,732712,Verizon Communications Inc.,VZ,2019-12-31,2020-02-21,0000732712-20-000014,total_assets,Assets,USD,291727000000.0
0000732712_0000732712-20-000014,732712,Verizon Communications Inc.,VZ,2019-12-31,2020-02-21,0000732712-20-000014,stockholders_equity,StockholdersEquityIncludingPortionAttributableToNoncontrollingInterest,USD,62835000000.0
0000732712_0000732712-20-000014,732712,Verizon Communications Inc.,VZ,2019-12-31,2020-02-21,0000732712-20-000014,cash_and_equivalents,CashAndCashEquivalentsAtCarryingValue,USD,2594000000.0
0000732712_0000732712-20-000014,732712,Verizon Communications Inc.,VZ,2019-12-31,2020-02-21,0000732712-20-000014,operating_cash_flow,NetCashProvidedByUsedInOperatingActivities,USD,35746000000.0
0000732712_0000732712-21-000012,732712,Verizon Communications Inc.,VZ,2020-12-31,2021-02-25,0000732712-21-000012,revenue,Revenues,USD,128292000000.0
0000732712_0000732712-21-000012,732712,Verizon Communications Inc.,VZ,2020-12-31,2021-02-25,0000732712-21-000012,operating_income,OperatingIncomeLoss,USD,28798000000.0
0000732712_0000732712-21-000012,732712,Verizon Communications Inc.,VZ,2020-12-31,2021-02-25,0000732712-21-000012,net_income,NetIncomeLoss,USD,17801000000.0
0000732712_0000732712-21-000012,732712,Verizon Communications Inc.,VZ,2020-12-31,2021-02-25,0000732712-21-000012,eps_diluted,EarningsPerShareDiluted,USD/shares,4.3
0000732712_0000732712-21-000012,732712,Verizon Communications Inc.,VZ,2020-12-31,2021-02-25,0000732712-21-000012,total_assets,Assets,USD,316481000000.0
0000732712_0000732712-21-000012,732712,Verizon Communications Inc.,VZ,2020-12-31,2021-02-25,0000732712-21-000012,stockholders_equity,StockholdersEquityIncludingPortionAttributableToNoncontrollingInterest,USD,69272000000.0
0000732712_0000732712-21-000012,732712,Verizon Communications Inc.,VZ,2020-12-31,2021-02-25,0000732712-21-000012,cash_and_equivalents,CashAndCashEquivalentsAtCarryingValue,USD,22171000000.0
0000732712_0000732712-21-000012,732712,Verizon Communications Inc.,VZ,2020-12-31,2021-02-25,0000732712-21-000012,operating_cash_flow,NetCashProvidedByUsedInOperatingActivities,USD,41768000000.0
0000732712_0000732712-22-000008,732712,Verizon Communications Inc.,VZ,2021-12-31,2022-02-11,0000732712-22-000008,revenue,Revenues,USD,133613000000.0
0000732712_0000732712-22-000008,732712,Verizon Communications Inc.,VZ,2021-12-31,2022-02-11,0000732712-22-000008,operating_income,OperatingIncomeLoss,USD,32448000000.0
0000732712_0000732712-22-000008,732712,Verizon Communications Inc.,VZ,2021-12-31,2022-02-11,0000732712-22-000008,net_income,NetIncomeLoss,USD,22065000000.0
0000732712_0000732712-22-000008,732712,Verizon Communications Inc.,VZ,2021-12-31,2022-02-11,0000732712-22-000008,eps_diluted,EarningsPerShareDiluted,USD/shares,5.32
0000732712_0000732712-22-000008,732712,Verizon Communications Inc.,VZ,2021-12-31,2022-02-11,0000732712-22-000008,total_assets,Assets,USD,366596000000.0
0000732712_0000732712-22-000008,732712,Verizon Communications Inc.,VZ,2021-12-31,2022-02-11,0000732712-22-000008,stockholders_equity,StockholdersEquityIncludingPortionAttributableToNoncontrollingInterest,USD,83200000000.0
0000732712_0000732712-22-000008,732712,Verizon Communications Inc.,VZ,2021-12-31,2022-02-11,0000732712-22-000008,cash_and_equivalents,CashAndCashEquivalentsAtCarryingValue,USD,2921000000.0
0000732712_0000732712-22-000008,732712,Verizon Communications Inc.,VZ,2021-12-31,2022-02-11,0000732712-22-000008,operating_cash_flow,NetCashProvidedByUsedInOperatingActivities,USD,39539000000.0
0000732712_0000732712-23-000012,732712,Verizon Communications Inc.,VZ,2022-12-31,2023-02-10,0000732712-23-000012,revenue,Revenues,USD,136835000000.0
0000732712_0000732712-23-000012,732712,Verizon Communications Inc.,VZ,2022-12-31,2023-02-10,0000732712-23-000012,operating_income,OperatingIncomeLoss,USD,30467000000.0
0000732712_0000732712-23-000012,732712,Verizon Communications Inc.,VZ,2022-12-31,2023-02-10,0000732712-23-000012,net_income,NetIncomeLoss,USD,21256000000.0
0000732712_0000732712-23-000012,732712,Verizon Communications Inc.,VZ,2022-12-31,2023-02-10,0000732712-23-000012,eps_diluted,EarningsPerShareDiluted,USD/shares,5.06
0000732712_0000732712-23-000012,732712,Verizon Communications Inc.,VZ,2022-12-31,2023-02-10,0000732712-23-000012,total_assets,Assets,USD,379680000000.0
0000732712_0000732712-23-000012,732712,Verizon Communications Inc.,VZ,2022-12-31,2023-02-10,0000732712-23-000012,stockholders_equity,StockholdersEquityIncludingPortionAttributableToNoncontrollingInterest,USD,92463000000.0
0000732712_0000732712-23-000012,732712,Verizon Communications Inc.,VZ,2022-12-31,2023-02-10,0000732712-23-000012,cash_and_equivalents,CashAndCashEquivalentsAtCarryingValue,USD,2605000000.0
0000732712_0000732712-23-000012,732712,Verizon Communications Inc.,VZ,2022-12-31,2023-02-10,0000732712-23-000012,operating_cash_flow,NetCashProvidedByUsedInOperatingActivities,USD,37141000000.0
0000732712_0000732712-24-000010,732712,Verizon Communications Inc.,VZ,2023-12-31,2024-02-09,0000732712-24-000010,revenue,Revenues,USD,133974000000.0
0000732712_0000732712-24-000010,732712,Verizon Communications Inc.,VZ,2023-12-31,2024-02-09,0000732712-24-000010,operating_income,OperatingIncomeLoss,USD,22877000000.0
0000732712_0000732712-24-000010,732712,Verizon Communications Inc.,VZ,2023-12-31,2024-02-09,0000732712-24-000010,net_income,NetIncomeLoss,USD,11614000000.0
0000732712_0000732712-24-000010,732712,Verizon Communications Inc.,VZ,2023-12-31,2024-02-09,0000732712-24-000010,eps_diluted,EarningsPerShareDiluted,USD/shares,2.75
0000732712_0000732712-24-000010,732712,Verizon Communications Inc.,VZ,2023-12-31,2024-02-09,0000732712-24-000010,total_assets,Assets,USD,380255000000.0
0000732712_0000732712-24-000010,732712,Verizon Communications Inc.,VZ,2023-12-31,2024-02-09,0000732712-24-000010,stockholders_equity,StockholdersEquityIncludingPortionAttributableToNoncontrollingInterest,USD,93799000000.0
0000732712_0000732712-24-000010,732712,Verizon Communications Inc.,VZ,2023-12-31,2024-02-09,0000732712-24-000010,cash_and_equivalents,CashAndCashEquivalentsAtCarryingValue,USD,2065000000.0
0000732712_0000732712-24-000010,732712,Verizon Communications Inc.,VZ,2023-12-31,2024-02-09,0000732712-24-000010,operating_cash_flow,NetCashProvidedByUsedInOperatingActivities,USD,37475000000.0
0000732712_0000732712-25-000006,732712,Verizon Communications Inc.,VZ,2024-12-31,2025-02-12,0000732712-25-000006,revenue,Revenues,USD,134788000000.0
0000732712_0000732712-25-000006,732712,Verizon Communications Inc.,VZ,2024-12-31,2025-02-12,0000732712-25-000006,operating_income,OperatingIncomeLoss,USD,28686000000.0
0000732712_0000732712-25-000006,732712,Verizon Communications Inc.,VZ,2024-12-31,2025-02-12,0000732712-25-000006,net_income,NetIncomeLoss,USD,17506000000.0
0000732712_0000732712-25-000006,732712,Verizon Communications Inc.,VZ,2024-12-31,2025-02-12,0000732712-25-000006,eps_diluted,EarningsPerShareDiluted,USD/shares,4.14
0000732712_0000732712-25-000006,732712,Verizon Communications Inc.,VZ,2024-12-31,2025-02-12,0000732712-25-000006,total_assets,Assets,USD,384711000000.0
0000732712_0000732712-25-000006,732712,Verizon Communications Inc.,VZ,2024-12-31,2025-02-12,0000732712-25-000006,stockholders_equity,StockholdersEquityIncludingPortionAttributableToNoncontrollingInterest,USD,100575000000.0
0000732712_0000732712-25-000006,732712,Verizon Communications Inc.,VZ,2024-12-31,2025-02-12,0000732712-25-000006,cash_and_equivalents,CashAndCashEquivalentsAtCarryingValue,USD,4194000000.0
0000732712_0000732712-25-000006,732712,Verizon Communications Inc.,VZ,2024-12-31,2025-02-12,0000732712-25-000006,operating_cash_flow,NetCashProvidedByUsedInOperatingActivities,USD,36912000000.0
0000789019_0001564590-19-027952,789019,Microsoft Corporation,MSFT,2019-06-30,2019-08-01,0001564590-19-027952,revenue,RevenueFromContractWithCustomerExcludingAssessedTax,USD,125843000000.0
0000789019_0001564590-19-027952,789019,Microsoft Corporation,MSFT,2019-06-30,2019-08-01,0001564590-19-027952,operating_income,OperatingIncomeLoss,USD,42959000000.0
0000789019_0001564590-19-027952,789019,Microsoft Corporation,MSFT,2019-06-30,2019-08-01,0001564590-19-027952,net_income,NetIncomeLoss,USD,39240000000.0
0000789019_0001564590-19-027952,789019,Microsoft Corporation,MSFT,2019-06-30,2019-08-01,0001564590-19-027952,eps_diluted,EarningsPerShareDiluted,USD/shares,5.06
0000789019_0001564590-19-027952,789019,Microsoft Corporation,MSFT,2019-06-30,2019-08-01,0001564590-19-027952,total_assets,Assets,USD,286556000000.0
0000789019_0001564590-19-027952,789019,Microsoft Corporation,MSFT,2019-06-30,2019-08-01,0001564590-19-027952,total_liabilities,Liabilities,USD,184226000000.0
0000789019_0001564590-19-027952,789019,Microsoft Corporation,MSFT,2019-06-30,2019-08-01,0001564590-19-027952,stockholders_equity,StockholdersEquity,USD,102330000000.0
0000789019_0001564590-19-027952,789019,Microsoft Corporation,MSFT,2019-06-30,2019-08-01,0001564590-19-027952,cash_and_equivalents,CashAndCashEquivalentsAtCarryingValue,USD,11356000000.0
0000789019_0001564590-19-027952,789019,Microsoft Corporation,MSFT,2019-06-30,2019-08-01,0001564590-19-027952,operating_cash_flow,NetCashProvidedByUsedInOperatingActivities,USD,52185000000.0
0000789019_0001564590-20-034944,789019,Microsoft Corporation,MSFT,2020-06-30,2020-07-30,0001564590-20-034944,revenue,RevenueFromContractWithCustomerExcludingAssessedTax,USD,143015000000.0
0000789019_0001564590-20-034944,789019,Microsoft Corporation,MSFT,2020-06-30,2020-07-30,0001564590-20-034944,operating_income,OperatingIncomeLoss,USD,52959000000.0
0000789019_0001564590-20-034944,789019,Microsoft Corporation,MSFT,2020-06-30,2020-07-30,0001564590-20-034944,net_income,NetIncomeLoss,USD,44281000000.0
0000789019_0001564590-20-034944,789019,Microsoft Corporation,MSFT,2020-06-30,2020-07-30,0001564590-20-034944,eps_diluted,EarningsPerShareDiluted,USD/shares,5.76
0000789019_0001564590-20-034944,789019,Microsoft Corporation,MSFT,2020-06-30,2020-07-30,0001564590-20-034944,total_assets,Assets,USD,301311000000.0
0000789019_0001564590-20-034944,789019,Microsoft Corporation,MSFT,2020-06-30,2020-07-30,0001564590-20-034944,total_liabilities,Liabilities,USD,183007000000.0
0000789019_0001564590-20-034944,789019,Microsoft Corporation,MSFT,2020-06-30,2020-07-30,0001564590-20-034944,stockholders_equity,StockholdersEquity,USD,118304000000.0
0000789019_0001564590-20-034944,789019,Microsoft Corporation,MSFT,2020-06-30,2020-07-30,0001564590-20-034944,cash_and_equivalents,CashAndCashEquivalentsAtCarryingValue,USD,13576000000.0
0000789019_0001564590-20-034944,789019,Microsoft Corporation,MSFT,2020-06-30,2020-07-30,0001564590-20-034944,operating_cash_flow,NetCashProvidedByUsedInOperatingActivities,USD,60675000000.0
0000789019_0001564590-21-039151,789019,Microsoft Corporation,MSFT,2021-06-30,2021-07-29,0001564590-21-039151,revenue,RevenueFromContractWithCustomerExcludingAssessedTax,USD,168088000000.0
0000789019_0001564590-21-039151,789019,Microsoft Corporation,MSFT,2021-06-30,2021-07-29,0001564590-21-039151,operating_income,OperatingIncomeLoss,USD,69916000000.0
0000789019_0001564590-21-039151,789019,Microsoft Corporation,MSFT,2021-06-30,2021-07-29,0001564590-21-039151,net_income,NetIncomeLoss,USD,61271000000.0
0000789019_0001564590-21-039151,789019,Microsoft Corporation,MSFT,2021-06-30,2021-07-29,0001564590-21-039151,eps_diluted,EarningsPerShareDiluted,USD/shares,8.05
0000789019_0001564590-21-039151,789019,Microsoft Corporation,MSFT,2021-06-30,2021-07-29,0001564590-21-039151,total_assets,Assets,USD,333779000000.0
0000789019_0001564590-21-039151,789019,Microsoft Corporation,MSFT,2021-06-30,2021-07-29,0001564590-21-039151,total_liabilities,Liabilities,USD,191791000000.0
0000789019_0001564590-21-039151,789019,Microsoft Corporation,MSFT,2021-06-30,2021-07-29,0001564590-21-039151,stockholders_equity,StockholdersEquity,USD,141988000000.0
0000789019_0001564590-21-039151,789019,Microsoft Corporation,MSFT,2021-06-30,2021-07-29,0001564590-21-039151,cash_and_equivalents,CashAndCashEquivalentsAtCarryingValue,USD,14224000000.0
0000789019_0001564590-21-039151,789019,Microsoft Corporation,MSFT,2021-06-30,2021-07-29,0001564590-21-039151,operating_cash_flow,NetCashProvidedByUsedInOperatingActivities,USD,76740000000.0
0000789019_0001564590-22-026876,789019,Microsoft Corporation,MSFT,2022-06-30,2022-07-28,0001564590-22-026876,revenue,RevenueFromContractWithCustomerExcludingAssessedTax,USD,198270000000.0
0000789019_0001564590-22-026876,789019,Microsoft Corporation,MSFT,2022-06-30,2022-07-28,0001564590-22-026876,operating_income,OperatingIncomeLoss,USD,83383000000.0
0000789019_0001564590-22-026876,789019,Microsoft Corporation,MSFT,2022-06-30,2022-07-28,0001564590-22-026876,net_income,NetIncomeLoss,USD,72738000000.0
0000789019_0001564590-22-026876,789019,Microsoft Corporation,MSFT,2022-06-30,2022-07-28,0001564590-22-026876,eps_diluted,EarningsPerShareDiluted,USD/shares,9.65
0000789019_0001564590-22-026876,789019,Microsoft Corporation,MSFT,2022-06-30,2022-07-28,0001564590-22-026876,total_assets,Assets,USD,364840000000.0
0000789019_0001564590-22-026876,789019,Microsoft Corporation,MSFT,2022-06-30,2022-07-28,0001564590-22-026876,total_liabilities,Liabilities,USD,198298000000.0
0000789019_0001564590-22-026876,789019,Microsoft Corporation,MSFT,2022-06-30,2022-07-28,0001564590-22-026876,stockholders_equity,StockholdersEquity,USD,166542000000.0
0000789019_0001564590-22-026876,789019,Microsoft Corporation,MSFT,2022-06-30,2022-07-28,0001564590-22-026876,cash_and_equivalents,CashAndCashEquivalentsAtCarryingValue,USD,13931000000.0
0000789019_0001564590-22-026876,789019,Microsoft Corporation,MSFT,2022-06-30,2022-07-28,0001564590-22-026876,operating_cash_flow,NetCashProvidedByUsedInOperatingActivities,USD,89035000000.0
0000789019_0000950170-23-035122,789019,Microsoft Corporation,MSFT,2023-06-30,2023-07-27,0000950170-23-035122,revenue,RevenueFromContractWithCustomerExcludingAssessedTax,USD,211915000000.0
0000789019_0000950170-23-035122,789019,Microsoft Corporation,MSFT,2023-06-30,2023-07-27,0000950170-23-035122,operating_income,OperatingIncomeLoss,USD,88523000000.0
0000789019_0000950170-23-035122,789019,Microsoft Corporation,MSFT,2023-06-30,2023-07-27,0000950170-23-035122,net_income,NetIncomeLoss,USD,72361000000.0
0000789019_0000950170-23-035122,789019,Microsoft Corporation,MSFT,2023-06-30,2023-07-27,0000950170-23-035122,eps_diluted,EarningsPerShareDiluted,USD/shares,9.68
0000789019_0000950170-23-035122,789019,Microsoft Corporation,MSFT,2023-06-30,2023-07-27,0000950170-23-035122,total_assets,Assets,USD,411976000000.0
0000789019_0000950170-23-035122,789019,Microsoft Corporation,MSFT,2023-06-30,2023-07-27,0000950170-23-035122,total_liabilities,Liabilities,USD,205753000000.0
0000789019_0000950170-23-035122,789019,Microsoft Corporation,MSFT,2023-06-30,2023-07-27,0000950170-23-035122,stockholders_equity,StockholdersEquity,USD,206223000000.0
0000789019_0000950170-23-035122,789019,Microsoft Corporation,MSFT,2023-06-30,2023-07-27,0000950170-23-035122,cash_and_equivalents,CashAndCashEquivalentsAtCarryingValue,USD,34704000000.0
0000789019_0000950170-23-035122,789019,Microsoft Corporation,MSFT,2023-06-30,2023-07-27,0000950170-23-035122,operating_cash_flow,NetCashProvidedByUsedInOperatingActivities,USD,87582000000.0
0000789019_0000950170-24-087843,789019,Microsoft Corporation,MSFT,2024-06-30,2024-07-30,0000950170-24-087843,revenue,RevenueFromContractWithCustomerExcludingAssessedTax,USD,245122000000.0
0000789019_0000950170-24-087843,789019,Microsoft Corporation,MSFT,2024-06-30,2024-07-30,0000950170-24-087843,operating_income,OperatingIncomeLoss,USD,109433000000.0
0000789019_0000950170-24-087843,789019,Microsoft Corporation,MSFT,2024-06-30,2024-07-30,0000950170-24-087843,net_income,NetIncomeLoss,USD,88136000000.0
0000789019_0000950170-24-087843,789019,Microsoft Corporation,MSFT,2024-06-30,2024-07-30,0000950170-24-087843,eps_diluted,EarningsPerShareDiluted,USD/shares,11.8
0000789019_0000950170-24-087843,789019,Microsoft Corporation,MSFT,2024-06-30,2024-07-30,0000950170-24-087843,total_assets,Assets,USD,512163000000.0
0000789019_0000950170-24-087843,789019,Microsoft Corporation,MSFT,2024-06-30,2024-07-30,0000950170-24-087843,total_liabilities,Liabilities,USD,243686000000.0
0000789019_0000950170-24-087843,789019,Microsoft Corporation,MSFT,2024-06-30,2024-07-30,0000950170-24-087843,stockholders_equity,StockholdersEquity,USD,268477000000.0
0000789019_0000950170-24-087843,789019,Microsoft Corporation,MSFT,2024-06-30,2024-07-30,0000950170-24-087843,cash_and_equivalents,CashAndCashEquivalentsAtCarryingValue,USD,18315000000.0
0000789019_0000950170-24-087843,789019,Microsoft Corporation,MSFT,2024-06-30,2024-07-30,0000950170-24-087843,operating_cash_flow,NetCashProvidedByUsedInOperatingActivities,USD,118548000000.0
0000858877_0000858877-19-000012,858877,"Cisco Systems, Inc.",CSCO,2019-07-27,2019-09-05,0000858877-19-000012,revenue,RevenueFromContractWithCustomerExcludingAssessedTax,USD,51904000000.0
0000858877_0000858877-19-000012,858877,"Cisco Systems, Inc.",CSCO,2019-07-27,2019-09-05,0000858877-19-000012,operating_income,OperatingIncomeLoss,USD,14219000000.0
0000858877_0000858877-19-000012,858877,"Cisco Systems, Inc.",CSCO,2019-07-27,2019-09-05,0000858877-19-000012,net_income,NetIncomeLoss,USD,11621000000.0
0000858877_0000858877-19-000012,858877,"Cisco Systems, Inc.",CSCO,2019-07-27,2019-09-05,0000858877-19-000012,eps_diluted,EarningsPerShareDiluted,USD/shares,2.61
0000858877_0000858877-19-000012,858877,"Cisco Systems, Inc.",CSCO,2019-07-27,2019-09-05,0000858877-19-000012,total_assets,Assets,USD,97793000000.0
0000858877_0000858877-19-000012,858877,"Cisco Systems, Inc.",CSCO,2019-07-27,2019-09-05,0000858877-19-000012,total_liabilities,Liabilities,USD,64222000000.0
0000858877_0000858877-19-000012,858877,"Cisco Systems, Inc.",CSCO,2019-07-27,2019-09-05,0000858877-19-000012,stockholders_equity,StockholdersEquity,USD,33571000000.0
0000858877_0000858877-19-000012,858877,"Cisco Systems, Inc.",CSCO,2019-07-27,2019-09-05,0000858877-19-000012,cash_and_equivalents,CashAndCashEquivalentsAtCarryingValue,USD,11750000000.0
0000858877_0000858877-19-000012,858877,"Cisco Systems, Inc.",CSCO,2019-07-27,2019-09-05,0000858877-19-000012,operating_cash_flow,NetCashProvidedByUsedInOperatingActivities,USD,15831000000.0
0000858877_0000858877-20-000010,858877,"Cisco Systems, Inc.",CSCO,2020-07-25,2020-09-03,0000858877-20-000010,revenue,RevenueFromContractWithCustomerExcludingAssessedTax,USD,49301000000.0
0000858877_0000858877-20-000010,858877,"Cisco Systems, Inc.",CSCO,2020-07-25,2020-09-03,0000858877-20-000010,operating_income,OperatingIncomeLoss,USD,13620000000.0
0000858877_0000858877-20-000010,858877,"Cisco Systems, Inc.",CSCO,2020-07-25,2020-09-03,0000858877-20-000010,net_income,NetIncomeLoss,USD,11214000000.0
0000858877_0000858877-20-000010,858877,"Cisco Systems, Inc.",CSCO,2020-07-25,2020-09-03,0000858877-20-000010,eps_diluted,EarningsPerShareDiluted,USD/shares,2.64
0000858877_0000858877-20-000010,858877,"Cisco Systems, Inc.",CSCO,2020-07-25,2020-09-03,0000858877-20-000010,total_assets,Assets,USD,94853000000.0
0000858877_0000858877-20-000010,858877,"Cisco Systems, Inc.",CSCO,2020-07-25,2020-09-03,0000858877-20-000010,total_liabilities,Liabilities,USD,56933000000.0
0000858877_0000858877-20-000010,858877,"Cisco Systems, Inc.",CSCO,2020-07-25,2020-09-03,0000858877-20-000010,stockholders_equity,StockholdersEquity,USD,37920000000.0
0000858877_0000858877-20-000010,858877,"Cisco Systems, Inc.",CSCO,2020-07-25,2020-09-03,0000858877-20-000010,cash_and_equivalents,CashAndCashEquivalentsAtCarryingValue,USD,11809000000.0
0000858877_0000858877-20-000010,858877,"Cisco Systems, Inc.",CSCO,2020-07-25,2020-09-03,0000858877-20-000010,operating_cash_flow,NetCashProvidedByUsedInOperatingActivities,USD,15426000000.0
0000858877_0000858877-21-000013,858877,"Cisco Systems, Inc.",CSCO,2021-07-31,2021-09-09,0000858877-21-000013,revenue,RevenueFromContractWithCustomerExcludingAssessedTax,USD,49818000000.0
0000858877_0000858877-21-000013,858877,"Cisco Systems, Inc.",CSCO,2021-07-31,2021-09-09,0000858877-21-000013,operating_income,OperatingIncomeLoss,USD,12833000000.0
0000858877_0000858877-21-000013,858877,"Cisco Systems, Inc.",CSCO,2021-07-31,2021-09-09,0000858877-21-000013,net_income,NetIncomeLoss,USD,10591000000.0
0000858877_0000858877-21-000013,858877,"Cisco Systems, Inc.",CSCO,2021-07-31,2021-09-09,0000858877-21-000013,eps_diluted,EarningsPerShareDiluted,USD/shares,2.5
0000858877_0000858877-21-000013,858877,"Cisco Systems, Inc.",CSCO,2021-07-31,2021-09-09,0000858877-21-000013,total_assets,Assets,USD,97497000000.0
0000858877_0000858877-21-000013,858877,"Cisco Systems, Inc.",CSCO,2021-07-31,2021-09-09,0000858877-21-000013,total_liabilities,Liabilities,USD,56222000000.0
0000858877_0000858877-21-000013,858877,"Cisco Systems, Inc.",CSCO,2021-07-31,2021-09-09,0000858877-21-000013,stockholders_equity,StockholdersEquity,USD,41275000000.0
0000858877_0000858877-21-000013,858877,"Cisco Systems, Inc.",CSCO,2021-07-31,2021-09-09,0000858877-21-000013,cash_and_equivalents,CashAndCashEquivalentsAtCarryingValue,USD,9175000000.0
0000858877_0000858877-21-000013,858877,"Cisco Systems, Inc.",CSCO,2021-07-31,2021-09-09,0000858877-21-000013,operating_cash_flow,NetCashProvidedByUsedInOperatingActivities,USD,15454000000.0
0000858877_0000858877-22-000013,858877,"Cisco Systems, Inc.",CSCO,2022-07-30,2022-09-08,0000858877-22-000013,revenue,RevenueFromContractWithCustomerExcludingAssessedTax,USD,51557000000.0
0000858877_0000858877-22-000013,858877,"Cisco Systems, Inc.",CSCO,2022-07-30,2022-09-08,0000858877-22-000013,operating_income,OperatingIncomeLoss,USD,13969000000.0
0000858877_0000858877-22-000013,858877,"Cisco Systems, Inc.",CSCO,2022-07-30,2022-09-08,0000858877-22-000013,net_income,NetIncomeLoss,USD,11812000000.0
0000858877_0000858877-22-000013,858877,"Cisco Systems, Inc.",CSCO,2022-07-30,2022-09-08,0000858877-22-000013,eps_diluted,EarningsPerShareDiluted,USD/shares,2.82
0000858877_0000858877-22-000013,858877,"Cisco Systems, Inc.",CSCO,2022-07-30,2022-09-08,0000858877-22-000013,total_assets,Assets,USD,94002000000.0
0000858877_0000858877-22-000013,858877,"Cisco Systems, Inc.",CSCO,2022-07-30,2022-09-08,0000858877-22-000013,total_liabilities,Liabilities,USD,54229000000.0
0000858877_0000858877-22-000013,858877,"Cisco Systems, Inc.",CSCO,2022-07-30,2022-09-08,0000858877-22-000013,stockholders_equity,StockholdersEquity,USD,39773000000.0
0000858877_0000858877-22-000013,858877,"Cisco Systems, Inc.",CSCO,2022-07-30,2022-09-08,0000858877-22-000013,cash_and_equivalents,CashAndCashEquivalentsAtCarryingValue,USD,7079000000.0
0000858877_0000858877-22-000013,858877,"Cisco Systems, Inc.",CSCO,2022-07-30,2022-09-08,0000858877-22-000013,operating_cash_flow,NetCashProvidedByUsedInOperatingActivities,USD,13226000000.0
0000858877_0000858877-23-000023,858877,"Cisco Systems, Inc.",CSCO,2023-07-29,2023-09-07,0000858877-23-000023,revenue,RevenueFromContractWithCustomerExcludingAssessedTax,USD,56998000000.0
0000858877_0000858877-23-000023,858877,"Cisco Systems, Inc.",CSCO,2023-07-29,2023-09-07,0000858877-23-000023,operating_income,OperatingIncomeLoss,USD,15031000000.0
0000858877_0000858877-23-000023,858877,"Cisco Systems, Inc.",CSCO,2023-07-29,2023-09-07,0000858877-23-000023,net_income,NetIncomeLoss,USD,12613000000.0
0000858877_0000858877-23-000023,858877,"Cisco Systems, Inc.",CSCO,2023-07-29,2023-09-07,0000858877-23-000023,eps_diluted,EarningsPerShareDiluted,USD/shares,3.07
0000858877_0000858877-23-000023,858877,"Cisco Systems, Inc.",CSCO,2023-07-29,2023-09-07,0000858877-23-000023,total_assets,Assets,USD,101852000000.0
0000858877_0000858877-23-000023,858877,"Cisco Systems, Inc.",CSCO,2023-07-29,2023-09-07,0000858877-23-000023,total_liabilities,Liabilities,USD,57499000000.0
0000858877_0000858877-23-000023,858877,"Cisco Systems, Inc.",CSCO,2023-07-29,2023-09-07,0000858877-23-000023,stockholders_equity,StockholdersEquity,USD,44353000000.0
0000858877_0000858877-23-000023,858877,"Cisco Systems, Inc.",CSCO,2023-07-29,2023-09-07,0000858877-23-000023,cash_and_equivalents,CashAndCashEquivalentsAtCarryingValue,USD,10123000000.0
0000858877_0000858877-23-000023,858877,"Cisco Systems, Inc.",CSCO,2023-07-29,2023-09-07,0000858877-23-000023,operating_cash_flow,NetCashProvidedByUsedInOperatingActivities,USD,19886000000.0
0000858877_0000858877-24-000017,858877,"Cisco Systems, Inc.",CSCO,2024-07-27,2024-09-05,0000858877-24-000017,revenue,RevenueFromContractWithCustomerExcludingAssessedTax,USD,53803000000.0
0000858877_0000858877-24-000017,858877,"Cisco Systems, Inc.",CSCO,2024-07-27,2024-09-05,0000858877-24-000017,operating_income,OperatingIncomeLoss,USD,12181000000.0
0000858877_0000858877-24-000017,858877,"Cisco Systems, Inc.",CSCO,2024-07-27,2024-09-05,0000858877-24-000017,net_income,NetIncomeLoss,USD,10320000000.0
0000858877_0000858877-24-000017,858877,"Cisco Systems, Inc.",CSCO,2024-07-27,2024-09-05,0000858877-24-000017,eps_diluted,EarningsPerShareDiluted,USD/shares,2.54
0000858877_0000858877-24-000017,858877,"Cisco Systems, Inc.",CSCO,2024-07-27,2024-09-05,0000858877-24-000017,total_assets,Assets,USD,124413000000.0
0000858877_0000858877-24-000017,858877,"Cisco Systems, Inc.",CSCO,2024-07-27,2024-09-05,0000858877-24-000017,total_liabilities,Liabilities,USD,78956000000.0
0000858877_0000858877-24-000017,858877,"Cisco Systems, Inc.",CSCO,2024-07-27,2024-09-05,0000858877-24-000017,stockholders_equity,StockholdersEquity,USD,45457000000.0
0000858877_0000858877-24-000017,858877,"Cisco Systems, Inc.",CSCO,2024-07-27,2024-09-05,0000858877-24-000017,cash_and_equivalents,CashAndCashEquivalentsAtCarryingValue,USD,7508000000.0
0000858877_0000858877-24-000017,858877,"Cisco Systems, Inc.",CSCO,2024-07-27,2024-09-05,0000858877-24-000017,operating_cash_flow,NetCashProvidedByUsedInOperatingActivities,USD,10880000000.0
0000909832_0000909832-19-000019,909832,Costco Wholesale Corporation,COST,2019-09-01,2019-10-11,0000909832-19-000019,revenue,RevenueFromContractWithCustomerExcludingAssessedTax,USD,152703000000.0
0000909832_0000909832-19-000019,909832,Costco Wholesale Corporation,COST,2019-09-01,2019-10-11,0000909832-19-000019,operating_income,OperatingIncomeLoss,USD,4737000000.0
0000909832_0000909832-19-000019,909832,Costco Wholesale Corporation,COST,2019-09-01,2019-10-11,0000909832-19-000019,net_income,NetIncomeLoss,USD,3659000000.0
0000909832_0000909832-19-000019,909832,Costco Wholesale Corporation,COST,2019-09-01,2019-10-11,0000909832-19-000019,eps_diluted,EarningsPerShareDiluted,USD/shares,8.26
0000909832_0000909832-19-000019,909832,Costco Wholesale Corporation,COST,2019-09-01,2019-10-11,0000909832-19-000019,total_assets,Assets,USD,45400000000.0
0000909832_0000909832-19-000019,909832,Costco Wholesale Corporation,COST,2019-09-01,2019-10-11,0000909832-19-000019,total_liabilities,Liabilities,USD,29816000000.0
0000909832_0000909832-19-000019,909832,Costco Wholesale Corporation,COST,2019-09-01,2019-10-11,0000909832-19-000019,stockholders_equity,StockholdersEquity,USD,15243000000.0
0000909832_0000909832-19-000019,909832,Costco Wholesale Corporation,COST,2019-09-01,2019-10-11,0000909832-19-000019,cash_and_equivalents,CashAndCashEquivalentsAtCarryingValue,USD,8384000000.0
0000909832_0000909832-19-000019,909832,Costco Wholesale Corporation,COST,2019-09-01,2019-10-11,0000909832-19-000019,operating_cash_flow,NetCashProvidedByUsedInOperatingActivities,USD,6356000000.0
0000909832_0000909832-20-000017,909832,Costco Wholesale Corporation,COST,2020-08-30,2020-10-07,0000909832-20-000017,revenue,RevenueFromContractWithCustomerExcludingAssessedTax,USD,166761000000.0
0000909832_0000909832-20-000017,909832,Costco Wholesale Corporation,COST,2020-08-30,2020-10-07,0000909832-20-000017,operating_income,OperatingIncomeLoss,USD,5435000000.0
0000909832_0000909832-20-000017,909832,Costco Wholesale Corporation,COST,2020-08-30,2020-10-07,0000909832-20-000017,net_income,NetIncomeLoss,USD,4002000000.0
0000909832_0000909832-20-000017,909832,Costco Wholesale Corporation,COST,2020-08-30,2020-10-07,0000909832-20-000017,eps_diluted,EarningsPerShareDiluted,USD/shares,9.02
0000909832_0000909832-20-000017,909832,Costco Wholesale Corporation,COST,2020-08-30,2020-10-07,0000909832-20-000017,total_assets,Assets,USD,55556000000.0
0000909832_0000909832-20-000017,909832,Costco Wholesale Corporation,COST,2020-08-30,2020-10-07,0000909832-20-000017,total_liabilities,Liabilities,USD,36851000000.0
0000909832_0000909832-20-000017,909832,Costco Wholesale Corporation,COST,2020-08-30,2020-10-07,0000909832-20-000017,stockholders_equity,StockholdersEquity,USD,18284000000.0
0000909832_0000909832-20-000017,909832,Costco Wholesale Corporation,COST,2020-08-30,2020-10-07,0000909832-20-000017,cash_and_equivalents,CashAndCashEquivalentsAtCarryingValue,USD,12277000000.0
0000909832_0000909832-20-000017,909832,Costco Wholesale Corporation,COST,2020-08-30,2020-10-07,0000909832-20-000017,operating_cash_flow,NetCashProvidedByUsedInOperatingActivities,USD,8861000000.0
0000909832_0000909832-21-000014,909832,Costco Wholesale Corporation,COST,2021-08-29,2021-10-06,0000909832-21-000014,revenue,RevenueFromContractWithCustomerExcludingAssessedTax,USD,195929000000.0
0000909832_0000909832-21-000014,909832,Costco Wholesale Corporation,COST,2021-08-29,2021-10-06,0000909832-21-000014,operating_income,OperatingIncomeLoss,USD,6708000000.0
0000909832_0000909832-21-000014,909832,Costco Wholesale Corporation,COST,2021-08-29,2021-10-06,0000909832-21-000014,net_income,NetIncomeLoss,USD,5007000000.0
0000909832_0000909832-21-000014,909832,Costco Wholesale Corporation,COST,2021-08-29,2021-10-06,0000909832-21-000014,eps_diluted,EarningsPerShareDiluted,USD/shares,11.27
0000909832_0000909832-21-000014,909832,Costco Wholesale Corporation,COST,2021-08-29,2021-10-06,0000909832-21-000014,total_assets,Assets,USD,59268000000.0
0000909832_0000909832-21-000014,909832,Costco Wholesale Corporation,COST,2021-08-29,2021-10-06,0000909832-21-000014,total_liabilities,Liabilities,USD,41190000000.0
0000909832_0000909832-21-000014,909832,Costco Wholesale Corporation,COST,2021-08-29,2021-10-06,0000909832-21-000014,stockholders_equity,StockholdersEquity,USD,17564000000.0
0000909832_0000909832-21-000014,909832,Costco Wholesale Corporation,COST,2021-08-29,2021-10-06,0000909832-21-000014,cash_and_equivalents,CashAndCashEquivalentsAtCarryingValue,USD,11258000000.0
0000909832_0000909832-21-000014,909832,Costco Wholesale Corporation,COST,2021-08-29,2021-10-06,0000909832-21-000014,operating_cash_flow,NetCashProvidedByUsedInOperatingActivities,USD,8958000000.0
0000909832_0000909832-22-000021,909832,Costco Wholesale Corporation,COST,2022-08-28,2022-10-05,0000909832-22-000021,revenue,RevenueFromContractWithCustomerExcludingAssessedTax,USD,226954000000.0
0000909832_0000909832-22-000021,909832,Costco Wholesale Corporation,COST,2022-08-28,2022-10-05,0000909832-22-000021,operating_income,OperatingIncomeLoss,USD,7793000000.0
0000909832_0000909832-22-000021,909832,Costco Wholesale Corporation,COST,2022-08-28,2022-10-05,0000909832-22-000021,net_income,NetIncomeLoss,USD,5844000000.0
0000909832_0000909832-22-000021,909832,Costco Wholesale Corporation,COST,2022-08-28,2022-10-05,0000909832-22-000021,eps_diluted,EarningsPerShareDiluted,USD/shares,13.14
0000909832_0000909832-22-000021,909832,Costco Wholesale Corporation,COST,2022-08-28,2022-10-05,0000909832-22-000021,total_assets,Assets,USD,64166000000.0
0000909832_0000909832-22-000021,909832,Costco Wholesale Corporation,COST,2022-08-28,2022-10-05,0000909832-22-000021,total_liabilities,Liabilities,USD,43519000000.0
0000909832_0000909832-22-000021,909832,Costco Wholesale Corporation,COST,2022-08-28,2022-10-05,0000909832-22-000021,stockholders_equity,StockholdersEquity,USD,20642000000.0
0000909832_0000909832-22-000021,909832,Costco Wholesale Corporation,COST,2022-08-28,2022-10-05,0000909832-22-000021,cash_and_equivalents,CashAndCashEquivalentsAtCarryingValue,USD,10203000000.0
0000909832_0000909832-22-000021,909832,Costco Wholesale Corporation,COST,2022-08-28,2022-10-05,0000909832-22-000021,operating_cash_flow,NetCashProvidedByUsedInOperatingActivities,USD,7392000000.0
0000909832_0000909832-23-000042,909832,Costco Wholesale Corporation,COST,2023-09-03,2023-10-11,0000909832-23-000042,revenue,RevenueFromContractWithCustomerExcludingAssessedTax,USD,242290000000.0
0000909832_0000909832-23-000042,909832,Costco Wholesale Corporation,COST,2023-09-03,2023-10-11,0000909832-23-000042,operating_income,OperatingIncomeLoss,USD,8114000000.0
0000909832_0000909832-23-000042,909832,Costco Wholesale Corporation,COST,2023-09-03,2023-10-11,0000909832-23-000042,net_income,NetIncomeLoss,USD,6292000000.0
0000909832_0000909832-23-000042,909832,Costco Wholesale Corporation,COST,2023-09-03,2023-10-11,0000909832-23-000042,eps_diluted,EarningsPerShareDiluted,USD/shares,14.16
0000909832_0000909832-23-000042,909832,Costco Wholesale Corporation,COST,2023-09-03,2023-10-11,0000909832-23-000042,total_assets,Assets,USD,68994000000.0
0000909832_0000909832-23-000042,909832,Costco Wholesale Corporation,COST,2023-09-03,2023-10-11,0000909832-23-000042,total_liabilities,Liabilities,USD,43936000000.0
0000909832_0000909832-23-000042,909832,Costco Wholesale Corporation,COST,2023-09-03,2023-10-11,0000909832-23-000042,stockholders_equity,StockholdersEquity,USD,25058000000.0
0000909832_0000909832-23-000042,909832,Costco Wholesale Corporation,COST,2023-09-03,2023-10-11,0000909832-23-000042,cash_and_equivalents,CashAndCashEquivalentsAtCarryingValue,USD,13700000000.0
0000909832_0000909832-23-000042,909832,Costco Wholesale Corporation,COST,2023-09-03,2023-10-11,0000909832-23-000042,operating_cash_flow,NetCashProvidedByUsedInOperatingActivities,USD,11068000000.0
0000909832_0000909832-24-000049,909832,Costco Wholesale Corporation,COST,2024-09-01,2024-10-09,0000909832-24-000049,revenue,RevenueFromContractWithCustomerExcludingAssessedTax,USD,254453000000.0
0000909832_0000909832-24-000049,909832,Costco Wholesale Corporation,COST,2024-09-01,2024-10-09,0000909832-24-000049,operating_income,OperatingIncomeLoss,USD,9285000000.0
0000909832_0000909832-24-000049,909832,Costco Wholesale Corporation,COST,2024-09-01,2024-10-09,0000909832-24-000049,net_income,NetIncomeLoss,USD,7367000000.0
0000909832_0000909832-24-000049,909832,Costco Wholesale Corporation,COST,2024-09-01,2024-10-09,0000909832-24-000049,eps_diluted,EarningsPerShareDiluted,USD/shares,16.56
0000909832_0000909832-24-000049,909832,Costco Wholesale Corporation,COST,2024-09-01,2024-10-09,0000909832-24-000049,total_assets,Assets,USD,69831000000.0
0000909832_0000909832-24-000049,909832,Costco Wholesale Corporation,COST,2024-09-01,2024-10-09,0000909832-24-000049,total_liabilities,Liabilities,USD,46209000000.0
0000909832_0000909832-24-000049,909832,Costco Wholesale Corporation,COST,2024-09-01,2024-10-09,0000909832-24-000049,stockholders_equity,StockholdersEquity,USD,23622000000.0
0000909832_0000909832-24-000049,909832,Costco Wholesale Corporation,COST,2024-09-01,2024-10-09,0000909832-24-000049,cash_and_equivalents,CashAndCashEquivalentsAtCarryingValue,USD,9906000000.0
0000909832_0000909832-24-000049,909832,Costco Wholesale Corporation,COST,2024-09-01,2024-10-09,0000909832-24-000049,operating_cash_flow,NetCashProvidedByUsedInOperatingActivities,USD,11339000000.0
0001018724_0001018724-20-000004,1018724,"Amazon.com, Inc.",AMZN,2019-12-31,2020-01-31,0001018724-20-000004,revenue,RevenueFromContractWithCustomerExcludingAssessedTax,USD,280522000000.0
0001018724_0001018724-20-000004,1018724,"Amazon.com, Inc.",AMZN,2019-12-31,2020-01-31,0001018724-20-000004,operating_income,OperatingIncomeLoss,USD,14541000000.0
0001018724_0001018724-20-000004,1018724,"Amazon.com, Inc.",AMZN,2019-12-31,2020-01-31,0001018724-20-000004,net_income,NetIncomeLoss,USD,11588000000.0
0001018724_0001018724-20-000004,1018724,"Amazon.com, Inc.",AMZN,2019-12-31,2020-01-31,0001018724-20-000004,eps_diluted,EarningsPerShareDiluted,USD/shares,23.01
0001018724_0001018724-20-000004,1018724,"Amazon.com, Inc.",AMZN,2019-12-31,2020-01-31,0001018724-20-000004,total_assets,Assets,USD,225248000000.0
0001018724_0001018724-20-000004,1018724,"Amazon.com, Inc.",AMZN,2019-12-31,2020-01-31,0001018724-20-000004,stockholders_equity,StockholdersEquity,USD,62060000000.0
0001018724_0001018724-20-000004,1018724,"Amazon.com, Inc.",AMZN,2019-12-31,2020-01-31,0001018724-20-000004,cash_and_equivalents,CashAndCashEquivalentsAtCarryingValue,USD,36092000000.0
0001018724_0001018724-20-000004,1018724,"Amazon.com, Inc.",AMZN,2019-12-31,2020-01-31,0001018724-20-000004,operating_cash_flow,NetCashProvidedByUsedInOperatingActivities,USD,38514000000.0
0001018724_0001018724-21-000004,1018724,"Amazon.com, Inc.",AMZN,2020-12-31,2021-02-03,0001018724-21-000004,revenue,RevenueFromContractWithCustomerExcludingAssessedTax,USD,386064000000.0
0001018724_0001018724-21-000004,1018724,"Amazon.com, Inc.",AMZN,2020-12-31,2021-02-03,0001018724-21-000004,operating_income,OperatingIncomeLoss,USD,22899000000.0
0001018724_0001018724-21-000004,1018724,"Amazon.com, Inc.",AMZN,2020-12-31,2021-02-03,0001018724-21-000004,net_income,NetIncomeLoss,USD,21331000000.0
0001018724_0001018724-21-000004,1018724,"Amazon.com, Inc.",AMZN,2020-12-31,2021-02-03,0001018724-21-000004,eps_diluted,EarningsPerShareDiluted,USD/shares,41.83
0001018724_0001018724-21-000004,1018724,"Amazon.com, Inc.",AMZN,2020-12-31,2021-02-03,0001018724-21-000004,total_assets,Assets,USD,321195000000.0
0001018724_0001018724-21-000004,1018724,"Amazon.com, Inc.",AMZN,2020-12-31,2021-02-03,0001018724-21-000004,stockholders_equity,StockholdersEquity,USD,93404000000.0
0001018724_0001018724-21-000004,1018724,"Amazon.com, Inc.",AMZN,2020-12-31,2021-02-03,0001018724-21-000004,cash_and_equivalents,CashAndCashEquivalentsAtCarryingValue,USD,42122000000.0
0001018724_0001018724-21-000004,1018724,"Amazon.com, Inc.",AMZN,2020-12-31,2021-02-03,0001018724-21-000004,operating_cash_flow,NetCashProvidedByUsedInOperatingActivities,USD,66064000000.0
0001018724_0001018724-22-000005,1018724,"Amazon.com, Inc.",AMZN,2021-12-31,2022-02-04,0001018724-22-000005,revenue,RevenueFromContractWithCustomerExcludingAssessedTax,USD,469822000000.0
0001018724_0001018724-22-000005,1018724,"Amazon.com, Inc.",AMZN,2021-12-31,2022-02-04,0001018724-22-000005,operating_income,OperatingIncomeLoss,USD,24879000000.0
0001018724_0001018724-22-000005,1018724,"Amazon.com, Inc.",AMZN,2021-12-31,2022-02-04,0001018724-22-000005,net_income,NetIncomeLoss,USD,33364000000.0
0001018724_0001018724-22-000005,1018724,"Amazon.com, Inc.",AMZN,2021-12-31,2022-02-04,0001018724-22-000005,eps_diluted,EarningsPerShareDiluted,USD/shares,64.81
0001018724_0001018724-22-000005,1018724,"Amazon.com, Inc.",AMZN,2021-12-31,2022-02-04,0001018724-22-000005,total_assets,Assets,USD,420549000000.0
0001018724_0001018724-22-000005,1018724,"Amazon.com, Inc.",AMZN,2021-12-31,2022-02-04,0001018724-22-000005,stockholders_equity,StockholdersEquity,USD,138245000000.0
0001018724_0001018724-22-000005,1018724,"Amazon.com, Inc.",AMZN,2021-12-31,2022-02-04,0001018724-22-000005,cash_and_equivalents,CashAndCashEquivalentsAtCarryingValue,USD,36220000000.0
0001018724_0001018724-22-000005,1018724,"Amazon.com, Inc.",AMZN,2021-12-31,2022-02-04,0001018724-22-000005,operating_cash_flow,NetCashProvidedByUsedInOperatingActivities,USD,46327000000.0
0001018724_0001018724-23-000004,1018724,"Amazon.com, Inc.",AMZN,2022-12-31,2023-02-03,0001018724-23-000004,revenue,RevenueFromContractWithCustomerExcludingAssessedTax,USD,513983000000.0
0001018724_0001018724-23-000004,1018724,"Amazon.com, Inc.",AMZN,2022-12-31,2023-02-03,0001018724-23-000004,operating_income,OperatingIncomeLoss,USD,12248000000.0
0001018724_0001018724-23-000004,1018724,"Amazon.com, Inc.",AMZN,2022-12-31,2023-02-03,0001018724-23-000004,net_income,NetIncomeLoss,USD,-2722000000.0
0001018724_0001018724-23-000004,1018724,"Amazon.com, Inc.",AMZN,2022-12-31,2023-02-03,0001018724-23-000004,eps_diluted,EarningsPerShareDiluted,USD/shares,-0.27
0001018724_0001018724-23-000004,1018724,"Amazon.com, Inc.",AMZN,2022-12-31,2023-02-03,0001018724-23-000004,total_assets,Assets,USD,462675000000.0
0001018724_0001018724-23-000004,1018724,"Amazon.com, Inc.",AMZN,2022-12-31,2023-02-03,0001018724-23-000004,stockholders_equity,StockholdersEquity,USD,146043000000.0
0001018724_0001018724-23-000004,1018724,"Amazon.com, Inc.",AMZN,2022-12-31,2023-02-03,0001018724-23-000004,cash_and_equivalents,CashAndCashEquivalentsAtCarryingValue,USD,53888000000.0
0001018724_0001018724-23-000004,1018724,"Amazon.com, Inc.",AMZN,2022-12-31,2023-02-03,0001018724-23-000004,operating_cash_flow,NetCashProvidedByUsedInOperatingActivities,USD,46752000000.0
0001018724_0001018724-24-000008,1018724,"Amazon.com, Inc.",AMZN,2023-12-31,2024-02-02,0001018724-24-000008,revenue,RevenueFromContractWithCustomerExcludingAssessedTax,USD,574785000000.0
0001018724_0001018724-24-000008,1018724,"Amazon.com, Inc.",AMZN,2023-12-31,2024-02-02,0001018724-24-000008,operating_income,OperatingIncomeLoss,USD,36852000000.0
0001018724_0001018724-24-000008,1018724,"Amazon.com, Inc.",AMZN,2023-12-31,2024-02-02,0001018724-24-000008,net_income,NetIncomeLoss,USD,30425000000.0
0001018724_0001018724-24-000008,1018724,"Amazon.com, Inc.",AMZN,2023-12-31,2024-02-02,0001018724-24-000008,eps_diluted,EarningsPerShareDiluted,USD/shares,2.9
0001018724_0001018724-24-000008,1018724,"Amazon.com, Inc.",AMZN,2023-12-31,2024-02-02,0001018724-24-000008,total_assets,Assets,USD,527854000000.0
0001018724_0001018724-24-000008,1018724,"Amazon.com, Inc.",AMZN,2023-12-31,2024-02-02,0001018724-24-000008,stockholders_equity,StockholdersEquity,USD,201875000000.0
0001018724_0001018724-24-000008,1018724,"Amazon.com, Inc.",AMZN,2023-12-31,2024-02-02,0001018724-24-000008,cash_and_equivalents,CashAndCashEquivalentsAtCarryingValue,USD,73387000000.0
0001018724_0001018724-24-000008,1018724,"Amazon.com, Inc.",AMZN,2023-12-31,2024-02-02,0001018724-24-000008,operating_cash_flow,NetCashProvidedByUsedInOperatingActivities,USD,84946000000.0
0001018724_0001018724-25-000004,1018724,"Amazon.com, Inc.",AMZN,2024-12-31,2025-02-07,0001018724-25-000004,revenue,RevenueFromContractWithCustomerExcludingAssessedTax,USD,637959000000.0
0001018724_0001018724-25-000004,1018724,"Amazon.com, Inc.",AMZN,2024-12-31,2025-02-07,0001018724-25-000004,operating_income,OperatingIncomeLoss,USD,68593000000.0
0001018724_0001018724-25-000004,1018724,"Amazon.com, Inc.",AMZN,2024-12-31,2025-02-07,0001018724-25-000004,net_income,NetIncomeLoss,USD,59248000000.0
0001018724_0001018724-25-000004,1018724,"Amazon.com, Inc.",AMZN,2024-12-31,2025-02-07,0001018724-25-000004,eps_diluted,EarningsPerShareDiluted,USD/shares,5.53
0001018724_0001018724-25-000004,1018724,"Amazon.com, Inc.",AMZN,2024-12-31,2025-02-07,0001018724-25-000004,total_assets,Assets,USD,624894000000.0
0001018724_0001018724-25-000004,1018724,"Amazon.com, Inc.",AMZN,2024-12-31,2025-02-07,0001018724-25-000004,stockholders_equity,StockholdersEquity,USD,285970000000.0
0001018724_0001018724-25-000004,1018724,"Amazon.com, Inc.",AMZN,2024-12-31,2025-02-07,0001018724-25-000004,cash_and_equivalents,CashAndCashEquivalentsAtCarryingValue,USD,78779000000.0
0001018724_0001018724-25-000004,1018724,"Amazon.com, Inc.",AMZN,2024-12-31,2025-02-07,0001018724-25-000004,operating_cash_flow,NetCashProvidedByUsedInOperatingActivities,USD,115877000000.0
0001045810_0001045810-19-000023,1045810,NVIDIA Corporation,NVDA,2019-01-27,2019-02-21,0001045810-19-000023,revenue,RevenueFromContractWithCustomerExcludingAssessedTax,USD,11716000000.0
0001045810_0001045810-19-000023,1045810,NVIDIA Corporation,NVDA,2019-01-27,2019-02-21,0001045810-19-000023,operating_income,OperatingIncomeLoss,USD,3804000000.0
0001045810_0001045810-19-000023,1045810,NVIDIA Corporation,NVDA,2019-01-27,2019-02-21,0001045810-19-000023,net_income,NetIncomeLoss,USD,4141000000.0
0001045810_0001045810-19-000023,1045810,NVIDIA Corporation,NVDA,2019-01-27,2019-02-21,0001045810-19-000023,eps_diluted,EarningsPerShareDiluted,USD/shares,6.63
0001045810_0001045810-19-000023,1045810,NVIDIA Corporation,NVDA,2019-01-27,2019-02-21,0001045810-19-000023,total_assets,Assets,USD,13292000000.0
0001045810_0001045810-19-000023,1045810,NVIDIA Corporation,NVDA,2019-01-27,2019-02-21,0001045810-19-000023,total_liabilities,Liabilities,USD,3950000000.0
0001045810_0001045810-19-000023,1045810,NVIDIA Corporation,NVDA,2019-01-27,2019-02-21,0001045810-19-000023,stockholders_equity,StockholdersEquity,USD,9342000000.0
0001045810_0001045810-19-000023,1045810,NVIDIA Corporation,NVDA,2019-01-27,2019-02-21,0001045810-19-000023,cash_and_equivalents,CashAndCashEquivalentsAtCarryingValue,USD,782000000.0
0001045810_0001045810-19-000023,1045810,NVIDIA Corporation,NVDA,2019-01-27,2019-02-21,0001045810-19-000023,operating_cash_flow,NetCashProvidedByUsedInOperatingActivities,USD,3743000000.0
0001045810_0001045810-20-000010,1045810,NVIDIA Corporation,NVDA,2020-01-26,2020-02-20,0001045810-20-000010,revenue,RevenueFromContractWithCustomerExcludingAssessedTax,USD,10918000000.0
0001045810_0001045810-20-000010,1045810,NVIDIA Corporation,NVDA,2020-01-26,2020-02-20,0001045810-20-000010,operating_income,OperatingIncomeLoss,USD,2846000000.0
0001045810_0001045810-20-000010,1045810,NVIDIA Corporation,NVDA,2020-01-26,2020-02-20,0001045810-20-000010,net_income,NetIncomeLoss,USD,2796000000.0
0001045810_0001045810-20-000010,1045810,NVIDIA Corporation,NVDA,2020-01-26,2020-02-20,0001045810-20-000010,eps_diluted,EarningsPerShareDiluted,USD/shares,4.52
0001045810_0001045810-20-000010,1045810,NVIDIA Corporation,NVDA,2020-01-26,2020-02-20,0001045810-20-000010,total_assets,Assets,USD,17315000000.0
0001045810_0001045810-20-000010,1045810,NVIDIA Corporation,NVDA,2020-01-26,2020-02-20,0001045810-20-000010,total_liabilities,Liabilities,USD,5111000000.0
0001045810_0001045810-20-000010,1045810,NVIDIA Corporation,NVDA,2020-01-26,2020-02-20,0001045810-20-000010,stockholders_equity,StockholdersEquity,USD,12204000000.0
0001045810_0001045810-20-000010,1045810,NVIDIA Corporation,NVDA,2020-01-26,2020-02-20,0001045810-20-000010,cash_and_equivalents,CashAndCashEquivalentsAtCarryingValue,USD,10896000000.0
0001045810_0001045810-20-000010,1045810,NVIDIA Corporation,NVDA,2020-01-26,2020-02-20,0001045810-20-000010,operating_cash_flow,NetCashProvidedByUsedInOperatingActivities,USD,4761000000.0
0001045810_0001045810-21-000010,1045810,NVIDIA Corporation,NVDA,2021-01-31,2021-02-26,0001045810-21-000010,revenue,RevenueFromContractWithCustomerExcludingAssessedTax,USD,16675000000.0
0001045810_0001045810-21-000010,1045810,NVIDIA Corporation,NVDA,2021-01-31,2021-02-26,0001045810-21-000010,operating_income,OperatingIncomeLoss,USD,4532000000.0
0001045810_0001045810-21-000010,1045810,NVIDIA Corporation,NVDA,2021-01-31,2021-02-26,0001045810-21-000010,net_income,NetIncomeLoss,USD,4332000000.0
0001045810_0001045810-21-000010,1045810,NVIDIA Corporation,NVDA,2021-01-31,2021-02-26,0001045810-21-000010,eps_diluted,EarningsPerShareDiluted,USD/shares,6.9
0001045810_0001045810-21-000010,1045810,NVIDIA Corporation,NVDA,2021-01-31,2021-02-26,0001045810-21-000010,total_assets,Assets,USD,28791000000.0
0001045810_0001045810-21-000010,1045810,NVIDIA Corporation,NVDA,2021-01-31,2021-02-26,0001045810-21-000010,total_liabilities,Liabilities,USD,11898000000.0
0001045810_0001045810-21-000010,1045810,NVIDIA Corporation,NVDA,2021-01-31,2021-02-26,0001045810-21-000010,stockholders_equity,StockholdersEquity,USD,16893000000.0
0001045810_0001045810-21-000010,1045810,NVIDIA Corporation,NVDA,2021-01-31,2021-02-26,0001045810-21-000010,cash_and_equivalents,CashAndCashEquivalentsAtCarryingValue,USD,847000000.0
0001045810_0001045810-21-000010,1045810,NVIDIA Corporation,NVDA,2021-01-31,2021-02-26,0001045810-21-000010,operating_cash_flow,NetCashProvidedByUsedInOperatingActivities,USD,5822000000.0
0001045810_0001045810-22-000036,1045810,NVIDIA Corporation,NVDA,2022-01-30,2022-03-18,0001045810-22-000036,revenue,RevenueFromContractWithCustomerExcludingAssessedTax,USD,26914000000.0
0001045810_0001045810-22-000036,1045810,NVIDIA Corporation,NVDA,2022-01-30,2022-03-18,0001045810-22-000036,operating_income,OperatingIncomeLoss,USD,10041000000.0
0001045810_0001045810-22-000036,1045810,NVIDIA Corporation,NVDA,2022-01-30,2022-03-18,0001045810-22-000036,net_income,NetIncomeLoss,USD,9752000000.0
0001045810_0001045810-22-000036,1045810,NVIDIA Corporation,NVDA,2022-01-30,2022-03-18,0001045810-22-000036,eps_diluted,EarningsPerShareDiluted,USD/shares,3.85
0001045810_0001045810-22-000036,1045810,NVIDIA Corporation,NVDA,2022-01-30,2022-03-18,0001045810-22-000036,total_assets,Assets,USD,44187000000.0
0001045810_0001045810-22-000036,1045810,NVIDIA Corporation,NVDA,2022-01-30,2022-03-18,0001045810-22-000036,total_liabilities,Liabilities,USD,17575000000.0
0001045810_0001045810-22-000036,1045810,NVIDIA Corporation,NVDA,2022-01-30,2022-03-18,0001045810-22-000036,stockholders_equity,StockholdersEquity,USD,26612000000.0
0001045810_0001045810-22-000036,1045810,NVIDIA Corporation,NVDA,2022-01-30,2022-03-18,0001045810-22-000036,cash_and_equivalents,CashAndCashEquivalentsAtCarryingValue,USD,1990000000.0
0001045810_0001045810-22-000036,1045810,NVIDIA Corporation,NVDA,2022-01-30,2022-03-18,0001045810-22-000036,operating_cash_flow,NetCashProvidedByUsedInOperatingActivities,USD,9108000000.0
0001045810_0001045810-23-000017,1045810,NVIDIA Corporation,NVDA,2023-01-29,2023-02-24,0001045810-23-000017,revenue,Revenues,USD,26974000000.0
0001045810_0001045810-23-000017,1045810,NVIDIA Corporation,NVDA,2023-01-29,2023-02-24,0001045810-23-000017,operating_income,OperatingIncomeLoss,USD,4224000000.0
0001045810_0001045810-23-000017,1045810,NVIDIA Corporation,NVDA,2023-01-29,2023-02-24,0001045810-23-000017,net_income,NetIncomeLoss,USD,4368000000.0
0001045810_0001045810-23-000017,1045810,NVIDIA Corporation,NVDA,2023-01-29,2023-02-24,0001045810-23-000017,eps_diluted,EarningsPerShareDiluted,USD/shares,1.74
0001045810_0001045810-23-000017,1045810,NVIDIA Corporation,NVDA,2023-01-29,2023-02-24,0001045810-23-000017,total_assets,Assets,USD,41182000000.0
0001045810_0001045810-23-000017,1045810,NVIDIA Corporation,NVDA,2023-01-29,2023-02-24,0001045810-23-000017,total_liabilities,Liabilities,USD,19081000000.0
0001045810_0001045810-23-000017,1045810,NVIDIA Corporation,NVDA,2023-01-29,2023-02-24,0001045810-23-000017,stockholders_equity,StockholdersEquity,USD,22101000000.0
0001045810_0001045810-23-000017,1045810,NVIDIA Corporation,NVDA,2023-01-29,2023-02-24,0001045810-23-000017,cash_and_equivalents,CashAndCashEquivalentsAtCarryingValue,USD,3389000000.0
0001045810_0001045810-23-000017,1045810,NVIDIA Corporation,NVDA,2023-01-29,2023-02-24,0001045810-23-000017,operating_cash_flow,NetCashProvidedByUsedInOperatingActivities,USD,5641000000.0
0001045810_0001045810-24-000029,1045810,NVIDIA Corporation,NVDA,2024-01-28,2024-02-21,0001045810-24-000029,revenue,Revenues,USD,60922000000.0
0001045810_0001045810-24-000029,1045810,NVIDIA Corporation,NVDA,2024-01-28,2024-02-21,0001045810-24-000029,operating_income,OperatingIncomeLoss,USD,32972000000.0
0001045810_0001045810-24-000029,1045810,NVIDIA Corporation,NVDA,2024-01-28,2024-02-21,0001045810-24-000029,net_income,NetIncomeLoss,USD,29760000000.0
0001045810_0001045810-24-000029,1045810,NVIDIA Corporation,NVDA,2024-01-28,2024-02-21,0001045810-24-000029,eps_diluted,EarningsPerShareDiluted,USD/shares,11.93
0001045810_0001045810-24-000029,1045810,NVIDIA Corporation,NVDA,2024-01-28,2024-02-21,0001045810-24-000029,total_assets,Assets,USD,65728000000.0
0001045810_0001045810-24-000029,1045810,NVIDIA Corporation,NVDA,2024-01-28,2024-02-21,0001045810-24-000029,total_liabilities,Liabilities,USD,22750000000.0
0001045810_0001045810-24-000029,1045810,NVIDIA Corporation,NVDA,2024-01-28,2024-02-21,0001045810-24-000029,stockholders_equity,StockholdersEquity,USD,42978000000.0
0001045810_0001045810-24-000029,1045810,NVIDIA Corporation,NVDA,2024-01-28,2024-02-21,0001045810-24-000029,cash_and_equivalents,CashAndCashEquivalentsAtCarryingValue,USD,7280000000.0
0001045810_0001045810-24-000029,1045810,NVIDIA Corporation,NVDA,2024-01-28,2024-02-21,0001045810-24-000029,operating_cash_flow,NetCashProvidedByUsedInOperatingActivities,USD,28090000000.0
0001318605_0001564590-20-004475,1318605,"Tesla, Inc.",TSLA,2019-12-31,2020-02-13,0001564590-20-004475,revenue,Revenues,USD,24578000000.0
0001318605_0001564590-20-004475,1318605,"Tesla, Inc.",TSLA,2019-12-31,2020-02-13,0001564590-20-004475,operating_income,OperatingIncomeLoss,USD,-69000000.0
0001318605_0001564590-20-004475,1318605,"Tesla, Inc.",TSLA,2019-12-31,2020-02-13,0001564590-20-004475,net_income,NetIncomeLoss,USD,-862000000.0
0001318605_0001564590-20-004475,1318605,"Tesla, Inc.",TSLA,2019-12-31,2020-02-13,0001564590-20-004475,eps_diluted,EarningsPerShareDiluted,USD/shares,-4.92
0001318605_0001564590-20-004475,1318605,"Tesla, Inc.",TSLA,2019-12-31,2020-02-13,0001564590-20-004475,total_assets,Assets,USD,34309000000.0
0001318605_0001564590-20-004475,1318605,"Tesla, Inc.",TSLA,2019-12-31,2020-02-13,0001564590-20-004475,total_liabilities,Liabilities,USD,26199000000.0
0001318605_0001564590-20-004475,1318605,"Tesla, Inc.",TSLA,2019-12-31,2020-02-13,0001564590-20-004475,stockholders_equity,StockholdersEquity,USD,6618000000.0
0001318605_0001564590-20-004475,1318605,"Tesla, Inc.",TSLA,2019-12-31,2020-02-13,0001564590-20-004475,cash_and_equivalents,CashAndCashEquivalentsAtCarryingValue,USD,6268000000.0
0001318605_0001564590-20-004475,1318605,"Tesla, Inc.",TSLA,2019-12-31,2020-02-13,0001564590-20-004475,operating_cash_flow,NetCashProvidedByUsedInOperatingActivities,USD,2405000000.0
0001318605_0001564590-21-004599,1318605,"Tesla, Inc.",TSLA,2020-12-31,2021-02-08,0001564590-21-004599,revenue,Revenues,USD,31536000000.0
0001318605_0001564590-21-004599,1318605,"Tesla, Inc.",TSLA,2020-12-31,2021-02-08,0001564590-21-004599,operating_income,OperatingIncomeLoss,USD,1994000000.0
0001318605_0001564590-21-004599,1318605,"Tesla, Inc.",TSLA,2020-12-31,2021-02-08,0001564590-21-004599,net_income,NetIncomeLoss,USD,721000000.0
0001318605_0001564590-21-004599,1318605,"Tesla, Inc.",TSLA,2020-12-31,2021-02-08,0001564590-21-004599,eps_diluted,EarningsPerShareDiluted,USD/shares,0.64
0001318605_0001564590-21-004599,1318605,"Tesla, Inc.",TSLA,2020-12-31,2021-02-08,0001564590-21-004599,total_assets,Assets,USD,52148000000.0
0001318605_0001564590-21-004599,1318605,"Tesla, Inc.",TSLA,2020-12-31,2021-02-08,0001564590-21-004599,total_liabilities,Liabilities,USD,28418000000.0
0001318605_0001564590-21-004599,1318605,"Tesla, Inc.",TSLA,2020-12-31,2021-02-08,0001564590-21-004599,stockholders_equity,StockholdersEquity,USD,22225000000.0
0001318605_0001564590-21-004599,1318605,"Tesla, Inc.",TSLA,2020-12-31,2021-02-08,0001564590-21-004599,cash_and_equivalents,CashAndCashEquivalentsAtCarryingValue,USD,19384000000.0
0001318605_0001564590-21-004599,1318605,"Tesla, Inc.",TSLA,2020-12-31,2021-02-08,0001564590-21-004599,operating_cash_flow,NetCashProvidedByUsedInOperatingActivities,USD,5943000000.0
0001318605_0000950170-22-000796,1318605,"Tesla, Inc.",TSLA,2021-12-31,2022-02-07,0000950170-22-000796,revenue,Revenues,USD,53823000000.0
0001318605_0000950170-22-000796,1318605,"Tesla, Inc.",TSLA,2021-12-31,2022-02-07,0000950170-22-000796,operating_income,OperatingIncomeLoss,USD,6523000000.0
0001318605_0000950170-22-000796,1318605,"Tesla, Inc.",TSLA,2021-12-31,2022-02-07,0000950170-22-000796,net_income,NetIncomeLoss,USD,5519000000.0
0001318605_0000950170-22-000796,1318605,"Tesla, Inc.",TSLA,2021-12-31,2022-02-07,0000950170-22-000796,eps_diluted,EarningsPerShareDiluted,USD/shares,4.9
0001318605_0000950170-22-000796,1318605,"Tesla, Inc.",TSLA,2021-12-31,2022-02-07,0000950170-22-000796,total_assets,Assets,USD,62131000000.0
0001318605_0000950170-22-000796,1318605,"Tesla, Inc.",TSLA,2021-12-31,2022-02-07,0000950170-22-000796,total_liabilities,Liabilities,USD,30548000000.0
0001318605_0000950170-22-000796,1318605,"Tesla, Inc.",TSLA,2021-12-31,2022-02-07,0000950170-22-000796,stockholders_equity,StockholdersEquity,USD,30189000000.0
0001318605_0000950170-22-000796,1318605,"Tesla, Inc.",TSLA,2021-12-31,2022-02-07,0000950170-22-000796,cash_and_equivalents,CashAndCashEquivalentsAtCarryingValue,USD,17576000000.0
0001318605_0000950170-22-000796,1318605,"Tesla, Inc.",TSLA,2021-12-31,2022-02-07,0000950170-22-000796,operating_cash_flow,NetCashProvidedByUsedInOperatingActivities,USD,11497000000.0
0001318605_0000950170-23-001409,1318605,"Tesla, Inc.",TSLA,2022-12-31,2023-01-31,0000950170-23-001409,revenue,Revenues,USD,81462000000.0
0001318605_0000950170-23-001409,1318605,"Tesla, Inc.",TSLA,2022-12-31,2023-01-31,0000950170-23-001409,operating_income,OperatingIncomeLoss,USD,13656000000.0
0001318605_0000950170-23-001409,1318605,"Tesla, Inc.",TSLA,2022-12-31,2023-01-31,0000950170-23-001409,net_income,NetIncomeLoss,USD,12556000000.0
0001318605_0000950170-23-001409,1318605,"Tesla, Inc.",TSLA,2022-12-31,2023-01-31,0000950170-23-001409,eps_diluted,EarningsPerShareDiluted,USD/shares,3.62
0001318605_0000950170-23-001409,1318605,"Tesla, Inc.",TSLA,2022-12-31,2023-01-31,0000950170-23-001409,total_assets,Assets,USD,82338000000.0
0001318605_0000950170-23-001409,1318605,"Tesla, Inc.",TSLA,2022-12-31,2023-01-31,0000950170-23-001409,total_liabilities,Liabilities,USD,36440000000.0
0001318605_0000950170-23-001409,1318605,"Tesla, Inc.",TSLA,2022-12-31,2023-01-31,0000950170-23-001409,stockholders_equity,StockholdersEquity,USD,44704000000.0
0001318605_0000950170-23-001409,1318605,"Tesla, Inc.",TSLA,2022-12-31,2023-01-31,0000950170-23-001409,cash_and_equivalents,CashAndCashEquivalentsAtCarryingValue,USD,16253000000.0
0001318605_0000950170-23-001409,1318605,"Tesla, Inc.",TSLA,2022-12-31,2023-01-31,0000950170-23-001409,operating_cash_flow,NetCashProvidedByUsedInOperatingActivities,USD,14724000000.0
0001318605_0001628280-24-002390,1318605,"Tesla, Inc.",TSLA,2023-12-31,2024-01-29,0001628280-24-002390,revenue,RevenueFromContractWithCustomerExcludingAssessedTax,USD,96773000000.0
0001318605_0001628280-24-002390,1318605,"Tesla, Inc.",TSLA,2023-12-31,2024-01-29,0001628280-24-002390,operating_income,OperatingIncomeLoss,USD,8891000000.0
0001318605_0001628280-24-002390,1318605,"Tesla, Inc.",TSLA,2023-12-31,2024-01-29,0001628280-24-002390,net_income,NetIncomeLoss,USD,14997000000.0
0001318605_0001628280-24-002390,1318605,"Tesla, Inc.",TSLA,2023-12-31,2024-01-29,0001628280-24-002390,eps_diluted,EarningsPerShareDiluted,USD/shares,4.3
0001318605_0001628280-24-002390,1318605,"Tesla, Inc.",TSLA,2023-12-31,2024-01-29,0001628280-24-002390,total_assets,Assets,USD,106618000000.0
0001318605_0001628280-24-002390,1318605,"Tesla, Inc.",TSLA,2023-12-31,2024-01-29,0001628280-24-002390,total_liabilities,Liabilities,USD,43009000000.0
0001318605_0001628280-24-002390,1318605,"Tesla, Inc.",TSLA,2023-12-31,2024-01-29,0001628280-24-002390,stockholders_equity,StockholdersEquity,USD,62634000000.0
0001318605_0001628280-24-002390,1318605,"Tesla, Inc.",TSLA,2023-12-31,2024-01-29,0001628280-24-002390,cash_and_equivalents,CashAndCashEquivalentsAtCarryingValue,USD,16398000000.0
0001318605_0001628280-24-002390,1318605,"Tesla, Inc.",TSLA,2023-12-31,2024-01-29,0001628280-24-002390,operating_cash_flow,NetCashProvidedByUsedInOperatingActivities,USD,13256000000.0
0001318605_0001628280-25-003063,1318605,"Tesla, Inc.",TSLA,2024-12-31,2025-01-30,0001628280-25-003063,revenue,RevenueFromContractWithCustomerExcludingAssessedTax,USD,97690000000.0
0001318605_0001628280-25-003063,1318605,"Tesla, Inc.",TSLA,2024-12-31,2025-01-30,0001628280-25-003063,operating_income,OperatingIncomeLoss,USD,7076000000.0
0001318605_0001628280-25-003063,1318605,"Tesla, Inc.",TSLA,2024-12-31,2025-01-30,0001628280-25-003063,net_income,NetIncomeLoss,USD,7091000000.0
0001318605_0001628280-25-003063,1318605,"Tesla, Inc.",TSLA,2024-12-31,2025-01-30,0001628280-25-003063,eps_diluted,EarningsPerShareDiluted,USD/shares,2.04
0001318605_0001628280-25-003063,1318605,"Tesla, Inc.",TSLA,2024-12-31,2025-01-30,0001628280-25-003063,total_assets,Assets,USD,122070000000.0
0001318605_0001628280-25-003063,1318605,"Tesla, Inc.",TSLA,2024-12-31,2025-01-30,0001628280-25-003063,total_liabilities,Liabilities,USD,48390000000.0
0001318605_0001628280-25-003063,1318605,"Tesla, Inc.",TSLA,2024-12-31,2025-01-30,0001628280-25-003063,stockholders_equity,StockholdersEquity,USD,72913000000.0
0001318605_0001628280-25-003063,1318605,"Tesla, Inc.",TSLA,2024-12-31,2025-01-30,0001628280-25-003063,cash_and_equivalents,CashAndCashEquivalentsAtCarryingValue,USD,16139000000.0
0001318605_0001628280-25-003063,1318605,"Tesla, Inc.",TSLA,2024-12-31,2025-01-30,0001628280-25-003063,operating_cash_flow,NetCashProvidedByUsedInOperatingActivities,USD,14923000000.0
0001326801_0001326801-20-000013,1326801,"Meta Platforms, Inc.",META,2019-12-31,2020-01-30,0001326801-20-000013,revenue,RevenueFromContractWithCustomerExcludingAssessedTax,USD,70697000000.0
0001326801_0001326801-20-000013,1326801,"Meta Platforms, Inc.",META,2019-12-31,2020-01-30,0001326801-20-000013,operating_income,OperatingIncomeLoss,USD,23986000000.0
0001326801_0001326801-20-000013,1326801,"Meta Platforms, Inc.",META,2019-12-31,2020-01-30,0001326801-20-000013,net_income,NetIncomeLoss,USD,18485000000.0
0001326801_0001326801-20-000013,1326801,"Meta Platforms, Inc.",META,2019-12-31,2020-01-30,0001326801-20-000013,eps_diluted,EarningsPerShareDiluted,USD/shares,6.43
0001326801_0001326801-20-000013,1326801,"Meta Platforms, Inc.",META,2019-12-31,2020-01-30,0001326801-20-000013,total_assets,Assets,USD,133376000000.0
0001326801_0001326801-20-000013,1326801,"Meta Platforms, Inc.",META,2019-12-31,2020-01-30,0001326801-20-000013,total_liabilities,Liabilities,USD,32322000000.0
0001326801_0001326801-20-000013,1326801,"Meta Platforms, Inc.",META,2019-12-31,2020-01-30,0001326801-20-000013,stockholders_equity,StockholdersEquity,USD,101054000000.0
0001326801_0001326801-20-000013,1326801,"Meta Platforms, Inc.",META,2019-12-31,2020-01-30,0001326801-20-000013,cash_and_equivalents,CashAndCashEquivalentsAtCarryingValue,USD,19079000000.0
0001326801_0001326801-20-000013,1326801,"Meta Platforms, Inc.",META,2019-12-31,2020-01-30,0001326801-20-000013,operating_cash_flow,NetCashProvidedByUsedInOperatingActivities,USD,36314000000.0
0001326801_0001326801-21-000014,1326801,"Meta Platforms, Inc.",META,2020-12-31,2021-01-28,0001326801-21-000014,revenue,RevenueFromContractWithCustomerExcludingAssessedTax,USD,85965000000.0
0001326801_0001326801-21-000014,1326801,"Meta Platforms, Inc.",META,2020-12-31,2021-01-28,0001326801-21-000014,operating_income,OperatingIncomeLoss,USD,32671000000.0
0001326801_0001326801-21-000014,1326801,"Meta Platforms, Inc.",META,2020-12-31,2021-01-28,0001326801-21-000014,net_income,NetIncomeLoss,USD,29146000000.0
0001326801_0001326801-21-000014,1326801,"Meta Platforms, Inc.",META,2020-12-31,2021-01-28,0001326801-21-000014,eps_diluted,EarningsPerShareDiluted,USD/shares,10.09
0001326801_0001326801-21-000014,1326801,"Meta Platforms, Inc.",META,2020-12-31,2021-01-28,0001326801-21-000014,total_assets,Assets,USD,159316000000.0
0001326801_0001326801-21-000014,1326801,"Meta Platforms, Inc.",META,2020-12-31,2021-01-28,0001326801-21-000014,total_liabilities,Liabilities,USD,31026000000.0
0001326801_0001326801-21-000014,1326801,"Meta Platforms, Inc.",META,2020-12-31,2021-01-28,0001326801-21-000014,stockholders_equity,StockholdersEquity,USD,128290000000.0
0001326801_0001326801-21-000014,1326801,"Meta Platforms, Inc.",META,2020-12-31,2021-01-28,0001326801-21-000014,cash_and_equivalents,CashAndCashEquivalentsAtCarryingValue,USD,17576000000.0
0001326801_0001326801-21-000014,1326801,"Meta Platforms, Inc.",META,2020-12-31,2021-01-28,0001326801-21-000014,operating_cash_flow,NetCashProvidedByUsedInOperatingActivities,USD,38747000000.0
0001326801_0001326801-22-000018,1326801,"Meta Platforms, Inc.",META,2021-12-31,2022-02-03,0001326801-22-000018,revenue,RevenueFromContractWithCustomerExcludingAssessedTax,USD,117929000000.0
0001326801_0001326801-22-000018,1326801,"Meta Platforms, Inc.",META,2021-12-31,2022-02-03,0001326801-22-000018,operating_income,OperatingIncomeLoss,USD,46753000000.0
0001326801_0001326801-22-000018,1326801,"Meta Platforms, Inc.",META,2021-12-31,2022-02-03,0001326801-22-000018,net_income,NetIncomeLoss,USD,39370000000.0
0001326801_0001326801-22-000018,1326801,"Meta Platforms, Inc.",META,2021-12-31,2022-02-03,0001326801-22-000018,eps_diluted,EarningsPerShareDiluted,USD/shares,13.77
0001326801_0001326801-22-000018,1326801,"Meta Platforms, Inc.",META,2021-12-31,2022-02-03,0001326801-22-000018,total_assets,Assets,USD,165987000000.0
0001326801_0001326801-22-000018,1326801,"Meta Platforms, Inc.",META,2021-12-31,2022-02-03,0001326801-22-000018,total_liabilities,Liabilities,USD,41108000000.0
0001326801_0001326801-22-000018,1326801,"Meta Platforms, Inc.",META,2021-12-31,2022-02-03,0001326801-22-000018,stockholders_equity,StockholdersEquity,USD,124879000000.0
0001326801_0001326801-22-000018,1326801,"Meta Platforms, Inc.",META,2021-12-31,2022-02-03,0001326801-22-000018,cash_and_equivalents,CashAndCashEquivalentsAtCarryingValue,USD,16601000000.0
0001326801_0001326801-22-000018,1326801,"Meta Platforms, Inc.",META,2021-12-31,2022-02-03,0001326801-22-000018,operating_cash_flow,NetCashProvidedByUsedInOperatingActivities,USD,57683000000.0
0001326801_0001326801-23-000013,1326801,"Meta Platforms, Inc.",META,2022-12-31,2023-02-02,0001326801-23-000013,revenue,RevenueFromContractWithCustomerExcludingAssessedTax,USD,116609000000.0
0001326801_0001326801-23-000013,1326801,"Meta Platforms, Inc.",META,2022-12-31,2023-02-02,0001326801-23-000013,operating_income,OperatingIncomeLoss,USD,28944000000.0
0001326801_0001326801-23-000013,1326801,"Meta Platforms, Inc.",META,2022-12-31,2023-02-02,0001326801-23-000013,net_income,NetIncomeLoss,USD,23200000000.0
0001326801_0001326801-23-000013,1326801,"Meta Platforms, Inc.",META,2022-12-31,2023-02-02,0001326801-23-000013,eps_diluted,EarningsPerShareDiluted,USD/shares,8.59
0001326801_0001326801-23-000013,1326801,"Meta Platforms, Inc.",META,2022-12-31,2023-02-02,0001326801-23-000013,total_assets,Assets,USD,185727000000.0
0001326801_0001326801-23-000013,1326801,"Meta Platforms, Inc.",META,2022-12-31,2023-02-02,0001326801-23-000013,total_liabilities,Liabilities,USD,60014000000.0
0001326801_0001326801-23-000013,1326801,"Meta Platforms, Inc.",META,2022-12-31,2023-02-02,0001326801-23-000013,stockholders_equity,StockholdersEquity,USD,125713000000.0
0001326801_0001326801-23-000013,1326801,"Meta Platforms, Inc.",META,2022-12-31,2023-02-02,0001326801-23-000013,cash_and_equivalents,CashAndCashEquivalentsAtCarryingValue,USD,14681000000.0
0001326801_0001326801-23-000013,1326801,"Meta Platforms, Inc.",META,2022-12-31,2023-02-02,0001326801-23-000013,operating_cash_flow,NetCashProvidedByUsedInOperatingActivities,USD,50475000000.0
0001326801_0001326801-24-000012,1326801,"Meta Platforms, Inc.",META,2023-12-31,2024-02-02,0001326801-24-000012,revenue,RevenueFromContractWithCustomerExcludingAssessedTax,USD,134902000000.0
0001326801_0001326801-24-000012,1326801,"Meta Platforms, Inc.",META,2023-12-31,2024-02-02,0001326801-24-000012,operating_income,OperatingIncomeLoss,USD,46751000000.0
0001326801_0001326801-24-000012,1326801,"Meta Platforms, Inc.",META,2023-12-31,2024-02-02,0001326801-24-000012,net_income,NetIncomeLoss,USD,39098000000.0
0001326801_0001326801-24-000012,1326801,"Meta Platforms, Inc.",META,2023-12-31,2024-02-02,0001326801-24-000012,eps_diluted,EarningsPerShareDiluted,USD/shares,14.87
0001326801_0001326801-24-000012,1326801,"Meta Platforms, Inc.",META,2023-12-31,2024-02-02,0001326801-24-000012,total_assets,Assets,USD,229623000000.0
0001326801_0001326801-24-000012,1326801,"Meta Platforms, Inc.",META,2023-12-31,2024-02-02,0001326801-24-000012,total_liabilities,Liabilities,USD,76455000000.0
0001326801_0001326801-24-000012,1326801,"Meta Platforms, Inc.",META,2023-12-31,2024-02-02,0001326801-24-000012,stockholders_equity,StockholdersEquity,USD,153168000000.0
0001326801_0001326801-24-000012,1326801,"Meta Platforms, Inc.",META,2023-12-31,2024-02-02,0001326801-24-000012,cash_and_equivalents,CashAndCashEquivalentsAtCarryingValue,USD,41862000000.0
0001326801_0001326801-24-000012,1326801,"Meta Platforms, Inc.",META,2023-12-31,2024-02-02,0001326801-24-000012,operating_cash_flow,NetCashProvidedByUsedInOperatingActivities,USD,71113000000.0
0001326801_0001326801-25-000017,1326801,"Meta Platforms, Inc.",META,2024-12-31,2025-01-30,0001326801-25-000017,revenue,RevenueFromContractWithCustomerExcludingAssessedTax,USD,164501000000.0
0001326801_0001326801-25-000017,1326801,"Meta Platforms, Inc.",META,2024-12-31,2025-01-30,0001326801-25-000017,operating_income,OperatingIncomeLoss,USD,69380000000.0
0001326801_0001326801-25-000017,1326801,"Meta Platforms, Inc.",META,2024-12-31,2025-01-30,0001326801-25-000017,net_income,NetIncomeLoss,USD,62360000000.0
0001326801_0001326801-25-000017,1326801,"Meta Platforms, Inc.",META,2024-12-31,2025-01-30,0001326801-25-000017,eps_diluted,EarningsPerShareDiluted,USD/shares,23.86
0001326801_0001326801-25-000017,1326801,"Meta Platforms, Inc.",META,2024-12-31,2025-01-30,0001326801-25-000017,total_assets,Assets,USD,276054000000.0
0001326801_0001326801-25-000017,1326801,"Meta Platforms, Inc.",META,2024-12-31,2025-01-30,0001326801-25-000017,total_liabilities,Liabilities,USD,93417000000.0
0001326801_0001326801-25-000017,1326801,"Meta Platforms, Inc.",META,2024-12-31,2025-01-30,0001326801-25-000017,stockholders_equity,StockholdersEquity,USD,182637000000.0
0001326801_0001326801-25-000017,1326801,"Meta Platforms, Inc.",META,2024-12-31,2025-01-30,0001326801-25-000017,cash_and_equivalents,CashAndCashEquivalentsAtCarryingValue,USD,43889000000.0
0001326801_0001326801-25-000017,1326801,"Meta Platforms, Inc.",META,2024-12-31,2025-01-30,0001326801-25-000017,operating_cash_flow,NetCashProvidedByUsedInOperatingActivities,USD,91328000000.0
0001341439_0001564590-19-023119,1341439,Oracle Corporation,ORCL,2019-05-31,2019-06-21,0001564590-19-023119,revenue,RevenueFromContractWithCustomerExcludingAssessedTax,USD,39506000000.0
0001341439_0001564590-19-023119,1341439,Oracle Corporation,ORCL,2019-05-31,2019-06-21,0001564590-19-023119,operating_income,OperatingIncomeLoss,USD,13535000000.0
0001341439_0001564590-19-023119,1341439,Oracle Corporation,ORCL,2019-05-31,2019-06-21,0001564590-19-023119,net_income,NetIncomeLoss,USD,11083000000.0
0001341439_0001564590-19-023119,1341439,Oracle Corporation,ORCL,2019-05-31,2019-06-21,0001564590-19-023119,eps_diluted,EarningsPerShareDiluted,USD/shares,2.97
0001341439_0001564590-19-023119,1341439,Oracle Corporation,ORCL,2019-05-31,2019-06-21,0001564590-19-023119,total_assets,Assets,USD,108709000000.0
0001341439_0001564590-19-023119,1341439,Oracle Corporation,ORCL,2019-05-31,2019-06-21,0001564590-19-023119,stockholders_equity,StockholdersEquity,USD,21785000000.0
0001341439_0001564590-19-023119,1341439,Oracle Corporation,ORCL,2019-05-31,2019-06-21,0001564590-19-023119,cash_and_equivalents,CashAndCashEquivalentsAtCarryingValue,USD,20514000000.0
0001341439_0001564590-19-023119,1341439,Oracle Corporation,ORCL,2019-05-31,2019-06-21,0001564590-19-023119,operating_cash_flow,NetCashProvidedByUsedInOperatingActivities,USD,14551000000.0
0001341439_0001564590-20-030125,1341439,Oracle Corporation,ORCL,2020-05-31,2020-06-22,0001564590-20-030125,revenue,RevenueFromContractWithCustomerExcludingAssessedTax,USD,39068000000.0
0001341439_0001564590-20-030125,1341439,Oracle Corporation,ORCL,2020-05-31,2020-06-22,0001564590-20-030125,operating_income,OperatingIncomeLoss,USD,13896000000.0
0001341439_0001564590-20-030125,1341439,Oracle Corporation,ORCL,2020-05-31,2020-06-22,0001564590-20-030125,net_income,NetIncomeLoss,USD,10135000000.0
0001341439_0001564590-20-030125,1341439,Oracle Corporation,ORCL,2020-05-31,2020-06-22,0001564590-20-030125,eps_diluted,EarningsPerShareDiluted,USD/shares,3.08
0001341439_0001564590-20-030125,1341439,Oracle Corporation,ORCL,2020-05-31,2020-06-22,0001564590-20-030125,total_assets,Assets,USD,115438000000.0
0001341439_0001564590-20-030125,1341439,Oracle Corporation,ORCL,2020-05-31,2020-06-22,0001564590-20-030125,stockholders_equity,StockholdersEquity,USD,12074000000.0
0001341439_0001564590-20-030125,1341439,Oracle Corporation,ORCL,2020-05-31,2020-06-22,0001564590-20-030125,cash_and_equivalents,CashAndCashEquivalentsAtCarryingValue,USD,37239000000.0
0001341439_0001564590-20-030125,1341439,Oracle Corporation,ORCL,2020-05-31,2020-06-22,0001564590-20-030125,operating_cash_flow,NetCashProvidedByUsedInOperatingActivities,USD,13139000000.0
0001341439_0001564590-21-033616,1341439,Oracle Corporation,ORCL,2021-05-31,2021-06-21,0001564590-21-033616,revenue,RevenueFromContractWithCustomerExcludingAssessedTax,USD,40479000000.0
0001341439_0001564590-21-033616,1341439,Oracle Corporation,ORCL,2021-05-31,2021-06-21,0001564590-21-033616,operating_income,OperatingIncomeLoss,USD,15213000000.0
0001341439_0001564590-21-033616,1341439,Oracle Corporation,ORCL,2021-05-31,2021-06-21,0001564590-21-033616,net_income,NetIncomeLoss,USD,13746000000.0
0001341439_0001564590-21-033616,1341439,Oracle Corporation,ORCL,2021-05-31,2021-06-21,0001564590-21-033616,eps_diluted,EarningsPerShareDiluted,USD/shares,4.55
0001341439_0001564590-21-033616,1341439,Oracle Corporation,ORCL,2021-05-31,2021-06-21,0001564590-21-033616,total_assets,Assets,USD,131107000000.0
0001341439_0001564590-21-033616,1341439,Oracle Corporation,ORCL,2021-05-31,2021-06-21,0001564590-21-033616,stockholders_equity,StockholdersEquity,USD,5238000000.0
0001341439_0001564590-21-033616,1341439,Oracle Corporation,ORCL,2021-05-31,2021-06-21,0001564590-21-033616,cash_and_equivalents,CashAndCashEquivalentsAtCarryingValue,USD,30098000000.0
0001341439_0001564590-21-033616,1341439,Oracle Corporation,ORCL,2021-05-31,2021-06-21,0001564590-21-033616,operating_cash_flow,NetCashProvidedByUsedInOperatingActivities,USD,15887000000.0
0001341439_0001564590-22-023675,1341439,Oracle Corporation,ORCL,2022-05-31,2022-06-21,0001564590-22-023675,revenue,RevenueFromContractWithCustomerExcludingAssessedTax,USD,42440000000.0
0001341439_0001564590-22-023675,1341439,Oracle Corporation,ORCL,2022-05-31,2022-06-21,0001564590-22-023675,operating_income,OperatingIncomeLoss,USD,10926000000.0
0001341439_0001564590-22-023675,1341439,Oracle Corporation,ORCL,2022-05-31,2022-06-21,0001564590-22-023675,net_income,NetIncomeLoss,USD,6717000000.0
0001341439_0001564590-22-023675,1341439,Oracle Corporation,ORCL,2022-05-31,2022-06-21,0001564590-22-023675,eps_diluted,EarningsPerShareDiluted,USD/shares,2.41
0001341439_0001564590-22-023675,1341439,Oracle Corporation,ORCL,2022-05-31,2022-06-21,0001564590-22-023675,total_assets,Assets,USD,109297000000.0
0001341439_0001564590-22-023675,1341439,Oracle Corporation,ORCL,2022-05-31,2022-06-21,0001564590-22-023675,stockholders_equity,StockholdersEquity,USD,-6220000000.0
0001341439_0001564590-22-023675,1341439,Oracle Corporation,ORCL,2022-05-31,2022-06-21,0001564590-22-023675,cash_and_equivalents,CashAndCashEquivalentsAtCarryingValue,USD,21383000000.0
0001341439_0001564590-22-023675,1341439,Oracle Corporation,ORCL,2022-05-31,2022-06-21,0001564590-22-023675,operating_cash_flow,NetCashProvidedByUsedInOperatingActivities,USD,9539000000.0
0001341439_0000950170-23-028914,1341439,Oracle Corporation,ORCL,2023-05-31,2023-06-20,0000950170-23-028914,revenue,RevenueFromContractWithCustomerExcludingAssessedTax,USD,49954000000.0
0001341439_0000950170-23-028914,1341439,Oracle Corporation,ORCL,2023-05-31,2023-06-20,0000950170-23-028914,operating_income,OperatingIncomeLoss,USD,13093000000.0
0001341439_0000950170-23-028914,1341439,Oracle Corporation,ORCL,2023-05-31,2023-06-20,0000950170-23-028914,net_income,NetIncomeLoss,USD,8503000000.0
0001341439_0000950170-23-028914,1341439,Oracle Corporation,ORCL,2023-05-31,2023-06-20,0000950170-23-028914,eps_diluted,EarningsPerShareDiluted,USD/shares,3.07
0001341439_0000950170-23-028914,1341439,Oracle Corporation,ORCL,2023-05-31,2023-06-20,0000950170-23-028914,total_assets,Assets,USD,134384000000.0
0001341439_0000950170-23-028914,1341439,Oracle Corporation,ORCL,2023-05-31,2023-06-20,0000950170-23-028914,stockholders_equity,StockholdersEquity,USD,1073000000.0
0001341439_0000950170-23-028914,1341439,Oracle Corporation,ORCL,2023-05-31,2023-06-20,0000950170-23-028914,cash_and_equivalents,CashAndCashEquivalentsAtCarryingValue,USD,9765000000.0
0001341439_0000950170-23-028914,1341439,Oracle Corporation,ORCL,2023-05-31,2023-06-20,0000950170-23-028914,operating_cash_flow,NetCashProvidedByUsedInOperatingActivities,USD,17165000000.0
0001341439_0000950170-24-075605,1341439,Oracle Corporation,ORCL,2024-05-31,2024-06-20,0000950170-24-075605,revenue,RevenueFromContractWithCustomerExcludingAssessedTax,USD,52961000000.0
0001341439_0000950170-24-075605,1341439,Oracle Corporation,ORCL,2024-05-31,2024-06-20,0000950170-24-075605,operating_income,OperatingIncomeLoss,USD,15353000000.0
0001341439_0000950170-24-075605,1341439,Oracle Corporation,ORCL,2024-05-31,2024-06-20,0000950170-24-075605,net_income,NetIncomeLoss,USD,10467000000.0
0001341439_0000950170-24-075605,1341439,Oracle Corporation,ORCL,2024-05-31,2024-06-20,0000950170-24-075605,eps_diluted,EarningsPerShareDiluted,USD/shares,3.71
0001341439_0000950170-24-075605,1341439,Oracle Corporation,ORCL,2024-05-31,2024-06-20,0000950170-24-075605,total_assets,Assets,USD,140976000000.0
0001341439_0000950170-24-075605,1341439,Oracle Corporation,ORCL,2024-05-31,2024-06-20,0000950170-24-075605,stockholders_equity,StockholdersEquity,USD,8704000000.0
0001341439_0000950170-24-075605,1341439,Oracle Corporation,ORCL,2024-05-31,2024-06-20,0000950170-24-075605,cash_and_equivalents,CashAndCashEquivalentsAtCarryingValue,USD,10454000000.0
0001341439_0000950170-24-075605,1341439,Oracle Corporation,ORCL,2024-05-31,2024-06-20,0000950170-24-075605,operating_cash_flow,NetCashProvidedByUsedInOperatingActivities,USD,18673000000.0
0001652044_0001652044-20-000008,1652044,Alphabet Inc.,GOOGL,2019-12-31,2020-02-04,0001652044-20-000008,revenue,RevenueFromContractWithCustomerExcludingAssessedTax,USD,161857000000.0
0001652044_0001652044-20-000008,1652044,Alphabet Inc.,GOOGL,2019-12-31,2020-02-04,0001652044-20-000008,operating_income,OperatingIncomeLoss,USD,34231000000.0
0001652044_0001652044-20-000008,1652044,Alphabet Inc.,GOOGL,2019-12-31,2020-02-04,0001652044-20-000008,net_income,NetIncomeLoss,USD,34343000000.0
0001652044_0001652044-20-000008,1652044,Alphabet Inc.,GOOGL,2019-12-31,2020-02-04,0001652044-20-000008,eps_diluted,EarningsPerShareDiluted,USD/shares,49.16
0001652044_0001652044-20-000008,1652044,Alphabet Inc.,GOOGL,2019-12-31,2020-02-04,0001652044-20-000008,total_assets,Assets,USD,275909000000.0
0001652044_0001652044-20-000008,1652044,Alphabet Inc.,GOOGL,2019-12-31,2020-02-04,0001652044-20-000008,total_liabilities,Liabilities,USD,74467000000.0
0001652044_0001652044-20-000008,1652044,Alphabet Inc.,GOOGL,2019-12-31,2020-02-04,0001652044-20-000008,stockholders_equity,StockholdersEquity,USD,201442000000.0
0001652044_0001652044-20-000008,1652044,Alphabet Inc.,GOOGL,2019-12-31,2020-02-04,0001652044-20-000008,cash_and_equivalents,CashAndCashEquivalentsAtCarryingValue,USD,18498000000.0
0001652044_0001652044-20-000008,1652044,Alphabet Inc.,GOOGL,2019-12-31,2020-02-04,0001652044-20-000008,operating_cash_flow,NetCashProvidedByUsedInOperatingActivities,USD,54520000000.0
0001652044_0001652044-21-000010,1652044,Alphabet Inc.,GOOGL,2020-12-31,2021-02-03,0001652044-21-000010,revenue,Revenues,USD,182527000000.0
0001652044_0001652044-21-000010,1652044,Alphabet Inc.,GOOGL,2020-12-31,2021-02-03,0001652044-21-000010,operating_income,OperatingIncomeLoss,USD,41224000000.0
0001652044_0001652044-21-000010,1652044,Alphabet Inc.,GOOGL,2020-12-31,2021-02-03,0001652044-21-000010,net_income,NetIncomeLoss,USD,40269000000.0
0001652044_0001652044-21-000010,1652044,Alphabet Inc.,GOOGL,2020-12-31,2021-02-03,0001652044-21-000010,eps_diluted,EarningsPerShareDiluted,USD/shares,58.61
0001652044_0001652044-21-000010,1652044,Alphabet Inc.,GOOGL,2020-12-31,2021-02-03,0001652044-21-000010,total_assets,Assets,USD,319616000000.0
0001652044_0001652044-21-000010,1652044,Alphabet Inc.,GOOGL,2020-12-31,2021-02-03,0001652044-21-000010,total_liabilities,Liabilities,USD,97072000000.0
0001652044_0001652044-21-000010,1652044,Alphabet Inc.,GOOGL,2020-12-31,2021-02-03,0001652044-21-000010,stockholders_equity,StockholdersEquity,USD,222544000000.0
0001652044_0001652044-21-000010,1652044,Alphabet Inc.,GOOGL,2020-12-31,2021-02-03,0001652044-21-000010,cash_and_equivalents,CashAndCashEquivalentsAtCarryingValue,USD,26465000000.0
0001652044_0001652044-21-000010,1652044,Alphabet Inc.,GOOGL,2020-12-31,2021-02-03,0001652044-21-000010,operating_cash_flow,NetCashProvidedByUsedInOperatingActivities,USD,65124000000.0
0001652044_0001652044-22-000019,1652044,Alphabet Inc.,GOOGL,2021-12-31,2022-02-02,0001652044-22-000019,revenue,Revenues,USD,257637000000.0
0001652044_0001652044-22-000019,1652044,Alphabet Inc.,GOOGL,2021-12-31,2022-02-02,0001652044-22-000019,operating_income,OperatingIncomeLoss,USD,78714000000.0
0001652044_0001652044-22-000019,1652044,Alphabet Inc.,GOOGL,2021-12-31,2022-02-02,0001652044-22-000019,net_income,NetIncomeLoss,USD,76033000000.0
0001652044_0001652044-22-000019,1652044,Alphabet Inc.,GOOGL,2021-12-31,2022-02-02,0001652044-22-000019,eps_diluted,EarningsPerShareDiluted,USD/shares,112.2
0001652044_0001652044-22-000019,1652044,Alphabet Inc.,GOOGL,2021-12-31,2022-02-02,0001652044-22-000019,total_assets,Assets,USD,359268000000.0
0001652044_0001652044-22-000019,1652044,Alphabet Inc.,GOOGL,2021-12-31,2022-02-02,0001652044-22-000019,total_liabilities,Liabilities,USD,107633000000.0
0001652044_0001652044-22-000019,1652044,Alphabet Inc.,GOOGL,2021-12-31,2022-02-02,0001652044-22-000019,stockholders_equity,StockholdersEquity,USD,251635000000.0
0001652044_0001652044-22-000019,1652044,Alphabet Inc.,GOOGL,2021-12-31,2022-02-02,0001652044-22-000019,cash_and_equivalents,CashAndCashEquivalentsAtCarryingValue,USD,20945000000.0
0001652044_0001652044-22-000019,1652044,Alphabet Inc.,GOOGL,2021-12-31,2022-02-02,0001652044-22-000019,operating_cash_flow,NetCashProvidedByUsedInOperatingActivities,USD,91652000000.0
0001652044_0001652044-23-000016,1652044,Alphabet Inc.,GOOGL,2022-12-31,2023-02-03,0001652044-23-000016,revenue,RevenueFromContractWithCustomerExcludingAssessedTax,USD,282836000000.0
0001652044_0001652044-23-000016,1652044,Alphabet Inc.,GOOGL,2022-12-31,2023-02-03,0001652044-23-000016,operating_income,OperatingIncomeLoss,USD,74842000000.0
0001652044_0001652044-23-000016,1652044,Alphabet Inc.,GOOGL,2022-12-31,2023-02-03,0001652044-23-000016,net_income,NetIncomeLoss,USD,59972000000.0
0001652044_0001652044-23-000016,1652044,Alphabet Inc.,GOOGL,2022-12-31,2023-02-03,0001652044-23-000016,eps_diluted,EarningsPerShareDiluted,USD/shares,4.56
0001652044_0001652044-23-000016,1652044,Alphabet Inc.,GOOGL,2022-12-31,2023-02-03,0001652044-23-000016,total_assets,Assets,USD,365264000000.0
0001652044_0001652044-23-000016,1652044,Alphabet Inc.,GOOGL,2022-12-31,2023-02-03,0001652044-23-000016,total_liabilities,Liabilities,USD,109120000000.0
0001652044_0001652044-23-000016,1652044,Alphabet Inc.,GOOGL,2022-12-31,2023-02-03,0001652044-23-000016,stockholders_equity,StockholdersEquity,USD,256144000000.0
0001652044_0001652044-23-000016,1652044,Alphabet Inc.,GOOGL,2022-12-31,2023-02-03,0001652044-23-000016,cash_and_equivalents,CashAndCashEquivalentsAtCarryingValue,USD,21879000000.0
0001652044_0001652044-23-000016,1652044,Alphabet Inc.,GOOGL,2022-12-31,2023-02-03,0001652044-23-000016,operating_cash_flow,NetCashProvidedByUsedInOperatingActivities,USD,91495000000.0
0001652044_0001652044-24-000022,1652044,Alphabet Inc.,GOOGL,2023-12-31,2024-01-31,0001652044-24-000022,revenue,RevenueFromContractWithCustomerExcludingAssessedTax,USD,307394000000.0
0001652044_0001652044-24-000022,1652044,Alphabet Inc.,GOOGL,2023-12-31,2024-01-31,0001652044-24-000022,operating_income,OperatingIncomeLoss,USD,84293000000.0
0001652044_0001652044-24-000022,1652044,Alphabet Inc.,GOOGL,2023-12-31,2024-01-31,0001652044-24-000022,net_income,NetIncomeLoss,USD,73795000000.0
0001652044_0001652044-24-000022,1652044,Alphabet Inc.,GOOGL,2023-12-31,2024-01-31,0001652044-24-000022,eps_diluted,EarningsPerShareDiluted,USD/shares,5.8
0001652044_0001652044-24-000022,1652044,Alphabet Inc.,GOOGL,2023-12-31,2024-01-31,0001652044-24-000022,total_assets,Assets,USD,402392000000.0
0001652044_0001652044-24-000022,1652044,Alphabet Inc.,GOOGL,2023-12-31,2024-01-31,0001652044-24-000022,total_liabilities,Liabilities,USD,119013000000.0
0001652044_0001652044-24-000022,1652044,Alphabet Inc.,GOOGL,2023-12-31,2024-01-31,0001652044-24-000022,stockholders_equity,StockholdersEquity,USD,283379000000.0
0001652044_0001652044-24-000022,1652044,Alphabet Inc.,GOOGL,2023-12-31,2024-01-31,0001652044-24-000022,cash_and_equivalents,CashAndCashEquivalentsAtCarryingValue,USD,24048000000.0
0001652044_0001652044-24-000022,1652044,Alphabet Inc.,GOOGL,2023-12-31,2024-01-31,0001652044-24-000022,operating_cash_flow,NetCashProvidedByUsedInOperatingActivities,USD,101746000000.0
0001652044_0001652044-25-000014,1652044,Alphabet Inc.,GOOGL,2024-12-31,2025-02-05,0001652044-25-000014,revenue,RevenueFromContractWithCustomerExcludingAssessedTax,USD,350018000000.0
0001652044_0001652044-25-000014,1652044,Alphabet Inc.,GOOGL,2024-12-31,2025-02-05,0001652044-25-000014,operating_income,OperatingIncomeLoss,USD,112390000000.0
0001652044_0001652044-25-000014,1652044,Alphabet Inc.,GOOGL,2024-12-31,2025-02-05,0001652044-25-000014,net_income,NetIncomeLoss,USD,100118000000.0
0001652044_0001652044-25-000014,1652044,Alphabet Inc.,GOOGL,2024-12-31,2025-02-05,0001652044-25-000014,eps_diluted,EarningsPerShareDiluted,USD/shares,8.04
0001652044_0001652044-25-000014,1652044,Alphabet Inc.,GOOGL,2024-12-31,2025-02-05,0001652044-25-000014,total_assets,Assets,USD,450256000000.0
0001652044_0001652044-25-000014,1652044,Alphabet Inc.,GOOGL,2024-12-31,2025-02-05,0001652044-25-000014,total_liabilities,Liabilities,USD,125172000000.0
0001652044_0001652044-25-000014,1652044,Alphabet Inc.,GOOGL,2024-12-31,2025-02-05,0001652044-25-000014,stockholders_equity,StockholdersEquity,USD,325084000000.0
0001652044_0001652044-25-000014,1652044,Alphabet Inc.,GOOGL,2024-12-31,2025-02-05,0001652044-25-000014,cash_and_equivalents,CashAndCashEquivalentsAtCarryingValue,USD,23466000000.0
0001652044_0001652044-25-000014,1652044,Alphabet Inc.,GOOGL,2024-12-31,2025-02-05,0001652044-25-000014,operating_cash_flow,NetCashProvidedByUsedInOperatingActivities,USD,125299000000.0
0001744489_0001744489-19-000225,1744489,The Walt Disney Company,DIS,2019-09-28,2019-11-20,0001744489-19-000225,revenue,Revenues,USD,69570000000.0
0001744489_0001744489-19-000225,1744489,The Walt Disney Company,DIS,2019-09-28,2019-11-20,0001744489-19-000225,operating_income,OperatingIncomeLoss,USD,14868000000.0
0001744489_0001744489-19-000225,1744489,The Walt Disney Company,DIS,2019-09-28,2019-11-20,0001744489-19-000225,net_income,NetIncomeLoss,USD,11054000000.0
0001744489_0001744489-19-000225,1744489,The Walt Disney Company,DIS,2019-09-28,2019-11-20,0001744489-19-000225,eps_diluted,EarningsPerShareDiluted,USD/shares,6.64
0001744489_0001744489-19-000225,1744489,The Walt Disney Company,DIS,2019-09-28,2019-11-20,0001744489-19-000225,total_assets,Assets,USD,193984000000.0
0001744489_0001744489-19-000225,1744489,The Walt Disney Company,DIS,2019-09-28,2019-11-20,0001744489-19-000225,stockholders_equity,StockholdersEquity,USD,88877000000.0
0001744489_0001744489-19-000225,1744489,The Walt Disney Company,DIS,2019-09-28,2019-11-20,0001744489-19-000225,cash_and_equivalents,CashAndCashEquivalentsAtCarryingValue,USD,5418000000.0
0001744489_0001744489-19-000225,1744489,The Walt Disney Company,DIS,2019-09-28,2019-11-20,0001744489-19-000225,operating_cash_flow,NetCashProvidedByUsedInOperatingActivitiesContinuingOperations,USD,5984000000.0
0001744489_0001744489-20-000197,1744489,The Walt Disney Company,DIS,2020-10-03,2020-11-25,0001744489-20-000197,revenue,Revenues,USD,65388000000.0
0001744489_0001744489-20-000197,1744489,The Walt Disney Company,DIS,2020-10-03,2020-11-25,0001744489-20-000197,operating_income,OperatingIncomeLoss,USD,8108000000.0
0001744489_0001744489-20-000197,1744489,The Walt Disney Company,DIS,2020-10-03,2020-11-25,0001744489-20-000197,net_income,NetIncomeLoss,USD,-2864000000.0
0001744489_0001744489-20-000197,1744489,The Walt Disney Company,DIS,2020-10-03,2020-11-25,0001744489-20-000197,eps_diluted,EarningsPerShareDiluted,USD/shares,-1.58
0001744489_0001744489-20-000197,1744489,The Walt Disney Company,DIS,2020-10-03,2020-11-25,0001744489-20-000197,total_assets,Assets,USD,201549000000.0
0001744489_0001744489-20-000197,1744489,The Walt Disney Company,DIS,2020-10-03,2020-11-25,0001744489-20-000197,stockholders_equity,StockholdersEquity,USD,83583000000.0
0001744489_0001744489-20-000197,1744489,The Walt Disney Company,DIS,2020-10-03,2020-11-25,0001744489-20-000197,cash_and_equivalents,CashAndCashEquivalentsAtCarryingValue,USD,17914000000.0
0001744489_0001744489-20-000197,1744489,The Walt Disney Company,DIS,2020-10-03,2020-11-25,0001744489-20-000197,operating_cash_flow,NetCashProvidedByUsedInOperatingActivitiesContinuingOperations,USD,7616000000.0
0001744489_0001744489-21-000220,1744489,The Walt Disney Company,DIS,2021-10-02,2021-11-24,0001744489-21-000220,revenue,Revenues,USD,67418000000.0
0001744489_0001744489-21-000220,1744489,The Walt Disney Company,DIS,2021-10-02,2021-11-24,0001744489-21-000220,operating_income,OperatingIncomeLoss,USD,7766000000.0
0001744489_0001744489-21-000220,1744489,The Walt Disney Company,DIS,2021-10-02,2021-11-24,0001744489-21-000220,net_income,NetIncomeLoss,USD,1995000000.0
0001744489_0001744489-21-000220,1744489,The Walt Disney Company,DIS,2021-10-02,2021-11-24,0001744489-21-000220,eps_diluted,EarningsPerShareDiluted,USD/shares,1.09
0001744489_0001744489-21-000220,1744489,The Walt Disney Company,DIS,2021-10-02,2021-11-24,0001744489-21-000220,total_assets,Assets,USD,203609000000.0
0001744489_0001744489-21-000220,1744489,The Walt Disney Company,DIS,2021-10-02,2021-11-24,0001744489-21-000220,stockholders_equity,StockholdersEquity,USD,88553000000.0
0001744489_0001744489-21-000220,1744489,The Walt Disney Company,DIS,2021-10-02,2021-11-24,0001744489-21-000220,cash_and_equivalents,CashAndCashEquivalentsAtCarryingValue,USD,15959000000.0
0001744489_0001744489-21-000220,1744489,The Walt Disney Company,DIS,2021-10-02,2021-11-24,0001744489-21-000220,operating_cash_flow,NetCashProvidedByUsedInOperatingActivitiesContinuingOperations,USD,5566000000.0
0001744489_0001744489-22-000213,1744489,The Walt Disney Company,DIS,2022-10-01,2022-11-29,0001744489-22-000213,revenue,Revenues,USD,82722000000.0
0001744489_0001744489-22-000213,1744489,The Walt Disney Company,DIS,2022-10-01,2022-11-29,0001744489-22-000213,operating_income,OperatingIncomeLoss,USD,12121000000.0
0001744489_0001744489-22-000213,1744489,The Walt Disney Company,DIS,2022-10-01,2022-11-29,0001744489-22-000213,net_income,NetIncomeLoss,USD,3145000000.0
0001744489_0001744489-22-000213,1744489,The Walt Disney Company,DIS,2022-10-01,2022-11-29,0001744489-22-000213,eps_diluted,EarningsPerShareDiluted,USD/shares,1.72
0001744489_0001744489-22-000213,1744489,The Walt Disney Company,DIS,2022-10-01,2022-11-29,0001744489-22-000213,total_assets,Assets,USD,203631000000.0
0001744489_0001744489-22-000213,1744489,The Walt Disney Company,DIS,2022-10-01,2022-11-29,0001744489-22-000213,stockholders_equity,StockholdersEquity,USD,95008000000.0
0001744489_0001744489-22-000213,1744489,The Walt Disney Company,DIS,2022-10-01,2022-11-29,0001744489-22-000213,cash_and_equivalents,CashAndCashEquivalentsAtCarryingValue,USD,11615000000.0
0001744489_0001744489-22-000213,1744489,The Walt Disney Company,DIS,2022-10-01,2022-11-29,0001744489-22-000213,operating_cash_flow,NetCashProvidedByUsedInOperatingActivitiesContinuingOperations,USD,6002000000.0
0001744489_0001744489-23-000216,1744489,The Walt Disney Company,DIS,2023-09-30,2023-11-21,0001744489-23-000216,revenue,Revenues,USD,88898000000.0
0001744489_0001744489-23-000216,1744489,The Walt Disney Company,DIS,2023-09-30,2023-11-21,0001744489-23-000216,operating_income,OperatingIncomeLoss,USD,12863000000.0
0001744489_0001744489-23-000216,1744489,The Walt Disney Company,DIS,2023-09-30,2023-11-21,0001744489-23-000216,net_income,NetIncomeLoss,USD,2354000000.0
0001744489_0001744489-23-000216,1744489,The Walt Disney Company,DIS,2023-09-30,2023-11-21,0001744489-23-000216,eps_diluted,EarningsPerShareDiluted,USD/shares,1.29
0001744489_0001744489-23-000216,1744489,The Walt Disney Company,DIS,2023-09-30,2023-11-21,0001744489-23-000216,total_assets,Assets,USD,205579000000.0
0001744489_0001744489-23-000216,1744489,The Walt Disney Company,DIS,2023-09-30,2023-11-21,0001744489-23-000216,stockholders_equity,StockholdersEquity,USD,99277000000.0
0001744489_0001744489-23-000216,1744489,The Walt Disney Company,DIS,2023-09-30,2023-11-21,0001744489-23-000216,cash_and_equivalents,CashAndCashEquivalentsAtCarryingValue,USD,14182000000.0
0001744489_0001744489-23-000216,1744489,The Walt Disney Company,DIS,2023-09-30,2023-11-21,0001744489-23-000216,operating_cash_flow,NetCashProvidedByUsedInOperatingActivitiesContinuingOperations,USD,9866000000.0
0001744489_0001744489-24-000276,1744489,The Walt Disney Company,DIS,2024-09-28,2024-11-14,0001744489-24-000276,revenue,Revenues,USD,91361000000.0
0001744489_0001744489-24-000276,1744489,The Walt Disney Company,DIS,2024-09-28,2024-11-14,0001744489-24-000276,operating_income,OperatingIncomeLoss,USD,15601000000.0
0001744489_0001744489-24-000276,1744489,The Walt Disney Company,DIS,2024-09-28,2024-11-14,0001744489-24-000276,net_income,NetIncomeLoss,USD,4972000000.0
0001744489_0001744489-24-000276,1744489,The Walt Disney Company,DIS,2024-09-28,2024-11-14,0001744489-24-000276,eps_diluted,EarningsPerShareDiluted,USD/shares,2.72
0001744489_0001744489-24-000276,1744489,The Walt Disney Company,DIS,2024-09-28,2024-11-14,0001744489-24-000276,total_assets,Assets,USD,196219000000.0
0001744489_0001744489-24-000276,1744489,The Walt Disney Company,DIS,2024-09-28,2024-11-14,0001744489-24-000276,stockholders_equity,StockholdersEquity,USD,100696000000.0
0001744489_0001744489-24-000276,1744489,The Walt Disney Company,DIS,2024-09-28,2024-11-14,0001744489-24-000276,cash_and_equivalents,CashAndCashEquivalentsAtCarryingValue,USD,6002000000.0
0001744489_0001744489-24-000276,1744489,The Walt Disney Company,DIS,2024-09-28,2024-11-14,0001744489-24-000276,operating_cash_flow,NetCashProvidedByUsedInOperatingActivitiesContinuingOperations,USD,13971000000.0
