doc_id,field,method,seconds
0000012927_0000012927-20-000014,revenue,rules,0.0428324397782691
0000012927_0000012927-20-000014,operating_income,rules,0.0428324397782691
0000012927_0000012927-20-000014,net_income,rules,0.0428324397782691
0000012927_0000012927-20-000014,eps_diluted,rules,0.0428324397782691
0000012927_0000012927-20-000014,total_assets,rules,0.0428324397782691
0000012927_0000012927-20-000014,stockholders_equity,rules,0.0428324397782691
0000012927_0000012927-20-000014,cash_and_equivalents,rules,0.0428324397782691
0000012927_0000012927-20-000014,operating_cash_flow,rules,0.0428324397782691
0000012927_0000012927-21-000011,revenue,rules,0.0464103333328643
0000012927_0000012927-21-000011,operating_income,rules,0.0464103333328643
0000012927_0000012927-21-000011,net_income,rules,0.0464103333328643
0000012927_0000012927-21-000011,eps_diluted,rules,0.0464103333328643
0000012927_0000012927-21-000011,total_assets,rules,0.0464103333328643
0000012927_0000012927-21-000011,total_liabilities,rules,0.0464103333328643
0000012927_0000012927-21-000011,stockholders_equity,rules,0.0464103333328643
0000012927_0000012927-21-000011,cash_and_equivalents,rules,0.0464103333328643
0000012927_0000012927-21-000011,operating_cash_flow,rules,0.0464103333328643
0000012927_0000012927-22-000010,revenue,rules,0.0447559352226865
0000012927_0000012927-22-000010,operating_income,rules,0.0447559352226865
0000012927_0000012927-22-000010,net_income,rules,0.0447559352226865
0000012927_0000012927-22-000010,eps_diluted,rules,0.0447559352226865
0000012927_0000012927-22-000010,total_assets,rules,0.0447559352226865
0000012927_0000012927-22-000010,total_liabilities,rules,0.0447559352226865
0000012927_0000012927-22-000010,stockholders_equity,rules,0.0447559352226865
0000012927_0000012927-22-000010,cash_and_equivalents,rules,0.0447559352226865
0000012927_0000012927-22-000010,operating_cash_flow,rules,0.0447559352226865
0000012927_0000012927-23-000007,revenue,rules,0.0406457176626039
0000012927_0000012927-23-000007,operating_income,rules,0.0406457176626039
0000012927_0000012927-23-000007,net_income,rules,0.0406457176626039
0000012927_0000012927-23-000007,eps_diluted,rules,0.0406457176626039
0000012927_0000012927-23-000007,total_assets,rules,0.0406457176626039
0000012927_0000012927-23-000007,total_liabilities,rules,0.0406457176626039
0000012927_0000012927-23-000007,stockholders_equity,rules,0.0406457176626039
0000012927_0000012927-23-000007,cash_and_equivalents,rules,0.0406457176626039
0000012927_0000012927-23-000007,operating_cash_flow,rules,0.0406457176626039
0000012927_0000012927-24-000010,revenue,rules,0.0425517777782968
0000012927_0000012927-24-000010,operating_income,rules,0.0425517777782968
0000012927_0000012927-24-000010,net_income,rules,0.0425517777782968
0000012927_0000012927-24-000010,eps_diluted,rules,0.0425517777782968
0000012927_0000012927-24-000010,total_assets,rules,0.0425517777782968
0000012927_0000012927-24-000010,total_liabilities,rules,0.0425517777782968
0000012927_0000012927-24-000010,stockholders_equity,rules,0.0425517777782968
0000012927_0000012927-24-000010,cash_and_equivalents,rules,0.0425517777782968
0000012927_0000012927-24-000010,operating_cash_flow,rules,0.0425517777782968
0000012927_0000012927-25-000015,revenue,rules,0.0410654768865141
0000012927_0000012927-25-000015,operating_income,rules,0.0410654768865141
0000012927_0000012927-25-000015,net_income,rules,0.0410654768865141
0000012927_0000012927-25-000015,eps_diluted,rules,0.0410654768865141
0000012927_0000012927-25-000015,total_assets,rules,0.0410654768865141
0000012927_0000012927-25-000015,total_liabilities,rules,0.0410654768865141
0000012927_0000012927-25-000015,stockholders_equity,rules,0.0410654768865141
0000012927_0000012927-25-000015,cash_and_equivalents,rules,0.0410654768865141
0000012927_0000012927-25-000015,operating_cash_flow,rules,0.0410654768865141
0000018230_0000018230-20-000056,revenue,rules,0.072377009220266
0000018230_0000018230-20-000056,operating_income,rules,0.072377009220266
0000018230_0000018230-20-000056,net_income,rules,0.072377009220266
0000018230_0000018230-20-000056,eps_diluted,rules,0.072377009220266
0000018230_0000018230-20-000056,total_assets,rules,0.072377009220266
0000018230_0000018230-20-000056,total_liabilities,rules,0.072377009220266
0000018230_0000018230-20-000056,stockholders_equity,rules,0.072377009220266
0000018230_0000018230-20-000056,cash_and_equivalents,rules,0.072377009220266
0000018230_0000018230-20-000056,operating_cash_flow,rules,0.072377009220266
0000018230_0000018230-21-000063,revenue,rules,0.0728710508879481
0000018230_0000018230-21-000063,operating_income,rules,0.0728710508879481
0000018230_0000018230-21-000063,net_income,rules,0.0728710508879481
0000018230_0000018230-21-000063,eps_diluted,rules,0.0728710508879481
0000018230_0000018230-21-000063,total_assets,rules,0.0728710508879481
0000018230_0000018230-21-000063,total_liabilities,rules,0.0728710508879481
0000018230_0000018230-21-000063,stockholders_equity,rules,0.0728710508879481
0000018230_0000018230-21-000063,cash_and_equivalents,rules,0.0728710508879481
0000018230_0000018230-21-000063,operating_cash_flow,rules,0.0728710508879481
0000018230_0000018230-22-000050,revenue,rules,0.0605832361163468
0000018230_0000018230-22-000050,operating_income,rules,0.0605832361163468
0000018230_0000018230-22-000050,net_income,rules,0.0605832361163468
0000018230_0000018230-22-000050,eps_diluted,rules,0.0605832361163468
0000018230_0000018230-22-000050,total_assets,rules,0.0605832361163468
0000018230_0000018230-22-000050,total_liabilities,rules,0.0605832361163468
0000018230_0000018230-22-000050,stockholders_equity,rules,0.0605832361163468
0000018230_0000018230-22-000050,cash_and_equivalents,rules,0.0605832361163468
0000018230_0000018230-22-000050,operating_cash_flow,rules,0.0605832361163468
0000018230_0000018230-23-000011,revenue,rules,0.054469782335218
0000018230_0000018230-23-000011,operating_income,rules,0.054469782335218
0000018230_0000018230-23-000011,net_income,rules,0.054469782335218
0000018230_0000018230-23-000011,eps_diluted,rules,0.054469782335218
0000018230_0000018230-23-000011,total_assets,rules,0.054469782335218
0000018230_0000018230-23-000011,total_liabilities,rules,0.054469782335218
0000018230_0000018230-23-000011,stockholders_equity,rules,0.054469782335218
0000018230_0000018230-23-000011,cash_and_equivalents,rules,0.054469782335218
0000018230_0000018230-23-000011,operating_cash_flow,rules,0.054469782335218
0000018230_0000018230-24-000009,revenue,rules,0.0562966481084004
0000018230_0000018230-24-000009,operating_income,rules,0.0562966481084004
0000018230_0000018230-24-000009,net_income,rules,0.0562966481084004
0000018230_0000018230-24-000009,eps_diluted,rules,0.0562966481084004
0000018230_0000018230-24-000009,total_assets,rules,0.0562966481084004
0000018230_0000018230-24-000009,total_liabilities,rules,0.0562966481084004
0000018230_0000018230-24-000009,stockholders_equity,rules,0.0562966481084004
0000018230_0000018230-24-000009,cash_and_equivalents,rules,0.0562966481084004
0000018230_0000018230-24-000009,operating_cash_flow,rules,0.0562966481084004
0000018230_0000018230-25-000008,revenue,rules,0.0548771111061796
0000018230_0000018230-25-000008,operating_income,rules,0.0548771111061796
0000018230_0000018230-25-000008,net_income,rules,0.0548771111061796
0000018230_0000018230-25-000008,eps_diluted,rules,0.0548771111061796
0000018230_0000018230-25-000008,total_assets,rules,0.0548771111061796
0000018230_0000018230-25-000008,total_liabilities,rules,0.0548771111061796
0000018230_0000018230-25-000008,stockholders_equity,rules,0.0548771111061796
0000018230_0000018230-25-000008,cash_and_equivalents,rules,0.0548771111061796
0000018230_0000018230-25-000008,operating_cash_flow,rules,0.0548771111061796
0000021344_0000021344-20-000006,revenue,rules,0.0475745879941516
0000021344_0000021344-20-000006,operating_income,rules,0.0475745879941516
0000021344_0000021344-20-000006,net_income,rules,0.0475745879941516
0000021344_0000021344-20-000006,eps_diluted,rules,0.0475745879941516
0000021344_0000021344-20-000006,total_assets,rules,0.0475745879941516
0000021344_0000021344-20-000006,stockholders_equity,rules,0.0475745879941516
0000021344_0000021344-20-000006,cash_and_equivalents,rules,0.0475745879941516
0000021344_0000021344-20-000006,operating_cash_flow,rules,0.0475745879941516
0000021344_0000021344-21-000008,revenue,rules,0.0498140925580325
0000021344_0000021344-21-000008,operating_income,rules,0.0498140925580325
0000021344_0000021344-21-000008,net_income,rules,0.0498140925580325
0000021344_0000021344-21-000008,eps_diluted,rules,0.0498140925580325
0000021344_0000021344-21-000008,total_assets,rules,0.0498140925580325
0000021344_0000021344-21-000008,stockholders_equity,rules,0.0498140925580325
0000021344_0000021344-21-000008,cash_and_equivalents,rules,0.0498140925580325
0000021344_0000021344-21-000008,operating_cash_flow,rules,0.0498140925580325
0000021344_0000021344-22-000009,revenue,rules,0.0493225231119948
0000021344_0000021344-22-000009,operating_income,rules,0.0493225231119948
0000021344_0000021344-22-000009,net_income,rules,0.0493225231119948
0000021344_0000021344-22-000009,eps_diluted,rules,0.0493225231119948
0000021344_0000021344-22-000009,total_assets,rules,0.0493225231119948
0000021344_0000021344-22-000009,stockholders_equity,rules,0.0493225231119948
0000021344_0000021344-22-000009,cash_and_equivalents,rules,0.0493225231119948
0000021344_0000021344-22-000009,operating_cash_flow,rules,0.0493225231119948
0000021344_0000021344-23-000011,revenue,rules,0.042373013889624
0000021344_0000021344-23-000011,operating_income,rules,0.042373013889624
0000021344_0000021344-23-000011,net_income,rules,0.042373013889624
0000021344_0000021344-23-000011,eps_diluted,rules,0.042373013889624
0000021344_0000021344-23-000011,total_assets,rules,0.042373013889624
0000021344_0000021344-23-000011,stockholders_equity,rules,0.042373013889624
0000021344_0000021344-23-000011,cash_and_equivalents,rules,0.042373013889624
0000021344_0000021344-23-000011,operating_cash_flow,rules,0.042373013889624
0000021344_0000021344-24-000009,revenue,rules,0.0456494491081684
0000021344_0000021344-24-000009,operating_income,rules,0.0456494491081684
0000021344_0000021344-24-000009,net_income,rules,0.0456494491081684
0000021344_0000021344-24-000009,eps_diluted,rules,0.0456494491081684
0000021344_0000021344-24-000009,total_assets,rules,0.0456494491081684
0000021344_0000021344-24-000009,stockholders_equity,rules,0.0456494491081684
0000021344_0000021344-24-000009,cash_and_equivalents,rules,0.0456494491081684
0000021344_0000021344-24-000009,operating_cash_flow,rules,0.0456494491081684
0000021344_0000021344-25-000011,revenue,rules,0.0435010972174091
0000021344_0000021344-25-000011,operating_income,rules,0.0435010972174091
0000021344_0000021344-25-000011,net_income,rules,0.0435010972174091
0000021344_0000021344-25-000011,eps_diluted,rules,0.0435010972174091
0000021344_0000021344-25-000011,total_assets,rules,0.0435010972174091
0000021344_0000021344-25-000011,stockholders_equity,rules,0.0435010972174091
0000021344_0000021344-25-000011,cash_and_equivalents,rules,0.0435010972174091
0000021344_0000021344-25-000011,operating_cash_flow,rules,0.0435010972174091
0000050863_0000050863-20-000011,revenue,rules,0.038248217664659
0000050863_0000050863-20-000011,operating_income,rules,0.038248217664659
0000050863_0000050863-20-000011,net_income,rules,0.038248217664659
0000050863_0000050863-20-000011,eps_diluted,rules,0.038248217664659
0000050863_0000050863-20-000011,total_assets,rules,0.038248217664659
0000050863_0000050863-20-000011,stockholders_equity,rules,0.038248217664659
0000050863_0000050863-20-000011,cash_and_equivalents,rules,0.038248217664659
0000050863_0000050863-20-000011,operating_cash_flow,rules,0.038248217664659
0000050863_0000050863-21-000010,revenue,rules,0.0361344398827188
0000050863_0000050863-21-000010,operating_income,rules,0.0361344398827188
0000050863_0000050863-21-000010,net_income,rules,0.0361344398827188
0000050863_0000050863-21-000010,eps_diluted,rules,0.0361344398827188
0000050863_0000050863-21-000010,total_assets,rules,0.0361344398827188
0000050863_0000050863-21-000010,stockholders_equity,rules,0.0361344398827188
0000050863_0000050863-21-000010,cash_and_equivalents,rules,0.0361344398827188
0000050863_0000050863-21-000010,operating_cash_flow,rules,0.0361344398827188
0000050863_0000050863-22-000007,revenue,rules,0.0326495092206945
0000050863_0000050863-22-000007,operating_income,rules,0.0326495092206945
0000050863_0000050863-22-000007,net_income,rules,0.0326495092206945
0000050863_0000050863-22-000007,eps_diluted,rules,0.0326495092206945
0000050863_0000050863-22-000007,total_assets,rules,0.0326495092206945
0000050863_0000050863-22-000007,stockholders_equity,rules,0.0326495092206945
0000050863_0000050863-22-000007,cash_and_equivalents,rules,0.0326495092206945
0000050863_0000050863-22-000007,operating_cash_flow,rules,0.0326495092206945
0000050863_0000050863-23-000006,revenue,rules,0.0342128102266643
0000050863_0000050863-23-000006,operating_income,rules,0.0342128102266643
0000050863_0000050863-23-000006,net_income,rules,0.0342128102266643
0000050863_0000050863-23-000006,eps_diluted,rules,0.0342128102266643
0000050863_0000050863-23-000006,total_assets,rules,0.0342128102266643
0000050863_0000050863-23-000006,stockholders_equity,rules,0.0342128102266643
0000050863_0000050863-23-000006,cash_and_equivalents,rules,0.0342128102266643
0000050863_0000050863-23-000006,operating_cash_flow,rules,0.0342128102266643
0000050863_0000050863-24-000010,revenue,rules,0.0358542499986166
0000050863_0000050863-24-000010,operating_income,rules,0.0358542499986166
0000050863_0000050863-24-000010,net_income,rules,0.0358542499986166
0000050863_0000050863-24-000010,eps_diluted,rules,0.0358542499986166
0000050863_0000050863-24-000010,total_assets,rules,0.0358542499986166
0000050863_0000050863-24-000010,stockholders_equity,rules,0.0358542499986166
0000050863_0000050863-24-000010,cash_and_equivalents,rules,0.0358542499986166
0000050863_0000050863-24-000010,operating_cash_flow,rules,0.0358542499986166
0000050863_0000050863-25-000009,revenue,rules,0.0409946760046295
0000050863_0000050863-25-000009,operating_income,rules,0.0409946760046295
0000050863_0000050863-25-000009,net_income,rules,0.0409946760046295
0000050863_0000050863-25-000009,eps_diluted,rules,0.0409946760046295
0000050863_0000050863-25-000009,total_assets,rules,0.0409946760046295
0000050863_0000050863-25-000009,stockholders_equity,rules,0.0409946760046295
0000050863_0000050863-25-000009,cash_and_equivalents,rules,0.0409946760046295
0000050863_0000050863-25-000009,operating_cash_flow,rules,0.0409946760046295
0000066740_0001558370-20-000581,revenue,rules,0.0630074166692793
0000066740_0001558370-20-000581,operating_income,rules,0.0630074166692793
0000066740_0001558370-20-000581,net_income,rules,0.0630074166692793
0000066740_0001558370-20-000581,eps_diluted,rules,0.0630074166692793
0000066740_0001558370-20-000581,total_assets,rules,0.0630074166692793
0000066740_0001558370-20-000581,total_liabilities,rules,0.0630074166692793
0000066740_0001558370-20-000581,stockholders_equity,rules,0.0630074166692793
0000066740_0001558370-20-000581,operating_cash_flow,rules,0.0630074166692793
0000066740_0001558370-21-000737,revenue,rules,0.0604781342165855
0000066740_0001558370-21-000737,operating_income,rules,0.0604781342165855
0000066740_0001558370-21-000737,net_income,rules,0.0604781342165855
0000066740_0001558370-21-000737,eps_diluted,rules,0.0604781342165855
0000066740_0001558370-21-000737,total_assets,rules,0.0604781342165855
0000066740_0001558370-21-000737,total_liabilities,rules,0.0604781342165855
0000066740_0001558370-21-000737,stockholders_equity,rules,0.0604781342165855
0000066740_0001558370-21-000737,operating_cash_flow,rules,0.0604781342165855
0000066740_0000066740-22-000010,revenue,rules,0.048150222224649
0000066740_0000066740-22-000010,operating_income,rules,0.048150222224649
0000066740_0000066740-22-000010,net_income,rules,0.048150222224649
0000066740_0000066740-22-000010,eps_diluted,rules,0.048150222224649
0000066740_0000066740-22-000010,total_assets,rules,0.048150222224649
0000066740_0000066740-22-000010,total_liabilities,rules,0.048150222224649
0000066740_0000066740-22-000010,stockholders_equity,rules,0.048150222224649
0000066740_0000066740-22-000010,operating_cash_flow,rules,0.048150222224649
0000066740_0000066740-23-000014,revenue,rules,0.0439303888900515
0000066740_0000066740-23-000014,operating_income,rules,0.0439303888900515
0000066740_0000066740-23-000014,net_income,rules,0.0439303888900515
0000066740_0000066740-23-000014,eps_diluted,rules,0.0439303888900515
0000066740_0000066740-23-000014,total_assets,rules,0.0439303888900515
0000066740_0000066740-23-000014,total_liabilities,rules,0.0439303888900515
0000066740_0000066740-23-000014,stockholders_equity,rules,0.0439303888900515
0000066740_0000066740-23-000014,operating_cash_flow,rules,0.0439303888900515
0000066740_0000066740-24-000016,revenue,rules,0.0396866203324558
0000066740_0000066740-24-000016,operating_income,rules,0.0396866203324558
0000066740_0000066740-24-000016,net_income,rules,0.0396866203324558
0000066740_0000066740-24-000016,eps_diluted,rules,0.0396866203324558
0000066740_0000066740-24-000016,total_assets,rules,0.0396866203324558
0000066740_0000066740-24-000016,total_liabilities,rules,0.0396866203324558
0000066740_0000066740-24-000016,stockholders_equity,rules,0.0396866203324558
0000066740_0000066740-24-000016,cash_and_equivalents,rules,0.0396866203324558
0000066740_0000066740-24-000016,operating_cash_flow,rules,0.0396866203324558
0000066740_0000066740-25-000006,revenue,rules,0.0433485647792824
0000066740_0000066740-25-000006,operating_income,rules,0.0433485647792824
0000066740_0000066740-25-000006,net_income,rules,0.0433485647792824
0000066740_0000066740-25-000006,eps_diluted,rules,0.0433485647792824
0000066740_0000066740-25-000006,total_assets,rules,0.0433485647792824
0000066740_0000066740-25-000006,total_liabilities,rules,0.0433485647792824
0000066740_0000066740-25-000006,stockholders_equity,rules,0.0433485647792824
0000066740_0000066740-25-000006,cash_and_equivalents,rules,0.0433485647792824
0000066740_0000066740-25-000006,operating_cash_flow,rules,0.0433485647792824
0000077476_0000077476-20-000015,revenue,rules,0.0546462870034803
0000077476_0000077476-20-000015,operating_income,rules,0.0546462870034803
0000077476_0000077476-20-000015,net_income,rules,0.0546462870034803
0000077476_0000077476-20-000015,eps_diluted,rules,0.0546462870034803
0000077476_0000077476-20-000015,total_assets,rules,0.0546462870034803
0000077476_0000077476-20-000015,total_liabilities,rules,0.0546462870034803
0000077476_0000077476-20-000015,stockholders_equity,rules,0.0546462870034803
0000077476_0000077476-20-000015,cash_and_equivalents,rules,0.0546462870034803
0000077476_0000077476-20-000015,operating_cash_flow,rules,0.0546462870034803
0000077476_0000077476-21-000007,revenue,rules,0.0422917823307216
0000077476_0000077476-21-000007,operating_income,rules,0.0422917823307216
0000077476_0000077476-21-000007,net_income,rules,0.0422917823307216
0000077476_0000077476-21-000007,eps_diluted,rules,0.0422917823307216
0000077476_0000077476-21-000007,total_assets,rules,0.0422917823307216
0000077476_0000077476-21-000007,total_liabilities,rules,0.0422917823307216
0000077476_0000077476-21-000007,stockholders_equity,rules,0.0422917823307216
0000077476_0000077476-21-000007,cash_and_equivalents,rules,0.0422917823307216
0000077476_0000077476-21-000007,operating_cash_flow,rules,0.0422917823307216
0000077476_0000077476-22-000010,revenue,rules,0.0451093981133049
0000077476_0000077476-22-000010,operating_income,rules,0.0451093981133049
0000077476_0000077476-22-000010,net_income,rules,0.0451093981133049
0000077476_0000077476-22-000010,eps_diluted,rules,0.0451093981133049
0000077476_0000077476-22-000010,total_assets,rules,0.0451093981133049
0000077476_0000077476-22-000010,total_liabilities,rules,0.0451093981133049
0000077476_0000077476-22-000010,stockholders_equity,rules,0.0451093981133049
0000077476_0000077476-22-000010,cash_and_equivalents,rules,0.0451093981133049
0000077476_0000077476-22-000010,operating_cash_flow,rules,0.0451093981133049
0000077476_0000077476-23-000007,revenue,rules,0.0480992037789999
0000077476_0000077476-23-000007,operating_income,rules,0.0480992037789999
0000077476_0000077476-23-000007,net_income,rules,0.0480992037789999
0000077476_0000077476-23-000007,eps_diluted,rules,0.0480992037789999
0000077476_0000077476-23-000007,total_assets,rules,0.0480992037789999
0000077476_0000077476-23-000007,total_liabilities,rules,0.0480992037789999
0000077476_0000077476-23-000007,stockholders_equity,rules,0.0480992037789999
0000077476_0000077476-23-000007,cash_and_equivalents,rules,0.0480992037789999
0000077476_0000077476-23-000007,operating_cash_flow,rules,0.0480992037789999
0000077476_0000077476-24-000008,revenue,rules,0.0449855833301424
0000077476_0000077476-24-000008,operating_income,rules,0.0449855833301424
0000077476_0000077476-24-000008,net_income,rules,0.0449855833301424
0000077476_0000077476-24-000008,eps_diluted,rules,0.0449855833301424
0000077476_0000077476-24-000008,total_assets,rules,0.0449855833301424
0000077476_0000077476-24-000008,total_liabilities,rules,0.0449855833301424
0000077476_0000077476-24-000008,stockholders_equity,rules,0.0449855833301424
0000077476_0000077476-24-000008,cash_and_equivalents,rules,0.0449855833301424
0000077476_0000077476-24-000008,operating_cash_flow,rules,0.0449855833301424
0000077476_0000077476-25-000007,revenue,rules,0.0436620370019227
0000077476_0000077476-25-000007,operating_income,rules,0.0436620370019227
0000077476_0000077476-25-000007,net_income,rules,0.0436620370019227
0000077476_0000077476-25-000007,eps_diluted,rules,0.0436620370019227
0000077476_0000077476-25-000007,total_assets,rules,0.0436620370019227
0000077476_0000077476-25-000007,total_liabilities,rules,0.0436620370019227
0000077476_0000077476-25-000007,stockholders_equity,rules,0.0436620370019227
0000077476_0000077476-25-000007,cash_and_equivalents,rules,0.0436620370019227
0000077476_0000077476-25-000007,operating_cash_flow,rules,0.0436620370019227
0000078003_0000078003-20-000014,revenue,rules,0.0034348241105261
0000078003_0000078003-20-000014,net_income,rules,0.0034348241105261
0000078003_0000078003-20-000014,eps_diluted,rules,0.0034348241105261
0000078003_0000078003-20-000014,total_assets,rules,0.0034348241105261
0000078003_0000078003-20-000014,total_liabilities,rules,0.0034348241105261
0000078003_0000078003-20-000014,stockholders_equity,rules,0.0034348241105261
0000078003_0000078003-20-000014,cash_and_equivalents,rules,0.0034348241105261
0000078003_0000078003-20-000014,operating_cash_flow,rules,0.0034348241105261
0000078003_0000078003-21-000038,revenue,rules,0.0693953842209238
0000078003_0000078003-21-000038,net_income,rules,0.0693953842209238
0000078003_0000078003-21-000038,eps_diluted,rules,0.0693953842209238
0000078003_0000078003-21-000038,total_assets,rules,0.0693953842209238
0000078003_0000078003-21-000038,total_liabilities,rules,0.0693953842209238
0000078003_0000078003-21-000038,stockholders_equity,rules,0.0693953842209238
0000078003_0000078003-21-000038,cash_and_equivalents,rules,0.0693953842209238
0000078003_0000078003-21-000038,operating_cash_flow,rules,0.0693953842209238
0000078003_0000078003-22-000027,revenue,rules,0.0661344027741708
0000078003_0000078003-22-000027,net_income,rules,0.0661344027741708
0000078003_0000078003-22-000027,eps_diluted,rules,0.0661344027741708
0000078003_0000078003-22-000027,total_assets,rules,0.0661344027741708
0000078003_0000078003-22-000027,total_liabilities,rules,0.0661344027741708
0000078003_0000078003-22-000027,stockholders_equity,rules,0.0661344027741708
0000078003_0000078003-22-000027,cash_and_equivalents,rules,0.0661344027741708
0000078003_0000078003-22-000027,operating_cash_flow,rules,0.0661344027741708
0000078003_0000078003-23-000024,revenue,rules,0.0595620508861935
0000078003_0000078003-23-000024,net_income,rules,0.0595620508861935
0000078003_0000078003-23-000024,eps_diluted,rules,0.0595620508861935
0000078003_0000078003-23-000024,total_assets,rules,0.0595620508861935
0000078003_0000078003-23-000024,total_liabilities,rules,0.0595620508861935
0000078003_0000078003-23-000024,stockholders_equity,rules,0.0595620508861935
0000078003_0000078003-23-000024,cash_and_equivalents,rules,0.0595620508861935
0000078003_0000078003-23-000024,operating_cash_flow,rules,0.0595620508861935
0000078003_0000078003-24-000039,revenue,rules,0.0586047499996816
0000078003_0000078003-24-000039,net_income,rules,0.0586047499996816
0000078003_0000078003-24-000039,eps_diluted,rules,0.0586047499996816
0000078003_0000078003-24-000039,total_assets,rules,0.0586047499996816
0000078003_0000078003-24-000039,total_liabilities,rules,0.0586047499996816
0000078003_0000078003-24-000039,stockholders_equity,rules,0.0586047499996816
0000078003_0000078003-24-000039,cash_and_equivalents,rules,0.0586047499996816
0000078003_0000078003-24-000039,operating_cash_flow,rules,0.0586047499996816
0000078003_0000078003-25-000054,revenue,rules,0.0628971852194
0000078003_0000078003-25-000054,net_income,rules,0.0628971852194
0000078003_0000078003-25-000054,eps_diluted,rules,0.0628971852194
0000078003_0000078003-25-000054,total_assets,rules,0.0628971852194
0000078003_0000078003-25-000054,total_liabilities,rules,0.0628971852194
0000078003_0000078003-25-000054,stockholders_equity,rules,0.0628971852194
0000078003_0000078003-25-000054,cash_and_equivalents,rules,0.0628971852194
0000078003_0000078003-25-000054,operating_cash_flow,rules,0.0628971852194
0000080424_0000080424-19-000050,revenue,rules,0.0350104166686327
0000080424_0000080424-19-000050,operating_income,rules,0.0350104166686327
0000080424_0000080424-19-000050,net_income,rules,0.0350104166686327
0000080424_0000080424-19-000050,eps_diluted,rules,0.0350104166686327
0000080424_0000080424-19-000050,total_assets,rules,0.0350104166686327
0000080424_0000080424-19-000050,total_liabilities,rules,0.0350104166686327
0000080424_0000080424-19-000050,stockholders_equity,rules,0.0350104166686327
0000080424_0000080424-19-000050,cash_and_equivalents,rules,0.0350104166686327
0000080424_0000080424-19-000050,operating_cash_flow,rules,0.0350104166686327
0000080424_0000080424-20-000053,revenue,rules,0.0319578611136724
0000080424_0000080424-20-000053,operating_income,rules,0.0319578611136724
0000080424_0000080424-20-000053,net_income,rules,0.0319578611136724
0000080424_0000080424-20-000053,eps_diluted,rules,0.0319578611136724
0000080424_0000080424-20-000053,total_assets,rules,0.0319578611136724
0000080424_0000080424-20-000053,total_liabilities,rules,0.0319578611136724
0000080424_0000080424-20-000053,stockholders_equity,rules,0.0319578611136724
0000080424_0000080424-20-000053,cash_and_equivalents,rules,0.0319578611136724
0000080424_0000080424-20-000053,operating_cash_flow,rules,0.0319578611136724
0000080424_0000080424-21-000100,revenue,rules,0.0293362453360007
0000080424_0000080424-21-000100,operating_income,rules,0.0293362453360007
0000080424_0000080424-21-000100,net_income,rules,0.0293362453360007
0000080424_0000080424-21-000100,eps_diluted,rules,0.0293362453360007
0000080424_0000080424-21-000100,total_assets,rules,0.0293362453360007
0000080424_0000080424-21-000100,total_liabilities,rules,0.0293362453360007
0000080424_0000080424-21-000100,stockholders_equity,rules,0.0293362453360007
0000080424_0000080424-21-000100,cash_and_equivalents,rules,0.0293362453360007
0000080424_0000080424-21-000100,operating_cash_flow,rules,0.0293362453360007
0000080424_0000080424-22-000064,revenue,rules,0.0287405416666944
0000080424_0000080424-22-000064,operating_income,rules,0.0287405416666944
0000080424_0000080424-22-000064,net_income,rules,0.0287405416666944
0000080424_0000080424-22-000064,eps_diluted,rules,0.0287405416666944
0000080424_0000080424-22-000064,total_assets,rules,0.0287405416666944
0000080424_0000080424-22-000064,total_liabilities,rules,0.0287405416666944
0000080424_0000080424-22-000064,stockholders_equity,rules,0.0287405416666944
0000080424_0000080424-22-000064,cash_and_equivalents,rules,0.0287405416666944
0000080424_0000080424-22-000064,operating_cash_flow,rules,0.0287405416666944
0000080424_0000080424-23-000073,revenue,rules,0.0274246203350938
0000080424_0000080424-23-000073,operating_income,rules,0.0274246203350938
0000080424_0000080424-23-000073,net_income,rules,0.0274246203350938
0000080424_0000080424-23-000073,eps_diluted,rules,0.0274246203350938
0000080424_0000080424-23-000073,total_assets,rules,0.0274246203350938
0000080424_0000080424-23-000073,total_liabilities,rules,0.0274246203350938
0000080424_0000080424-23-000073,stockholders_equity,rules,0.0274246203350938
0000080424_0000080424-23-000073,cash_and_equivalents,rules,0.0274246203350938
0000080424_0000080424-23-000073,operating_cash_flow,rules,0.0274246203350938
0000080424_0000080424-24-000083,revenue,rules,0.0334595972219378
0000080424_0000080424-24-000083,operating_income,rules,0.0334595972219378
0000080424_0000080424-24-000083,net_income,rules,0.0334595972219378
0000080424_0000080424-24-000083,eps_diluted,rules,0.0334595972219378
0000080424_0000080424-24-000083,total_assets,rules,0.0334595972219378
0000080424_0000080424-24-000083,total_liabilities,rules,0.0334595972219378
0000080424_0000080424-24-000083,stockholders_equity,rules,0.0334595972219378
0000080424_0000080424-24-000083,cash_and_equivalents,rules,0.0334595972219378
0000080424_0000080424-24-000083,operating_cash_flow,rules,0.0334595972219378
0000104169_0000104169-19-000016,revenue,rules,0.0572003379994486
0000104169_0000104169-19-000016,operating_income,rules,0.0572003379994486
0000104169_0000104169-19-000016,net_income,rules,0.0572003379994486
0000104169_0000104169-19-000016,eps_diluted,rules,0.0572003379994486
0000104169_0000104169-19-000016,total_assets,rules,0.0572003379994486
0000104169_0000104169-19-000016,stockholders_equity,rules,0.0572003379994486
0000104169_0000104169-19-000016,cash_and_equivalents,rules,0.0572003379994486
0000104169_0000104169-19-000016,operating_cash_flow,rules,0.0572003379994486
0000104169_0000104169-20-000011,revenue,rules,0.0660310647799633
0000104169_0000104169-20-000011,operating_income,rules,0.0660310647799633
0000104169_0000104169-20-000011,net_income,rules,0.0660310647799633
0000104169_0000104169-20-000011,eps_diluted,rules,0.0660310647799633
0000104169_0000104169-20-000011,total_assets,rules,0.0660310647799633
0000104169_0000104169-20-000011,stockholders_equity,rules,0.0660310647799633
0000104169_0000104169-20-000011,cash_and_equivalents,rules,0.0660310647799633
0000104169_0000104169-20-000011,operating_cash_flow,rules,0.0660310647799633
0000104169_0000104169-21-000033,revenue,rules,0.0672323611151013
0000104169_0000104169-21-000033,operating_income,rules,0.0672323611151013
0000104169_0000104169-21-000033,net_income,rules,0.0672323611151013
0000104169_0000104169-21-000033,eps_diluted,rules,0.0672323611151013
0000104169_0000104169-21-000033,total_assets,rules,0.0672323611151013
0000104169_0000104169-21-000033,stockholders_equity,rules,0.0672323611151013
0000104169_0000104169-21-000033,cash_and_equivalents,rules,0.0672323611151013
0000104169_0000104169-21-000033,operating_cash_flow,rules,0.0672323611151013
0000104169_0000104169-22-000012,revenue,rules,0.0707799212218055
0000104169_0000104169-22-000012,operating_income,rules,0.0707799212218055
0000104169_0000104169-22-000012,net_income,rules,0.0707799212218055
0000104169_0000104169-22-000012,eps_diluted,rules,0.0707799212218055
0000104169_0000104169-22-000012,total_assets,rules,0.0707799212218055
0000104169_0000104169-22-000012,stockholders_equity,rules,0.0707799212218055
0000104169_0000104169-22-000012,cash_and_equivalents,rules,0.0707799212218055
0000104169_0000104169-22-000012,operating_cash_flow,rules,0.0707799212218055
0000104169_0000104169-23-000020,revenue,rules,0.0502904489985667
0000104169_0000104169-23-000020,operating_income,rules,0.0502904489985667
0000104169_0000104169-23-000020,net_income,rules,0.0502904489985667
0000104169_0000104169-23-000020,eps_diluted,rules,0.0502904489985667
0000104169_0000104169-23-000020,total_assets,rules,0.0502904489985667
0000104169_0000104169-23-000020,stockholders_equity,rules,0.0502904489985667
0000104169_0000104169-23-000020,cash_and_equivalents,rules,0.0502904489985667
0000104169_0000104169-23-000020,operating_cash_flow,rules,0.0502904489985667
0000104169_0000104169-24-000056,revenue,rules,0.0444670555556917
0000104169_0000104169-24-000056,operating_income,rules,0.0444670555556917
0000104169_0000104169-24-000056,net_income,rules,0.0444670555556917
0000104169_0000104169-24-000056,eps_diluted,rules,0.0444670555556917
0000104169_0000104169-24-000056,total_assets,rules,0.0444670555556917
0000104169_0000104169-24-000056,stockholders_equity,rules,0.0444670555556917
0000104169_0000104169-24-000056,cash_and_equivalents,rules,0.0444670555556917
0000104169_0000104169-24-000056,operating_cash_flow,rules,0.0444670555556917
0000200406_0000200406-20-000010,revenue,rules,0.0430892499991589
0000200406_0000200406-20-000010,net_income,rules,0.0430892499991589
0000200406_0000200406-20-000010,eps_diluted,rules,0.0430892499991589
0000200406_0000200406-20-000010,total_assets,rules,0.0430892499991589
0000200406_0000200406-20-000010,total_liabilities,rules,0.0430892499991589
0000200406_0000200406-20-000010,stockholders_equity,rules,0.0430892499991589
0000200406_0000200406-20-000010,cash_and_equivalents,rules,0.0430892499991589
0000200406_0000200406-20-000010,operating_cash_flow,rules,0.0430892499991589
0000200406_0000200406-21-000008,revenue,rules,0.0410357083375048
0000200406_0000200406-21-000008,net_income,rules,0.0410357083375048
0000200406_0000200406-21-000008,eps_diluted,rules,0.0410357083375048
0000200406_0000200406-21-000008,total_assets,rules,0.0410357083375048
0000200406_0000200406-21-000008,total_liabilities,rules,0.0410357083375048
0000200406_0000200406-21-000008,stockholders_equity,rules,0.0410357083375048
0000200406_0000200406-21-000008,cash_and_equivalents,rules,0.0410357083375048
0000200406_0000200406-21-000008,operating_cash_flow,rules,0.0410357083375048
0000200406_0000200406-22-000022,revenue,rules,0.041473930559328
0000200406_0000200406-22-000022,net_income,rules,0.041473930559328
0000200406_0000200406-22-000022,eps_diluted,rules,0.041473930559328
0000200406_0000200406-22-000022,total_assets,rules,0.041473930559328
0000200406_0000200406-22-000022,total_liabilities,rules,0.041473930559328
0000200406_0000200406-22-000022,stockholders_equity,rules,0.041473930559328
0000200406_0000200406-22-000022,cash_and_equivalents,rules,0.041473930559328
0000200406_0000200406-22-000022,operating_cash_flow,rules,0.041473930559328
0000200406_0000200406-23-000016,revenue,rules,0.0417284166647328
0000200406_0000200406-23-000016,net_income,rules,0.0417284166647328
0000200406_0000200406-23-000016,eps_diluted,rules,0.0417284166647328
0000200406_0000200406-23-000016,total_assets,rules,0.0417284166647328
0000200406_0000200406-23-000016,total_liabilities,rules,0.0417284166647328
0000200406_0000200406-23-000016,stockholders_equity,rules,0.0417284166647328
0000200406_0000200406-23-000016,cash_and_equivalents,rules,0.0417284166647328
0000200406_0000200406-23-000016,operating_cash_flow,rules,0.0417284166647328
0000200406_0000200406-24-000013,revenue,rules,0.0394283333314686
0000200406_0000200406-24-000013,net_income,rules,0.0394283333314686
0000200406_0000200406-24-000013,eps_diluted,rules,0.0394283333314686
0000200406_0000200406-24-000013,total_assets,rules,0.0394283333314686
0000200406_0000200406-24-000013,total_liabilities,rules,0.0394283333314686
0000200406_0000200406-24-000013,stockholders_equity,rules,0.0394283333314686
0000200406_0000200406-24-000013,cash_and_equivalents,rules,0.0394283333314686
0000200406_0000200406-24-000013,operating_cash_flow,rules,0.0394283333314686
0000200406_0000200406-25-000038,revenue,rules,0.0434113565521935
0000200406_0000200406-25-000038,net_income,rules,0.0434113565521935
0000200406_0000200406-25-000038,eps_diluted,rules,0.0434113565521935
0000200406_0000200406-25-000038,total_assets,rules,0.0434113565521935
0000200406_0000200406-25-000038,total_liabilities,rules,0.0434113565521935
0000200406_0000200406-25-000038,stockholders_equity,rules,0.0434113565521935
0000200406_0000200406-25-000038,cash_and_equivalents,rules,0.0434113565521935
0000200406_0000200406-25-000038,operating_cash_flow,rules,0.0434113565521935
0000310158_0000310158-20-000005,revenue,rules,0.0453091666697421
0000310158_0000310158-20-000005,net_income,rules,0.0453091666697421
0000310158_0000310158-20-000005,eps_diluted,rules,0.0453091666697421
0000310158_0000310158-20-000005,total_assets,rules,0.0453091666697421
0000310158_0000310158-20-000005,stockholders_equity,rules,0.0453091666697421
0000310158_0000310158-20-000005,cash_and_equivalents,rules,0.0453091666697421
0000310158_0000310158-20-000005,operating_cash_flow,rules,0.0453091666697421
0000310158_0000310158-21-000004,revenue,rules,0.0427003425558925
0000310158_0000310158-21-000004,net_income,rules,0.0427003425558925
0000310158_0000310158-21-000004,eps_diluted,rules,0.0427003425558925
0000310158_0000310158-21-000004,total_assets,rules,0.0427003425558925
0000310158_0000310158-21-000004,stockholders_equity,rules,0.0427003425558925
0000310158_0000310158-21-000004,cash_and_equivalents,rules,0.0427003425558925
0000310158_0000310158-21-000004,operating_cash_flow,rules,0.0427003425558925
0000310158_0000310158-22-000003,revenue,rules,0.0441517732170824
0000310158_0000310158-22-000003,net_income,rules,0.0441517732170824
0000310158_0000310158-22-000003,eps_diluted,rules,0.0441517732170824
0000310158_0000310158-22-000003,total_assets,rules,0.0441517732170824
0000310158_0000310158-22-000003,stockholders_equity,rules,0.0441517732170824
0000310158_0000310158-22-000003,cash_and_equivalents,rules,0.0441517732170824
0000310158_0000310158-22-000003,operating_cash_flow,rules,0.0441517732170824
0000310158_0001628280-23-005061,revenue,rules,0.0413127176709369
0000310158_0001628280-23-005061,net_income,rules,0.0413127176709369
0000310158_0001628280-23-005061,eps_diluted,rules,0.0413127176709369
0000310158_0001628280-23-005061,total_assets,rules,0.0413127176709369
0000310158_0001628280-23-005061,stockholders_equity,rules,0.0413127176709369
0000310158_0001628280-23-005061,cash_and_equivalents,rules,0.0413127176709369
0000310158_0001628280-23-005061,operating_cash_flow,rules,0.0413127176709369
0000310158_0001628280-24-006850,revenue,rules,0.0425444444473315
0000310158_0001628280-24-006850,net_income,rules,0.0425444444473315
0000310158_0001628280-24-006850,eps_diluted,rules,0.0425444444473315
0000310158_0001628280-24-006850,total_assets,rules,0.0425444444473315
0000310158_0001628280-24-006850,stockholders_equity,rules,0.0425444444473315
0000310158_0001628280-24-006850,cash_and_equivalents,rules,0.0425444444473315
0000310158_0001628280-24-006850,operating_cash_flow,rules,0.0425444444473315
0000310158_0001628280-25-007732,revenue,rules,0.0418113703296209
0000310158_0001628280-25-007732,net_income,rules,0.0418113703296209
0000310158_0001628280-25-007732,eps_diluted,rules,0.0418113703296209
0000310158_0001628280-25-007732,total_assets,rules,0.0418113703296209
0000310158_0001628280-25-007732,stockholders_equity,rules,0.0418113703296209
0000310158_0001628280-25-007732,cash_and_equivalents,rules,0.0418113703296209
0000310158_0001628280-25-007732,operating_cash_flow,rules,0.0418113703296209
0000320193_0000320193-19-000119,revenue,rules,0.0220370555568176
0000320193_0000320193-19-000119,operating_income,rules,0.0220370555568176
0000320193_0000320193-19-000119,net_income,rules,0.0220370555568176
0000320193_0000320193-19-000119,eps_diluted,rules,0.0220370555568176
0000320193_0000320193-19-000119,total_assets,rules,0.0220370555568176
0000320193_0000320193-19-000119,total_liabilities,rules,0.0220370555568176
0000320193_0000320193-19-000119,stockholders_equity,rules,0.0220370555568176
0000320193_0000320193-19-000119,cash_and_equivalents,rules,0.0220370555568176
0000320193_0000320193-19-000119,operating_cash_flow,rules,0.0220370555568176
0000320193_0000320193-20-000096,revenue,rules,0.031100874999538
0000320193_0000320193-20-000096,operating_income,rules,0.031100874999538
0000320193_0000320193-20-000096,net_income,rules,0.031100874999538
0000320193_0000320193-20-000096,eps_diluted,rules,0.031100874999538
0000320193_0000320193-20-000096,total_assets,rules,0.031100874999538
0000320193_0000320193-20-000096,total_liabilities,rules,0.031100874999538
0000320193_0000320193-20-000096,stockholders_equity,rules,0.031100874999538
0000320193_0000320193-20-000096,cash_and_equivalents,rules,0.031100874999538
0000320193_0000320193-20-000096,operating_cash_flow,rules,0.031100874999538
0000320193_0000320193-21-000105,revenue,rules,0.0194224027800373
0000320193_0000320193-21-000105,operating_income,rules,0.0194224027800373
0000320193_0000320193-21-000105,net_income,rules,0.0194224027800373
0000320193_0000320193-21-000105,eps_diluted,rules,0.0194224027800373
0000320193_0000320193-21-000105,total_assets,rules,0.0194224027800373
0000320193_0000320193-21-000105,total_liabilities,rules,0.0194224027800373
0000320193_0000320193-21-000105,stockholders_equity,rules,0.0194224027800373
0000320193_0000320193-21-000105,cash_and_equivalents,rules,0.0194224027800373
0000320193_0000320193-21-000105,operating_cash_flow,rules,0.0194224027800373
0000320193_0000320193-22-000108,revenue,rules,0.018657324111296
0000320193_0000320193-22-000108,operating_income,rules,0.018657324111296
0000320193_0000320193-22-000108,net_income,rules,0.018657324111296
0000320193_0000320193-22-000108,eps_diluted,rules,0.018657324111296
0000320193_0000320193-22-000108,total_assets,rules,0.018657324111296
0000320193_0000320193-22-000108,total_liabilities,rules,0.018657324111296
0000320193_0000320193-22-000108,stockholders_equity,rules,0.018657324111296
0000320193_0000320193-22-000108,cash_and_equivalents,rules,0.018657324111296
0000320193_0000320193-22-000108,operating_cash_flow,rules,0.018657324111296
0000320193_0000320193-23-000106,revenue,rules,0.0169367962258143
0000320193_0000320193-23-000106,operating_income,rules,0.0169367962258143
0000320193_0000320193-23-000106,net_income,rules,0.0169367962258143
0000320193_0000320193-23-000106,eps_diluted,rules,0.0169367962258143
0000320193_0000320193-23-000106,total_assets,rules,0.0169367962258143
0000320193_0000320193-23-000106,total_liabilities,rules,0.0169367962258143
0000320193_0000320193-23-000106,stockholders_equity,rules,0.0169367962258143
0000320193_0000320193-23-000106,cash_and_equivalents,rules,0.0169367962258143
0000320193_0000320193-23-000106,operating_cash_flow,rules,0.0169367962258143
0000320193_0000320193-24-000123,revenue,rules,0.0173231619992293
0000320193_0000320193-24-000123,operating_income,rules,0.0173231619992293
0000320193_0000320193-24-000123,net_income,rules,0.0173231619992293
0000320193_0000320193-24-000123,eps_diluted,rules,0.0173231619992293
0000320193_0000320193-24-000123,total_assets,rules,0.0173231619992293
0000320193_0000320193-24-000123,total_liabilities,rules,0.0173231619992293
0000320193_0000320193-24-000123,stockholders_equity,rules,0.0173231619992293
0000320193_0000320193-24-000123,cash_and_equivalents,rules,0.0173231619992293
0000320193_0000320193-24-000123,operating_cash_flow,rules,0.0173231619992293
0000354950_0000354950-19-000010,revenue,rules,0.0304935000021941
0000354950_0000354950-19-000010,operating_income,rules,0.0304935000021941
0000354950_0000354950-19-000010,net_income,rules,0.0304935000021941
0000354950_0000354950-19-000010,eps_diluted,rules,0.0304935000021941
0000354950_0000354950-19-000010,total_assets,rules,0.0304935000021941
0000354950_0000354950-19-000010,total_liabilities,rules,0.0304935000021941
0000354950_0000354950-19-000010,stockholders_equity,rules,0.0304935000021941
0000354950_0000354950-19-000010,cash_and_equivalents,rules,0.0304935000021941
0000354950_0000354950-19-000010,operating_cash_flow,rules,0.0304935000021941
0000354950_0000354950-20-000015,revenue,rules,0.0242482315516099
0000354950_0000354950-20-000015,operating_income,rules,0.0242482315516099
0000354950_0000354950-20-000015,net_income,rules,0.0242482315516099
0000354950_0000354950-20-000015,eps_diluted,rules,0.0242482315516099
0000354950_0000354950-20-000015,total_assets,rules,0.0242482315516099
0000354950_0000354950-20-000015,total_liabilities,rules,0.0242482315516099
0000354950_0000354950-20-000015,stockholders_equity,rules,0.0242482315516099
0000354950_0000354950-20-000015,cash_and_equivalents,rules,0.0242482315516099
0000354950_0000354950-20-000015,operating_cash_flow,rules,0.0242482315516099
0000354950_0000354950-21-000089,revenue,rules,0.0269159722245401
0000354950_0000354950-21-000089,operating_income,rules,0.0269159722245401
0000354950_0000354950-21-000089,net_income,rules,0.0269159722245401
0000354950_0000354950-21-000089,eps_diluted,rules,0.0269159722245401
0000354950_0000354950-21-000089,total_assets,rules,0.0269159722245401
0000354950_0000354950-21-000089,total_liabilities,rules,0.0269159722245401
0000354950_0000354950-21-000089,stockholders_equity,rules,0.0269159722245401
0000354950_0000354950-21-000089,cash_and_equivalents,rules,0.0269159722245401
0000354950_0000354950-21-000089,operating_cash_flow,rules,0.0269159722245401
0000354950_0000354950-22-000070,revenue,rules,0.0250897175541871
0000354950_0000354950-22-000070,operating_income,rules,0.0250897175541871
0000354950_0000354950-22-000070,net_income,rules,0.0250897175541871
0000354950_0000354950-22-000070,eps_diluted,rules,0.0250897175541871
0000354950_0000354950-22-000070,total_assets,rules,0.0250897175541871
0000354950_0000354950-22-000070,total_liabilities,rules,0.0250897175541871
0000354950_0000354950-22-000070,stockholders_equity,rules,0.0250897175541871
0000354950_0000354950-22-000070,cash_and_equivalents,rules,0.0250897175541871
0000354950_0000354950-22-000070,operating_cash_flow,rules,0.0250897175541871
0000354950_0000354950-23-000059,revenue,rules,0.0260469119982897
0000354950_0000354950-23-000059,operating_income,rules,0.0260469119982897
0000354950_0000354950-23-000059,net_income,rules,0.0260469119982897
0000354950_0000354950-23-000059,eps_diluted,rules,0.0260469119982897
0000354950_0000354950-23-000059,total_assets,rules,0.0260469119982897
0000354950_0000354950-23-000059,total_liabilities,rules,0.0260469119982897
0000354950_0000354950-23-000059,stockholders_equity,rules,0.0260469119982897
0000354950_0000354950-23-000059,cash_and_equivalents,rules,0.0260469119982897
0000354950_0000354950-23-000059,operating_cash_flow,rules,0.0260469119982897
0000354950_0000354950-24-000062,revenue,rules,0.0321908333312927
0000354950_0000354950-24-000062,operating_income,rules,0.0321908333312927
0000354950_0000354950-24-000062,net_income,rules,0.0321908333312927
0000354950_0000354950-24-000062,eps_diluted,rules,0.0321908333312927
0000354950_0000354950-24-000062,total_assets,rules,0.0321908333312927
0000354950_0000354950-24-000062,total_liabilities,rules,0.0321908333312927
0000354950_0000354950-24-000062,stockholders_equity,rules,0.0321908333312927
0000354950_0000354950-24-000062,cash_and_equivalents,rules,0.0321908333312927
0000354950_0000354950-24-000062,operating_cash_flow,rules,0.0321908333312927
0000732712_0000732712-20-000014,revenue,rules,0.0031217454428163
0000732712_0000732712-20-000014,operating_income,rules,0.0031217454428163
0000732712_0000732712-20-000014,net_income,rules,0.0031217454428163
0000732712_0000732712-20-000014,eps_diluted,rules,0.0031217454428163
0000732712_0000732712-20-000014,total_assets,rules,0.0031217454428163
0000732712_0000732712-20-000014,stockholders_equity,rules,0.0031217454428163
0000732712_0000732712-20-000014,cash_and_equivalents,rules,0.0031217454428163
0000732712_0000732712-20-000014,operating_cash_flow,rules,0.0031217454428163
0000732712_0000732712-21-000012,revenue,rules,0.0487796805553241
0000732712_0000732712-21-000012,operating_income,rules,0.0487796805553241
0000732712_0000732712-21-000012,net_income,rules,0.0487796805553241
0000732712_0000732712-21-000012,eps_diluted,rules,0.0487796805553241
0000732712_0000732712-21-000012,total_assets,rules,0.0487796805553241
0000732712_0000732712-21-000012,stockholders_equity,rules,0.0487796805553241
0000732712_0000732712-21-000012,cash_and_equivalents,rules,0.0487796805553241
0000732712_0000732712-21-000012,operating_cash_flow,rules,0.0487796805553241
0000732712_0000732712-22-000008,revenue,rules,0.0629336760030128
0000732712_0000732712-22-000008,operating_income,rules,0.0629336760030128
0000732712_0000732712-22-000008,net_income,rules,0.0629336760030128
0000732712_0000732712-22-000008,eps_diluted,rules,0.0629336760030128
0000732712_0000732712-22-000008,total_assets,rules,0.0629336760030128
0000732712_0000732712-22-000008,stockholders_equity,rules,0.0629336760030128
0000732712_0000732712-22-000008,cash_and_equivalents,rules,0.0629336760030128
0000732712_0000732712-22-000008,operating_cash_flow,rules,0.0629336760030128
0000732712_0000732712-23-000012,revenue,rules,0.0750828795587747
0000732712_0000732712-23-000012,operating_income,rules,0.0750828795587747
0000732712_0000732712-23-000012,net_income,rules,0.0750828795587747
0000732712_0000732712-23-000012,eps_diluted,rules,0.0750828795587747
0000732712_0000732712-23-000012,total_assets,rules,0.0750828795587747
0000732712_0000732712-23-000012,stockholders_equity,rules,0.0750828795587747
0000732712_0000732712-23-000012,cash_and_equivalents,rules,0.0750828795587747
0000732712_0000732712-23-000012,operating_cash_flow,rules,0.0750828795587747
0000732712_0000732712-24-000010,revenue,rules,0.1218721388916795
0000732712_0000732712-24-000010,operating_income,rules,0.1218721388916795
0000732712_0000732712-24-000010,net_income,rules,0.1218721388916795
0000732712_0000732712-24-000010,eps_diluted,rules,0.1218721388916795
0000732712_0000732712-24-000010,total_assets,rules,0.1218721388916795
0000732712_0000732712-24-000010,stockholders_equity,rules,0.1218721388916795
0000732712_0000732712-24-000010,cash_and_equivalents,rules,0.1218721388916795
0000732712_0000732712-24-000010,operating_cash_flow,rules,0.1218721388916795
0000732712_0000732712-25-000006,revenue,rules,0.0696846944435189
0000732712_0000732712-25-000006,operating_income,rules,0.0696846944435189
0000732712_0000732712-25-000006,net_income,rules,0.0696846944435189
0000732712_0000732712-25-000006,eps_diluted,rules,0.0696846944435189
0000732712_0000732712-25-000006,total_assets,rules,0.0696846944435189
0000732712_0000732712-25-000006,stockholders_equity,rules,0.0696846944435189
0000732712_0000732712-25-000006,cash_and_equivalents,rules,0.0696846944435189
0000732712_0000732712-25-000006,operating_cash_flow,rules,0.0696846944435189
0000789019_0001564590-19-027952,revenue,rules,0.0355032870041516
0000789019_0001564590-19-027952,operating_income,rules,0.0355032870041516
0000789019_0001564590-19-027952,net_income,rules,0.0355032870041516
0000789019_0001564590-19-027952,eps_diluted,rules,0.0355032870041516
0000789019_0001564590-19-027952,total_assets,rules,0.0355032870041516
0000789019_0001564590-19-027952,total_liabilities,rules,0.0355032870041516
0000789019_0001564590-19-027952,stockholders_equity,rules,0.0355032870041516
0000789019_0001564590-19-027952,cash_and_equivalents,rules,0.0355032870041516
0000789019_0001564590-19-027952,operating_cash_flow,rules,0.0355032870041516
0000789019_0001564590-20-034944,revenue,rules,0.0325238750018696
0000789019_0001564590-20-034944,operating_income,rules,0.0325238750018696
0000789019_0001564590-20-034944,net_income,rules,0.0325238750018696
0000789019_0001564590-20-034944,eps_diluted,rules,0.0325238750018696
0000789019_0001564590-20-034944,total_assets,rules,0.0325238750018696
0000789019_0001564590-20-034944,total_liabilities,rules,0.0325238750018696
0000789019_0001564590-20-034944,stockholders_equity,rules,0.0325238750018696
0000789019_0001564590-20-034944,cash_and_equivalents,rules,0.0325238750018696
0000789019_0001564590-20-034944,operating_cash_flow,rules,0.0325238750018696
0000789019_0001564590-21-039151,revenue,rules,0.0309784027760744
0000789019_0001564590-21-039151,operating_income,rules,0.0309784027760744
0000789019_0001564590-21-039151,net_income,rules,0.0309784027760744
0000789019_0001564590-21-039151,eps_diluted,rules,0.0309784027760744
0000789019_0001564590-21-039151,total_assets,rules,0.0309784027760744
0000789019_0001564590-21-039151,total_liabilities,rules,0.0309784027760744
0000789019_0001564590-21-039151,stockholders_equity,rules,0.0309784027760744
0000789019_0001564590-21-039151,cash_and_equivalents,rules,0.0309784027760744
0000789019_0001564590-21-039151,operating_cash_flow,rules,0.0309784027760744
0000789019_0001564590-22-026876,revenue,rules,0.0463814489970294
0000789019_0001564590-22-026876,operating_income,rules,0.0463814489970294
0000789019_0001564590-22-026876,net_income,rules,0.0463814489970294
0000789019_0001564590-22-026876,eps_diluted,rules,0.0463814489970294
0000789019_0001564590-22-026876,total_assets,rules,0.0463814489970294
0000789019_0001564590-22-026876,total_liabilities,rules,0.0463814489970294
0000789019_0001564590-22-026876,stockholders_equity,rules,0.0463814489970294
0000789019_0001564590-22-026876,cash_and_equivalents,rules,0.0463814489970294
0000789019_0001564590-22-026876,operating_cash_flow,rules,0.0463814489970294
0000789019_0000950170-23-035122,revenue,rules,0.0305170232249009
0000789019_0000950170-23-035122,operating_income,rules,0.0305170232249009
0000789019_0000950170-23-035122,net_income,rules,0.0305170232249009
0000789019_0000950170-23-035122,eps_diluted,rules,0.0305170232249009
0000789019_0000950170-23-035122,total_assets,rules,0.0305170232249009
0000789019_0000950170-23-035122,total_liabilities,rules,0.0305170232249009
0000789019_0000950170-23-035122,stockholders_equity,rules,0.0305170232249009
0000789019_0000950170-23-035122,cash_and_equivalents,rules,0.0305170232249009
0000789019_0000950170-23-035122,operating_cash_flow,rules,0.0305170232249009
0000789019_0000950170-24-087843,revenue,rules,0.0323631990015403
0000789019_0000950170-24-087843,operating_income,rules,0.0323631990015403
0000789019_0000950170-24-087843,net_income,rules,0.0323631990015403
0000789019_0000950170-24-087843,eps_diluted,rules,0.0323631990015403
0000789019_0000950170-24-087843,total_assets,rules,0.0323631990015403
0000789019_0000950170-24-087843,total_liabilities,rules,0.0323631990015403
0000789019_0000950170-24-087843,stockholders_equity,rules,0.0323631990015403
0000789019_0000950170-24-087843,cash_and_equivalents,rules,0.0323631990015403
0000789019_0000950170-24-087843,operating_cash_flow,rules,0.0323631990015403
0000858877_0000858877-19-000012,revenue,rules,0.0524746018862869
0000858877_0000858877-19-000012,operating_income,rules,0.0524746018862869
0000858877_0000858877-19-000012,net_income,rules,0.0524746018862869
0000858877_0000858877-19-000012,eps_diluted,rules,0.0524746018862869
0000858877_0000858877-19-000012,total_assets,rules,0.0524746018862869
0000858877_0000858877-19-000012,total_liabilities,rules,0.0524746018862869
0000858877_0000858877-19-000012,stockholders_equity,rules,0.0524746018862869
0000858877_0000858877-19-000012,cash_and_equivalents,rules,0.0524746018862869
0000858877_0000858877-19-000012,operating_cash_flow,rules,0.0524746018862869
0000858877_0000858877-20-000010,revenue,rules,0.0482460925575449
0000858877_0000858877-20-000010,operating_income,rules,0.0482460925575449
0000858877_0000858877-20-000010,net_income,rules,0.0482460925575449
0000858877_0000858877-20-000010,eps_diluted,rules,0.0482460925575449
0000858877_0000858877-20-000010,total_assets,rules,0.0482460925575449
0000858877_0000858877-20-000010,total_liabilities,rules,0.0482460925575449
0000858877_0000858877-20-000010,stockholders_equity,rules,0.0482460925575449
0000858877_0000858877-20-000010,cash_and_equivalents,rules,0.0482460925575449
0000858877_0000858877-20-000010,operating_cash_flow,rules,0.0482460925575449
0000858877_0000858877-21-000013,revenue,rules,0.0450038472190499
0000858877_0000858877-21-000013,operating_income,rules,0.0450038472190499
0000858877_0000858877-21-000013,net_income,rules,0.0450038472190499
0000858877_0000858877-21-000013,eps_diluted,rules,0.0450038472190499
0000858877_0000858877-21-000013,total_assets,rules,0.0450038472190499
0000858877_0000858877-21-000013,total_liabilities,rules,0.0450038472190499
0000858877_0000858877-21-000013,stockholders_equity,rules,0.0450038472190499
0000858877_0000858877-21-000013,cash_and_equivalents,rules,0.0450038472190499
0000858877_0000858877-21-000013,operating_cash_flow,rules,0.0450038472190499
0000858877_0000858877-22-000013,revenue,rules,0.045967962890346
0000858877_0000858877-22-000013,operating_income,rules,0.045967962890346
0000858877_0000858877-22-000013,net_income,rules,0.045967962890346
0000858877_0000858877-22-000013,eps_diluted,rules,0.045967962890346
0000858877_0000858877-22-000013,total_assets,rules,0.045967962890346
0000858877_0000858877-22-000013,total_liabilities,rules,0.045967962890346
0000858877_0000858877-22-000013,stockholders_equity,rules,0.045967962890346
0000858877_0000858877-22-000013,cash_and_equivalents,rules,0.045967962890346
0000858877_0000858877-22-000013,operating_cash_flow,rules,0.045967962890346
0000858877_0000858877-23-000023,revenue,rules,0.065389476774726
0000858877_0000858877-23-000023,operating_income,rules,0.065389476774726
0000858877_0000858877-23-000023,net_income,rules,0.065389476774726
0000858877_0000858877-23-000023,eps_diluted,rules,0.065389476774726
0000858877_0000858877-23-000023,total_assets,rules,0.065389476774726
0000858877_0000858877-23-000023,total_liabilities,rules,0.065389476774726
0000858877_0000858877-23-000023,stockholders_equity,rules,0.065389476774726
0000858877_0000858877-23-000023,cash_and_equivalents,rules,0.065389476774726
0000858877_0000858877-23-000023,operating_cash_flow,rules,0.065389476774726
0000858877_0000858877-24-000017,revenue,rules,0.0477122593308902
0000858877_0000858877-24-000017,operating_income,rules,0.0477122593308902
0000858877_0000858877-24-000017,net_income,rules,0.0477122593308902
0000858877_0000858877-24-000017,eps_diluted,rules,0.0477122593308902
0000858877_0000858877-24-000017,total_assets,rules,0.0477122593308902
0000858877_0000858877-24-000017,total_liabilities,rules,0.0477122593308902
0000858877_0000858877-24-000017,stockholders_equity,rules,0.0477122593308902
0000858877_0000858877-24-000017,cash_and_equivalents,rules,0.0477122593308902
0000858877_0000858877-24-000017,operating_cash_flow,rules,0.0477122593308902
0000909832_0000909832-19-000019,revenue,rules,0.0258423333353776
0000909832_0000909832-19-000019,operating_income,rules,0.0258423333353776
0000909832_0000909832-19-000019,net_income,rules,0.0258423333353776
0000909832_0000909832-19-000019,eps_diluted,rules,0.0258423333353776
0000909832_0000909832-19-000019,total_assets,rules,0.0258423333353776
0000909832_0000909832-19-000019,total_liabilities,rules,0.0258423333353776
0000909832_0000909832-19-000019,stockholders_equity,rules,0.0258423333353776
0000909832_0000909832-19-000019,cash_and_equivalents,rules,0.0258423333353776
0000909832_0000909832-19-000019,operating_cash_flow,rules,0.0258423333353776
0000909832_0000909832-20-000017,revenue,rules,0.0257416944433417
0000909832_0000909832-20-000017,operating_income,rules,0.0257416944433417
0000909832_0000909832-20-000017,net_income,rules,0.0257416944433417
0000909832_0000909832-20-000017,eps_diluted,rules,0.0257416944433417
0000909832_0000909832-20-000017,total_assets,rules,0.0257416944433417
0000909832_0000909832-20-000017,total_liabilities,rules,0.0257416944433417
0000909832_0000909832-20-000017,stockholders_equity,rules,0.0257416944433417
0000909832_0000909832-20-000017,cash_and_equivalents,rules,0.0257416944433417
0000909832_0000909832-20-000017,operating_cash_flow,rules,0.0257416944433417
0000909832_0000909832-21-000014,revenue,rules,0.0217799814417958
0000909832_0000909832-21-000014,operating_income,rules,0.0217799814417958
0000909832_0000909832-21-000014,net_income,rules,0.0217799814417958
0000909832_0000909832-21-000014,eps_diluted,rules,0.0217799814417958
0000909832_0000909832-21-000014,total_assets,rules,0.0217799814417958
0000909832_0000909832-21-000014,total_liabilities,rules,0.0217799814417958
0000909832_0000909832-21-000014,stockholders_equity,rules,0.0217799814417958
0000909832_0000909832-21-000014,cash_and_equivalents,rules,0.0217799814417958
0000909832_0000909832-21-000014,operating_cash_flow,rules,0.0217799814417958
0000909832_0000909832-22-000021,revenue,rules,0.0221991666670267
0000909832_0000909832-22-000021,operating_income,rules,0.0221991666670267
0000909832_0000909832-22-000021,net_income,rules,0.0221991666670267
0000909832_0000909832-22-000021,eps_diluted,rules,0.0221991666670267
0000909832_0000909832-22-000021,total_assets,rules,0.0221991666670267
0000909832_0000909832-22-000021,total_liabilities,rules,0.0221991666670267
0000909832_0000909832-22-000021,stockholders_equity,rules,0.0221991666670267
0000909832_0000909832-22-000021,cash_and_equivalents,rules,0.0221991666670267
0000909832_0000909832-22-000021,operating_cash_flow,rules,0.0221991666670267
0000909832_0000909832-23-000042,revenue,rules,0.0212601296694224
0000909832_0000909832-23-000042,operating_income,rules,0.0212601296694224
0000909832_0000909832-23-000042,net_income,rules,0.0212601296694224
0000909832_0000909832-23-000042,eps_diluted,rules,0.0212601296694224
0000909832_0000909832-23-000042,total_assets,rules,0.0212601296694224
0000909832_0000909832-23-000042,total_liabilities,rules,0.0212601296694224
0000909832_0000909832-23-000042,stockholders_equity,rules,0.0212601296694224
0000909832_0000909832-23-000042,cash_and_equivalents,rules,0.0212601296694224
0000909832_0000909832-23-000042,operating_cash_flow,rules,0.0212601296694224
0000909832_0000909832-24-000049,revenue,rules,0.0202920370049671
0000909832_0000909832-24-000049,operating_income,rules,0.0202920370049671
0000909832_0000909832-24-000049,net_income,rules,0.0202920370049671
0000909832_0000909832-24-000049,eps_diluted,rules,0.0202920370049671
0000909832_0000909832-24-000049,total_assets,rules,0.0202920370049671
0000909832_0000909832-24-000049,total_liabilities,rules,0.0202920370049671
0000909832_0000909832-24-000049,stockholders_equity,rules,0.0202920370049671
0000909832_0000909832-24-000049,cash_and_equivalents,rules,0.0202920370049671
0000909832_0000909832-24-000049,operating_cash_flow,rules,0.0202920370049671
0001018724_0001018724-20-000004,revenue,rules,0.0249014953280695
0001018724_0001018724-20-000004,operating_income,rules,0.0249014953280695
0001018724_0001018724-20-000004,net_income,rules,0.0249014953280695
0001018724_0001018724-20-000004,eps_diluted,rules,0.0249014953280695
0001018724_0001018724-20-000004,total_assets,rules,0.0249014953280695
0001018724_0001018724-20-000004,stockholders_equity,rules,0.0249014953280695
0001018724_0001018724-20-000004,cash_and_equivalents,rules,0.0249014953280695
0001018724_0001018724-20-000004,operating_cash_flow,rules,0.0249014953280695
0001018724_0001018724-21-000004,revenue,rules,0.0218472407820324
0001018724_0001018724-21-000004,operating_income,rules,0.0218472407820324
0001018724_0001018724-21-000004,net_income,rules,0.0218472407820324
0001018724_0001018724-21-000004,eps_diluted,rules,0.0218472407820324
0001018724_0001018724-21-000004,total_assets,rules,0.0218472407820324
0001018724_0001018724-21-000004,stockholders_equity,rules,0.0218472407820324
0001018724_0001018724-21-000004,cash_and_equivalents,rules,0.0218472407820324
0001018724_0001018724-21-000004,operating_cash_flow,rules,0.0218472407820324
0001018724_0001018724-22-000005,revenue,rules,0.0222881574429468
0001018724_0001018724-22-000005,operating_income,rules,0.0222881574429468
0001018724_0001018724-22-000005,net_income,rules,0.0222881574429468
0001018724_0001018724-22-000005,eps_diluted,rules,0.0222881574429468
0001018724_0001018724-22-000005,total_assets,rules,0.0222881574429468
0001018724_0001018724-22-000005,stockholders_equity,rules,0.0222881574429468
0001018724_0001018724-22-000005,cash_and_equivalents,rules,0.0222881574429468
0001018724_0001018724-22-000005,operating_cash_flow,rules,0.0222881574429468
0001018724_0001018724-23-000004,revenue,rules,0.0233073286621624
0001018724_0001018724-23-000004,operating_income,rules,0.0233073286621624
0001018724_0001018724-23-000004,net_income,rules,0.0233073286621624
0001018724_0001018724-23-000004,eps_diluted,rules,0.0233073286621624
0001018724_0001018724-23-000004,total_assets,rules,0.0233073286621624
0001018724_0001018724-23-000004,stockholders_equity,rules,0.0233073286621624
0001018724_0001018724-23-000004,cash_and_equivalents,rules,0.0233073286621624
0001018724_0001018724-23-000004,operating_cash_flow,rules,0.0233073286621624
0001018724_0001018724-24-000008,revenue,rules,0.0226420092254152
0001018724_0001018724-24-000008,operating_income,rules,0.0226420092254152
0001018724_0001018724-24-000008,net_income,rules,0.0226420092254152
0001018724_0001018724-24-000008,eps_diluted,rules,0.0226420092254152
0001018724_0001018724-24-000008,total_assets,rules,0.0226420092254152
0001018724_0001018724-24-000008,stockholders_equity,rules,0.0226420092254152
0001018724_0001018724-24-000008,cash_and_equivalents,rules,0.0226420092254152
0001018724_0001018724-24-000008,operating_cash_flow,rules,0.0226420092254152
0001018724_0001018724-25-000004,revenue,rules,0.0210173517763097
0001018724_0001018724-25-000004,operating_income,rules,0.0210173517763097
0001018724_0001018724-25-000004,net_income,rules,0.0210173517763097
0001018724_0001018724-25-000004,eps_diluted,rules,0.0210173517763097
0001018724_0001018724-25-000004,total_assets,rules,0.0210173517763097
0001018724_0001018724-25-000004,stockholders_equity,rules,0.0210173517763097
0001018724_0001018724-25-000004,cash_and_equivalents,rules,0.0210173517763097
0001018724_0001018724-25-000004,operating_cash_flow,rules,0.0210173517763097
0001045810_0001045810-19-000023,revenue,rules,0.027192962996196
0001045810_0001045810-19-000023,operating_income,rules,0.027192962996196
0001045810_0001045810-19-000023,net_income,rules,0.027192962996196
0001045810_0001045810-19-000023,eps_diluted,rules,0.027192962996196
0001045810_0001045810-19-000023,total_assets,rules,0.027192962996196
0001045810_0001045810-19-000023,total_liabilities,rules,0.027192962996196
0001045810_0001045810-19-000023,stockholders_equity,rules,0.027192962996196
0001045810_0001045810-19-000023,cash_and_equivalents,rules,0.027192962996196
0001045810_0001045810-19-000023,operating_cash_flow,rules,0.027192962996196
0001045810_0001045810-20-000010,revenue,rules,0.0275718426694058
0001045810_0001045810-20-000010,operating_income,rules,0.0275718426694058
0001045810_0001045810-20-000010,net_income,rules,0.0275718426694058
0001045810_0001045810-20-000010,eps_diluted,rules,0.0275718426694058
0001045810_0001045810-20-000010,total_assets,rules,0.0275718426694058
0001045810_0001045810-20-000010,total_liabilities,rules,0.0275718426694058
0001045810_0001045810-20-000010,stockholders_equity,rules,0.0275718426694058
0001045810_0001045810-20-000010,cash_and_equivalents,rules,0.0275718426694058
0001045810_0001045810-20-000010,operating_cash_flow,rules,0.0275718426694058
0001045810_0001045810-21-000010,revenue,rules,0.0234203425546487
0001045810_0001045810-21-000010,operating_income,rules,0.0234203425546487
0001045810_0001045810-21-000010,net_income,rules,0.0234203425546487
0001045810_0001045810-21-000010,eps_diluted,rules,0.0234203425546487
0001045810_0001045810-21-000010,total_assets,rules,0.0234203425546487
0001045810_0001045810-21-000010,total_liabilities,rules,0.0234203425546487
0001045810_0001045810-21-000010,stockholders_equity,rules,0.0234203425546487
0001045810_0001045810-21-000010,cash_and_equivalents,rules,0.0234203425546487
0001045810_0001045810-21-000010,operating_cash_flow,rules,0.0234203425546487
0001045810_0001045810-22-000036,revenue,rules,0.024173384228359
0001045810_0001045810-22-000036,operating_income,rules,0.024173384228359
0001045810_0001045810-22-000036,net_income,rules,0.024173384228359
0001045810_0001045810-22-000036,eps_diluted,rules,0.024173384228359
0001045810_0001045810-22-000036,total_assets,rules,0.024173384228359
0001045810_0001045810-22-000036,total_liabilities,rules,0.024173384228359
0001045810_0001045810-22-000036,stockholders_equity,rules,0.024173384228359
0001045810_0001045810-22-000036,cash_and_equivalents,rules,0.024173384228359
0001045810_0001045810-22-000036,operating_cash_flow,rules,0.024173384228359
0001045810_0001045810-23-000017,revenue,rules,0.0256502314457773
0001045810_0001045810-23-000017,operating_income,rules,0.0256502314457773
0001045810_0001045810-23-000017,net_income,rules,0.0256502314457773
0001045810_0001045810-23-000017,eps_diluted,rules,0.0256502314457773
0001045810_0001045810-23-000017,total_assets,rules,0.0256502314457773
0001045810_0001045810-23-000017,total_liabilities,rules,0.0256502314457773
0001045810_0001045810-23-000017,stockholders_equity,rules,0.0256502314457773
0001045810_0001045810-23-000017,cash_and_equivalents,rules,0.0256502314457773
0001045810_0001045810-23-000017,operating_cash_flow,rules,0.0256502314457773
0001045810_0001045810-24-000029,revenue,rules,0.027343745330452
0001045810_0001045810-24-000029,operating_income,rules,0.027343745330452
0001045810_0001045810-24-000029,net_income,rules,0.027343745330452
0001045810_0001045810-24-000029,eps_diluted,rules,0.027343745330452
0001045810_0001045810-24-000029,total_assets,rules,0.027343745330452
0001045810_0001045810-24-000029,total_liabilities,rules,0.027343745330452
0001045810_0001045810-24-000029,stockholders_equity,rules,0.027343745330452
0001045810_0001045810-24-000029,cash_and_equivalents,rules,0.027343745330452
0001045810_0001045810-24-000029,operating_cash_flow,rules,0.027343745330452
0001318605_0001564590-20-004475,revenue,rules,0.0450098564486122
0001318605_0001564590-20-004475,operating_income,rules,0.0450098564486122
0001318605_0001564590-20-004475,net_income,rules,0.0450098564486122
0001318605_0001564590-20-004475,eps_diluted,rules,0.0450098564486122
0001318605_0001564590-20-004475,total_assets,rules,0.0450098564486122
0001318605_0001564590-20-004475,total_liabilities,rules,0.0450098564486122
0001318605_0001564590-20-004475,stockholders_equity,rules,0.0450098564486122
0001318605_0001564590-20-004475,cash_and_equivalents,rules,0.0450098564486122
0001318605_0001564590-20-004475,operating_cash_flow,rules,0.0450098564486122
0001318605_0001564590-21-004599,revenue,rules,0.0349398008871099
0001318605_0001564590-21-004599,operating_income,rules,0.0349398008871099
0001318605_0001564590-21-004599,net_income,rules,0.0349398008871099
0001318605_0001564590-21-004599,eps_diluted,rules,0.0349398008871099
0001318605_0001564590-21-004599,total_assets,rules,0.0349398008871099
0001318605_0001564590-21-004599,total_liabilities,rules,0.0349398008871099
0001318605_0001564590-21-004599,stockholders_equity,rules,0.0349398008871099
0001318605_0001564590-21-004599,cash_and_equivalents,rules,0.0349398008871099
0001318605_0001564590-21-004599,operating_cash_flow,rules,0.0349398008871099
0001318605_0000950170-22-000796,revenue,rules,0.035296861114653
0001318605_0000950170-22-000796,operating_income,rules,0.035296861114653
0001318605_0000950170-22-000796,net_income,rules,0.035296861114653
0001318605_0000950170-22-000796,eps_diluted,rules,0.035296861114653
0001318605_0000950170-22-000796,total_assets,rules,0.035296861114653
0001318605_0000950170-22-000796,total_liabilities,rules,0.035296861114653
0001318605_0000950170-22-000796,stockholders_equity,rules,0.035296861114653
0001318605_0000950170-22-000796,cash_and_equivalents,rules,0.035296861114653
0001318605_0000950170-22-000796,operating_cash_flow,rules,0.035296861114653
0001318605_0000950170-23-001409,revenue,rules,0.0338813611112224
0001318605_0000950170-23-001409,operating_income,rules,0.0338813611112224
0001318605_0000950170-23-001409,net_income,rules,0.0338813611112224
0001318605_0000950170-23-001409,eps_diluted,rules,0.0338813611112224
0001318605_0000950170-23-001409,total_assets,rules,0.0338813611112224
0001318605_0000950170-23-001409,total_liabilities,rules,0.0338813611112224
0001318605_0000950170-23-001409,stockholders_equity,rules,0.0338813611112224
0001318605_0000950170-23-001409,cash_and_equivalents,rules,0.0338813611112224
0001318605_0000950170-23-001409,operating_cash_flow,rules,0.0338813611112224
0001318605_0001628280-24-002390,revenue,rules,0.030789763886585
0001318605_0001628280-24-002390,operating_income,rules,0.030789763886585
0001318605_0001628280-24-002390,net_income,rules,0.030789763886585
0001318605_0001628280-24-002390,eps_diluted,rules,0.030789763886585
0001318605_0001628280-24-002390,total_assets,rules,0.030789763886585
0001318605_0001628280-24-002390,total_liabilities,rules,0.030789763886585
0001318605_0001628280-24-002390,stockholders_equity,rules,0.030789763886585
0001318605_0001628280-24-002390,cash_and_equivalents,rules,0.030789763886585
0001318605_0001628280-24-002390,operating_cash_flow,rules,0.030789763886585
0001318605_0001628280-25-003063,revenue,rules,0.0302045138863225
0001318605_0001628280-25-003063,operating_income,rules,0.0302045138863225
0001318605_0001628280-25-003063,net_income,rules,0.0302045138863225
0001318605_0001628280-25-003063,eps_diluted,rules,0.0302045138863225
0001318605_0001628280-25-003063,total_assets,rules,0.0302045138863225
0001318605_0001628280-25-003063,total_liabilities,rules,0.0302045138863225
0001318605_0001628280-25-003063,stockholders_equity,rules,0.0302045138863225
0001318605_0001628280-25-003063,cash_and_equivalents,rules,0.0302045138863225
0001318605_0001628280-25-003063,operating_cash_flow,rules,0.0302045138863225
0001326801_0001326801-20-000013,revenue,rules,0.026284398110066
0001326801_0001326801-20-000013,operating_income,rules,0.026284398110066
0001326801_0001326801-20-000013,net_income,rules,0.026284398110066
0001326801_0001326801-20-000013,eps_diluted,rules,0.026284398110066
0001326801_0001326801-20-000013,total_assets,rules,0.026284398110066
0001326801_0001326801-20-000013,total_liabilities,rules,0.026284398110066
0001326801_0001326801-20-000013,stockholders_equity,rules,0.026284398110066
0001326801_0001326801-20-000013,cash_and_equivalents,rules,0.026284398110066
0001326801_0001326801-20-000013,operating_cash_flow,rules,0.026284398110066
0001326801_0001326801-21-000014,revenue,rules,0.0249007037814913
0001326801_0001326801-21-000014,operating_income,rules,0.0249007037814913
0001326801_0001326801-21-000014,net_income,rules,0.0249007037814913
0001326801_0001326801-21-000014,eps_diluted,rules,0.0249007037814913
0001326801_0001326801-21-000014,total_assets,rules,0.0249007037814913
0001326801_0001326801-21-000014,total_liabilities,rules,0.0249007037814913
0001326801_0001326801-21-000014,stockholders_equity,rules,0.0249007037814913
0001326801_0001326801-21-000014,cash_and_equivalents,rules,0.0249007037814913
0001326801_0001326801-21-000014,operating_cash_flow,rules,0.0249007037814913
0001326801_0001326801-22-000018,revenue,rules,0.0248950601089745
0001326801_0001326801-22-000018,operating_income,rules,0.0248950601089745
0001326801_0001326801-22-000018,net_income,rules,0.0248950601089745
0001326801_0001326801-22-000018,eps_diluted,rules,0.0248950601089745
0001326801_0001326801-22-000018,total_assets,rules,0.0248950601089745
0001326801_0001326801-22-000018,total_liabilities,rules,0.0248950601089745
0001326801_0001326801-22-000018,stockholders_equity,rules,0.0248950601089745
0001326801_0001326801-22-000018,cash_and_equivalents,rules,0.0248950601089745
0001326801_0001326801-22-000018,operating_cash_flow,rules,0.0248950601089745
0001326801_0001326801-23-000013,revenue,rules,0.0268732546699336
0001326801_0001326801-23-000013,operating_income,rules,0.0268732546699336
0001326801_0001326801-23-000013,net_income,rules,0.0268732546699336
0001326801_0001326801-23-000013,eps_diluted,rules,0.0268732546699336
0001326801_0001326801-23-000013,total_assets,rules,0.0268732546699336
0001326801_0001326801-23-000013,total_liabilities,rules,0.0268732546699336
0001326801_0001326801-23-000013,stockholders_equity,rules,0.0268732546699336
0001326801_0001326801-23-000013,cash_and_equivalents,rules,0.0268732546699336
0001326801_0001326801-23-000013,operating_cash_flow,rules,0.0268732546699336
0001326801_0001326801-24-000012,revenue,rules,0.026625800884277
0001326801_0001326801-24-000012,operating_income,rules,0.026625800884277
0001326801_0001326801-24-000012,net_income,rules,0.026625800884277
0001326801_0001326801-24-000012,eps_diluted,rules,0.026625800884277
0001326801_0001326801-24-000012,total_assets,rules,0.026625800884277
0001326801_0001326801-24-000012,total_liabilities,rules,0.026625800884277
0001326801_0001326801-24-000012,stockholders_equity,rules,0.026625800884277
0001326801_0001326801-24-000012,cash_and_equivalents,rules,0.026625800884277
0001326801_0001326801-24-000012,operating_cash_flow,rules,0.026625800884277
0001326801_0001326801-25-000017,revenue,rules,0.0262795277780646
0001326801_0001326801-25-000017,operating_income,rules,0.0262795277780646
0001326801_0001326801-25-000017,net_income,rules,0.0262795277780646
0001326801_0001326801-25-000017,eps_diluted,rules,0.0262795277780646
0001326801_0001326801-25-000017,total_assets,rules,0.0262795277780646
0001326801_0001326801-25-000017,total_liabilities,rules,0.0262795277780646
0001326801_0001326801-25-000017,stockholders_equity,rules,0.0262795277780646
0001326801_0001326801-25-000017,cash_and_equivalents,rules,0.0262795277780646
0001326801_0001326801-25-000017,operating_cash_flow,rules,0.0262795277780646
0001341439_0001564590-19-023119,revenue,rules,0.0382553194455492
0001341439_0001564590-19-023119,operating_income,rules,0.0382553194455492
0001341439_0001564590-19-023119,net_income,rules,0.0382553194455492
0001341439_0001564590-19-023119,eps_diluted,rules,0.0382553194455492
0001341439_0001564590-19-023119,total_assets,rules,0.0382553194455492
0001341439_0001564590-19-023119,stockholders_equity,rules,0.0382553194455492
0001341439_0001564590-19-023119,cash_and_equivalents,rules,0.0382553194455492
0001341439_0001564590-19-023119,operating_cash_flow,rules,0.0382553194455492
0001341439_0001564590-20-030125,revenue,rules,0.0361247685569752
0001341439_0001564590-20-030125,operating_income,rules,0.0361247685569752
0001341439_0001564590-20-030125,net_income,rules,0.0361247685569752
0001341439_0001564590-20-030125,eps_diluted,rules,0.0361247685569752
0001341439_0001564590-20-030125,total_assets,rules,0.0361247685569752
0001341439_0001564590-20-030125,stockholders_equity,rules,0.0361247685569752
0001341439_0001564590-20-030125,cash_and_equivalents,rules,0.0361247685569752
0001341439_0001564590-20-030125,operating_cash_flow,rules,0.0361247685569752
0001341439_0001564590-21-033616,revenue,rules,0.0347778101115384
0001341439_0001564590-21-033616,operating_income,rules,0.0347778101115384
0001341439_0001564590-21-033616,net_income,rules,0.0347778101115384
0001341439_0001564590-21-033616,eps_diluted,rules,0.0347778101115384
0001341439_0001564590-21-033616,total_assets,rules,0.0347778101115384
0001341439_0001564590-21-033616,stockholders_equity,rules,0.0347778101115384
0001341439_0001564590-21-033616,cash_and_equivalents,rules,0.0347778101115384
0001341439_0001564590-21-033616,operating_cash_flow,rules,0.0347778101115384
0001341439_0001564590-22-023675,revenue,rules,0.0312530833309412
0001341439_0001564590-22-023675,operating_income,rules,0.0312530833309412
0001341439_0001564590-22-023675,net_income,rules,0.0312530833309412
0001341439_0001564590-22-023675,eps_diluted,rules,0.0312530833309412
0001341439_0001564590-22-023675,total_assets,rules,0.0312530833309412
0001341439_0001564590-22-023675,stockholders_equity,rules,0.0312530833309412
0001341439_0001564590-22-023675,cash_and_equivalents,rules,0.0312530833309412
0001341439_0001564590-22-023675,operating_cash_flow,rules,0.0312530833309412
0001341439_0000950170-23-028914,revenue,rules,0.0325172268914886
0001341439_0000950170-23-028914,operating_income,rules,0.0325172268914886
0001341439_0000950170-23-028914,net_income,rules,0.0325172268914886
0001341439_0000950170-23-028914,eps_diluted,rules,0.0325172268914886
0001341439_0000950170-23-028914,total_assets,rules,0.0325172268914886
0001341439_0000950170-23-028914,stockholders_equity,rules,0.0325172268914886
0001341439_0000950170-23-028914,cash_and_equivalents,rules,0.0325172268914886
0001341439_0000950170-23-028914,operating_cash_flow,rules,0.0325172268914886
0001341439_0000950170-24-075605,revenue,rules,0.033519291668199
0001341439_0000950170-24-075605,operating_income,rules,0.033519291668199
0001341439_0000950170-24-075605,net_income,rules,0.033519291668199
0001341439_0000950170-24-075605,eps_diluted,rules,0.033519291668199
0001341439_0000950170-24-075605,total_assets,rules,0.033519291668199
0001341439_0000950170-24-075605,stockholders_equity,rules,0.033519291668199
0001341439_0000950170-24-075605,cash_and_equivalents,rules,0.033519291668199
0001341439_0000950170-24-075605,operating_cash_flow,rules,0.033519291668199
0001652044_0001652044-20-000008,revenue,rules,0.0310994397797104
0001652044_0001652044-20-000008,operating_income,rules,0.0310994397797104
0001652044_0001652044-20-000008,net_income,rules,0.0310994397797104
0001652044_0001652044-20-000008,eps_diluted,rules,0.0310994397797104
0001652044_0001652044-20-000008,total_assets,rules,0.0310994397797104
0001652044_0001652044-20-000008,total_liabilities,rules,0.0310994397797104
0001652044_0001652044-20-000008,stockholders_equity,rules,0.0310994397797104
0001652044_0001652044-20-000008,cash_and_equivalents,rules,0.0310994397797104
0001652044_0001652044-20-000008,operating_cash_flow,rules,0.0310994397797104
0001652044_0001652044-21-000010,revenue,rules,0.0287154537767896
0001652044_0001652044-21-000010,operating_income,rules,0.0287154537767896
0001652044_0001652044-21-000010,net_income,rules,0.0287154537767896
0001652044_0001652044-21-000010,eps_diluted,rules,0.0287154537767896
0001652044_0001652044-21-000010,total_assets,rules,0.0287154537767896
0001652044_0001652044-21-000010,total_liabilities,rules,0.0287154537767896
0001652044_0001652044-21-000010,stockholders_equity,rules,0.0287154537767896
0001652044_0001652044-21-000010,cash_and_equivalents,rules,0.0287154537767896
0001652044_0001652044-21-000010,operating_cash_flow,rules,0.0287154537767896
0001652044_0001652044-22-000019,revenue,rules,0.0260510972196546
0001652044_0001652044-22-000019,operating_income,rules,0.0260510972196546
0001652044_0001652044-22-000019,net_income,rules,0.0260510972196546
0001652044_0001652044-22-000019,eps_diluted,rules,0.0260510972196546
0001652044_0001652044-22-000019,total_assets,rules,0.0260510972196546
0001652044_0001652044-22-000019,total_liabilities,rules,0.0260510972196546
0001652044_0001652044-22-000019,stockholders_equity,rules,0.0260510972196546
0001652044_0001652044-22-000019,cash_and_equivalents,rules,0.0260510972196546
0001652044_0001652044-22-000019,operating_cash_flow,rules,0.0260510972196546
0001652044_0001652044-23-000016,revenue,rules,0.0277242268914253
0001652044_0001652044-23-000016,operating_income,rules,0.0277242268914253
0001652044_0001652044-23-000016,net_income,rules,0.0277242268914253
0001652044_0001652044-23-000016,eps_diluted,rules,0.0277242268914253
0001652044_0001652044-23-000016,total_assets,rules,0.0277242268914253
0001652044_0001652044-23-000016,total_liabilities,rules,0.0277242268914253
0001652044_0001652044-23-000016,stockholders_equity,rules,0.0277242268914253
0001652044_0001652044-23-000016,cash_and_equivalents,rules,0.0277242268914253
0001652044_0001652044-23-000016,operating_cash_flow,rules,0.0277242268914253
0001652044_0001652044-24-000022,revenue,rules,0.0270831897764259
0001652044_0001652044-24-000022,operating_income,rules,0.0270831897764259
0001652044_0001652044-24-000022,net_income,rules,0.0270831897764259
0001652044_0001652044-24-000022,eps_diluted,rules,0.0270831897764259
0001652044_0001652044-24-000022,total_assets,rules,0.0270831897764259
0001652044_0001652044-24-000022,total_liabilities,rules,0.0270831897764259
0001652044_0001652044-24-000022,stockholders_equity,rules,0.0270831897764259
0001652044_0001652044-24-000022,cash_and_equivalents,rules,0.0270831897764259
0001652044_0001652044-24-000022,operating_cash_flow,rules,0.0270831897764259
0001652044_0001652044-25-000014,revenue,rules,0.0268414630037215
0001652044_0001652044-25-000014,operating_income,rules,0.0268414630037215
0001652044_0001652044-25-000014,net_income,rules,0.0268414630037215
0001652044_0001652044-25-000014,eps_diluted,rules,0.0268414630037215
0001652044_0001652044-25-000014,total_assets,rules,0.0268414630037215
0001652044_0001652044-25-000014,total_liabilities,rules,0.0268414630037215
0001652044_0001652044-25-000014,stockholders_equity,rules,0.0268414630037215
0001652044_0001652044-25-000014,cash_and_equivalents,rules,0.0268414630037215
0001652044_0001652044-25-000014,operating_cash_flow,rules,0.0268414630037215
0001744489_0001744489-19-000225,revenue,rules,0.0669997268899654
0001744489_0001744489-19-000225,operating_income,rules,0.0669997268899654
0001744489_0001744489-19-000225,net_income,rules,0.0669997268899654
0001744489_0001744489-19-000225,eps_diluted,rules,0.0669997268899654
0001744489_0001744489-19-000225,total_assets,rules,0.0669997268899654
0001744489_0001744489-19-000225,stockholders_equity,rules,0.0669997268899654
0001744489_0001744489-19-000225,cash_and_equivalents,rules,0.0669997268899654
0001744489_0001744489-19-000225,operating_cash_flow,rules,0.0669997268899654
0001744489_0001744489-20-000197,revenue,rules,0.0506900925603177
0001744489_0001744489-20-000197,operating_income,rules,0.0506900925603177
0001744489_0001744489-20-000197,net_income,rules,0.0506900925603177
0001744489_0001744489-20-000197,eps_diluted,rules,0.0506900925603177
0001744489_0001744489-20-000197,total_assets,rules,0.0506900925603177
0001744489_0001744489-20-000197,stockholders_equity,rules,0.0506900925603177
0001744489_0001744489-20-000197,cash_and_equivalents,rules,0.0506900925603177
0001744489_0001744489-20-000197,operating_cash_flow,rules,0.0506900925603177
0001744489_0001744489-21-000220,revenue,rules,0.048359444448983
0001744489_0001744489-21-000220,operating_income,rules,0.048359444448983
0001744489_0001744489-21-000220,net_income,rules,0.048359444448983
0001744489_0001744489-21-000220,eps_diluted,rules,0.048359444448983
0001744489_0001744489-21-000220,total_assets,rules,0.048359444448983
0001744489_0001744489-21-000220,stockholders_equity,rules,0.048359444448983
0001744489_0001744489-21-000220,cash_and_equivalents,rules,0.048359444448983
0001744489_0001744489-21-000220,operating_cash_flow,rules,0.048359444448983
0001744489_0001744489-22-000213,revenue,rules,0.0521680510007879
0001744489_0001744489-22-000213,operating_income,rules,0.0521680510007879
0001744489_0001744489-22-000213,net_income,rules,0.0521680510007879
0001744489_0001744489-22-000213,eps_diluted,rules,0.0521680510007879
0001744489_0001744489-22-000213,total_assets,rules,0.0521680510007879
0001744489_0001744489-22-000213,stockholders_equity,rules,0.0521680510007879
0001744489_0001744489-22-000213,cash_and_equivalents,rules,0.0521680510007879
0001744489_0001744489-22-000213,operating_cash_flow,rules,0.0521680510007879
0001744489_0001744489-23-000216,revenue,rules,0.0699543101105114
0001744489_0001744489-23-000216,operating_income,rules,0.0699543101105114
0001744489_0001744489-23-000216,net_income,rules,0.0699543101105114
0001744489_0001744489-23-000216,eps_diluted,rules,0.0699543101105114
0001744489_0001744489-23-000216,total_assets,rules,0.0699543101105114
0001744489_0001744489-23-000216,stockholders_equity,rules,0.0699543101105114
0001744489_0001744489-23-000216,cash_and_equivalents,rules,0.0699543101105114
0001744489_0001744489-23-000216,operating_cash_flow,rules,0.0699543101105114
0001744489_0001744489-24-000276,revenue,rules,0.0585426897806529
0001744489_0001744489-24-000276,operating_income,rules,0.0585426897806529
0001744489_0001744489-24-000276,net_income,rules,0.0585426897806529
0001744489_0001744489-24-000276,eps_diluted,rules,0.0585426897806529
0001744489_0001744489-24-000276,total_assets,rules,0.0585426897806529
0001744489_0001744489-24-000276,stockholders_equity,rules,0.0585426897806529
0001744489_0001744489-24-000276,cash_and_equivalents,rules,0.0585426897806529
0001744489_0001744489-24-000276,operating_cash_flow,rules,0.0585426897806529
0000012927_0000012927-20-000014,revenue,llm,1.7470182037795894
0000012927_0000012927-20-000014,revenue,llm,1.7470182037795894
0000012927_0000012927-20-000014,revenue,llm,1.7470182037795894
0000012927_0000012927-20-000014,operating_income,llm,1.7470182037795894
0000012927_0000012927-20-000014,operating_income,llm,1.7470182037795894
0000012927_0000012927-20-000014,operating_income,llm,1.7470182037795894
0000012927_0000012927-20-000014,net_income,llm,1.7470182037795894
0000012927_0000012927-20-000014,net_income,llm,1.7470182037795894
0000012927_0000012927-20-000014,net_income,llm,1.7470182037795894
0000012927_0000012927-20-000014,eps_diluted,llm,1.7470182037795894
0000012927_0000012927-20-000014,eps_diluted,llm,1.7470182037795894
0000012927_0000012927-20-000014,eps_diluted,llm,1.7470182037795894
0000012927_0000012927-20-000014,total_assets,llm,1.7470182037795894
0000012927_0000012927-20-000014,total_assets,llm,1.7470182037795894
0000012927_0000012927-20-000014,total_assets,llm,1.7470182037795894
0000012927_0000012927-20-000014,stockholders_equity,llm,1.7470182037795894
0000012927_0000012927-20-000014,stockholders_equity,llm,1.7470182037795894
0000012927_0000012927-20-000014,stockholders_equity,llm,1.7470182037795894
0000012927_0000012927-20-000014,cash_and_equivalents,llm,1.7470182037795894
0000012927_0000012927-20-000014,cash_and_equivalents,llm,1.7470182037795894
0000012927_0000012927-20-000014,cash_and_equivalents,llm,1.7470182037795894
0000012927_0000012927-20-000014,operating_cash_flow,llm,1.7470182037795894
0000012927_0000012927-20-000014,operating_cash_flow,llm,1.7470182037795894
0000012927_0000012927-20-000014,operating_cash_flow,llm,1.7470182037795894
0000012927_0000012927-21-000011,revenue,llm,1.774470143556957
0000012927_0000012927-21-000011,revenue,llm,1.774470143556957
0000012927_0000012927-21-000011,revenue,llm,1.774470143556957
0000012927_0000012927-21-000011,operating_income,llm,1.774470143556957
0000012927_0000012927-21-000011,operating_income,llm,1.774470143556957
0000012927_0000012927-21-000011,operating_income,llm,1.774470143556957
0000012927_0000012927-21-000011,net_income,llm,1.774470143556957
0000012927_0000012927-21-000011,net_income,llm,1.774470143556957
0000012927_0000012927-21-000011,net_income,llm,1.774470143556957
0000012927_0000012927-21-000011,eps_diluted,llm,1.774470143556957
0000012927_0000012927-21-000011,eps_diluted,llm,1.774470143556957
0000012927_0000012927-21-000011,eps_diluted,llm,1.774470143556957
0000012927_0000012927-21-000011,total_assets,llm,1.774470143556957
0000012927_0000012927-21-000011,total_assets,llm,1.774470143556957
0000012927_0000012927-21-000011,total_assets,llm,1.774470143556957
0000012927_0000012927-21-000011,total_liabilities,llm,1.774470143556957
0000012927_0000012927-21-000011,total_liabilities,llm,1.774470143556957
0000012927_0000012927-21-000011,total_liabilities,llm,1.774470143556957
0000012927_0000012927-21-000011,stockholders_equity,llm,1.774470143556957
0000012927_0000012927-21-000011,stockholders_equity,llm,1.774470143556957
0000012927_0000012927-21-000011,stockholders_equity,llm,1.774470143556957
0000012927_0000012927-21-000011,cash_and_equivalents,llm,1.774470143556957
0000012927_0000012927-21-000011,cash_and_equivalents,llm,1.774470143556957
0000012927_0000012927-21-000011,cash_and_equivalents,llm,1.774470143556957
0000012927_0000012927-21-000011,operating_cash_flow,llm,1.774470143556957
0000012927_0000012927-21-000011,operating_cash_flow,llm,1.774470143556957
0000012927_0000012927-21-000011,operating_cash_flow,llm,1.774470143556957
0000012927_0000012927-22-000010,revenue,llm,1.8164653333353473
0000012927_0000012927-22-000010,revenue,llm,1.8164653333353473
0000012927_0000012927-22-000010,revenue,llm,1.8164653333353473
0000012927_0000012927-22-000010,operating_income,llm,1.8164653333353473
0000012927_0000012927-22-000010,operating_income,llm,1.8164653333353473
0000012927_0000012927-22-000010,operating_income,llm,1.8164653333353473
0000012927_0000012927-22-000010,net_income,llm,1.8164653333353473
0000012927_0000012927-22-000010,net_income,llm,1.8164653333353473
0000012927_0000012927-22-000010,net_income,llm,1.8164653333353473
0000012927_0000012927-22-000010,eps_diluted,llm,1.8164653333353473
0000012927_0000012927-22-000010,eps_diluted,llm,1.8164653333353473
0000012927_0000012927-22-000010,eps_diluted,llm,1.8164653333353473
0000012927_0000012927-22-000010,total_assets,llm,1.8164653333353473
0000012927_0000012927-22-000010,total_assets,llm,1.8164653333353473
0000012927_0000012927-22-000010,total_assets,llm,1.8164653333353473
0000012927_0000012927-22-000010,total_liabilities,llm,1.8164653333353473
0000012927_0000012927-22-000010,total_liabilities,llm,1.8164653333353473
0000012927_0000012927-22-000010,total_liabilities,llm,1.8164653333353473
0000012927_0000012927-22-000010,stockholders_equity,llm,1.8164653333353473
0000012927_0000012927-22-000010,stockholders_equity,llm,1.8164653333353473
0000012927_0000012927-22-000010,stockholders_equity,llm,1.8164653333353473
0000012927_0000012927-22-000010,cash_and_equivalents,llm,1.8164653333353473
0000012927_0000012927-22-000010,cash_and_equivalents,llm,1.8164653333353473
0000012927_0000012927-22-000010,cash_and_equivalents,llm,1.8164653333353473
0000012927_0000012927-22-000010,operating_cash_flow,llm,1.8164653333353473
0000012927_0000012927-22-000010,operating_cash_flow,llm,1.8164653333353473
0000012927_0000012927-22-000010,operating_cash_flow,llm,1.8164653333353473
0000012927_0000012927-23-000007,revenue,llm,1.7418985786660213
0000012927_0000012927-23-000007,revenue,llm,1.7418985786660213
0000012927_0000012927-23-000007,revenue,llm,1.7418985786660213
0000012927_0000012927-23-000007,operating_income,llm,1.7418985786660213
0000012927_0000012927-23-000007,operating_income,llm,1.7418985786660213
0000012927_0000012927-23-000007,operating_income,llm,1.7418985786660213
0000012927_0000012927-23-000007,net_income,llm,1.7418985786660213
0000012927_0000012927-23-000007,net_income,llm,1.7418985786660213
0000012927_0000012927-23-000007,net_income,llm,1.7418985786660213
0000012927_0000012927-23-000007,eps_diluted,llm,1.7418985786660213
0000012927_0000012927-23-000007,eps_diluted,llm,1.7418985786660213
0000012927_0000012927-23-000007,eps_diluted,llm,1.7418985786660213
0000012927_0000012927-23-000007,total_assets,llm,1.7418985786660213
0000012927_0000012927-23-000007,total_assets,llm,1.7418985786660213
0000012927_0000012927-23-000007,total_assets,llm,1.7418985786660213
0000012927_0000012927-23-000007,total_liabilities,llm,1.7418985786660213
0000012927_0000012927-23-000007,total_liabilities,llm,1.7418985786660213
0000012927_0000012927-23-000007,total_liabilities,llm,1.7418985786660213
0000012927_0000012927-23-000007,stockholders_equity,llm,1.7418985786660213
0000012927_0000012927-23-000007,stockholders_equity,llm,1.7418985786660213
0000012927_0000012927-23-000007,stockholders_equity,llm,1.7418985786660213
0000012927_0000012927-23-000007,cash_and_equivalents,llm,1.7418985786660213
0000012927_0000012927-23-000007,cash_and_equivalents,llm,1.7418985786660213
0000012927_0000012927-23-000007,cash_and_equivalents,llm,1.7418985786660213
0000012927_0000012927-23-000007,operating_cash_flow,llm,1.7418985786660213
0000012927_0000012927-23-000007,operating_cash_flow,llm,1.7418985786660213
0000012927_0000012927-23-000007,operating_cash_flow,llm,1.7418985786660213
0000012927_0000012927-24-000010,revenue,llm,1.681999865777066
0000012927_0000012927-24-000010,revenue,llm,1.681999865777066
0000012927_0000012927-24-000010,revenue,llm,1.681999865777066
0000012927_0000012927-24-000010,operating_income,llm,1.681999865777066
0000012927_0000012927-24-000010,operating_income,llm,1.681999865777066
0000012927_0000012927-24-000010,operating_income,llm,1.681999865777066
0000012927_0000012927-24-000010,net_income,llm,1.681999865777066
0000012927_0000012927-24-000010,net_income,llm,1.681999865777066
0000012927_0000012927-24-000010,net_income,llm,1.681999865777066
0000012927_0000012927-24-000010,eps_diluted,llm,1.681999865777066
0000012927_0000012927-24-000010,eps_diluted,llm,1.681999865777066
0000012927_0000012927-24-000010,eps_diluted,llm,1.681999865777066
0000012927_0000012927-24-000010,total_assets,llm,1.681999865777066
0000012927_0000012927-24-000010,total_assets,llm,1.681999865777066
0000012927_0000012927-24-000010,total_assets,llm,1.681999865777066
0000012927_0000012927-24-000010,total_liabilities,llm,1.681999865777066
0000012927_0000012927-24-000010,total_liabilities,llm,1.681999865777066
0000012927_0000012927-24-000010,total_liabilities,llm,1.681999865777066
0000012927_0000012927-24-000010,stockholders_equity,llm,1.681999865777066
0000012927_0000012927-24-000010,stockholders_equity,llm,1.681999865777066
0000012927_0000012927-24-000010,stockholders_equity,llm,1.681999865777066
0000012927_0000012927-24-000010,cash_and_equivalents,llm,1.681999865777066
0000012927_0000012927-24-000010,cash_and_equivalents,llm,1.681999865777066
0000012927_0000012927-24-000010,cash_and_equivalents,llm,1.681999865777066
0000012927_0000012927-24-000010,operating_cash_flow,llm,1.681999865777066
0000012927_0000012927-24-000010,operating_cash_flow,llm,1.681999865777066
0000012927_0000012927-24-000010,operating_cash_flow,llm,1.681999865777066
0000012927_0000012927-25-000015,revenue,llm,1.7910530370006907
0000012927_0000012927-25-000015,revenue,llm,1.7910530370006907
0000012927_0000012927-25-000015,revenue,llm,1.7910530370006907
0000012927_0000012927-25-000015,operating_income,llm,1.7910530370006907
0000012927_0000012927-25-000015,operating_income,llm,1.7910530370006907
0000012927_0000012927-25-000015,operating_income,llm,1.7910530370006907
0000012927_0000012927-25-000015,net_income,llm,1.7910530370006907
0000012927_0000012927-25-000015,net_income,llm,1.7910530370006907
0000012927_0000012927-25-000015,net_income,llm,1.7910530370006907
0000012927_0000012927-25-000015,eps_diluted,llm,1.7910530370006907
0000012927_0000012927-25-000015,eps_diluted,llm,1.7910530370006907
0000012927_0000012927-25-000015,eps_diluted,llm,1.7910530370006907
0000012927_0000012927-25-000015,total_assets,llm,1.7910530370006907
0000012927_0000012927-25-000015,total_assets,llm,1.7910530370006907
0000012927_0000012927-25-000015,total_assets,llm,1.7910530370006907
0000012927_0000012927-25-000015,total_liabilities,llm,1.7910530370006907
0000012927_0000012927-25-000015,total_liabilities,llm,1.7910530370006907
0000012927_0000012927-25-000015,total_liabilities,llm,1.7910530370006907
0000012927_0000012927-25-000015,stockholders_equity,llm,1.7910530370006907
0000012927_0000012927-25-000015,stockholders_equity,llm,1.7910530370006907
0000012927_0000012927-25-000015,stockholders_equity,llm,1.7910530370006907
0000012927_0000012927-25-000015,cash_and_equivalents,llm,1.7910530370006907
0000012927_0000012927-25-000015,cash_and_equivalents,llm,1.7910530370006907
0000012927_0000012927-25-000015,cash_and_equivalents,llm,1.7910530370006907
0000012927_0000012927-25-000015,operating_cash_flow,llm,1.7910530370006907
0000012927_0000012927-25-000015,operating_cash_flow,llm,1.7910530370006907
0000012927_0000012927-25-000015,operating_cash_flow,llm,1.7910530370006907
0000018230_0000018230-20-000056,revenue,llm,1.7943636296679162
0000018230_0000018230-20-000056,revenue,llm,1.7943636296679162
0000018230_0000018230-20-000056,revenue,llm,1.7943636296679162
0000018230_0000018230-20-000056,operating_income,llm,1.7943636296679162
0000018230_0000018230-20-000056,operating_income,llm,1.7943636296679162
0000018230_0000018230-20-000056,operating_income,llm,1.7943636296679162
0000018230_0000018230-20-000056,net_income,llm,1.7943636296679162
0000018230_0000018230-20-000056,net_income,llm,1.7943636296679162
0000018230_0000018230-20-000056,net_income,llm,1.7943636296679162
0000018230_0000018230-20-000056,eps_diluted,llm,1.7943636296679162
0000018230_0000018230-20-000056,eps_diluted,llm,1.7943636296679162
0000018230_0000018230-20-000056,eps_diluted,llm,1.7943636296679162
0000018230_0000018230-20-000056,total_assets,llm,1.7943636296679162
0000018230_0000018230-20-000056,total_assets,llm,1.7943636296679162
0000018230_0000018230-20-000056,total_assets,llm,1.7943636296679162
0000018230_0000018230-20-000056,total_liabilities,llm,1.7943636296679162
0000018230_0000018230-20-000056,total_liabilities,llm,1.7943636296679162
0000018230_0000018230-20-000056,total_liabilities,llm,1.7943636296679162
0000018230_0000018230-20-000056,stockholders_equity,llm,1.7943636296679162
0000018230_0000018230-20-000056,stockholders_equity,llm,1.7943636296679162
0000018230_0000018230-20-000056,stockholders_equity,llm,1.7943636296679162
0000018230_0000018230-20-000056,cash_and_equivalents,llm,1.7943636296679162
0000018230_0000018230-20-000056,cash_and_equivalents,llm,1.7943636296679162
0000018230_0000018230-20-000056,cash_and_equivalents,llm,1.7943636296679162
0000018230_0000018230-20-000056,operating_cash_flow,llm,1.7943636296679162
0000018230_0000018230-20-000056,operating_cash_flow,llm,1.7943636296679162
0000018230_0000018230-20-000056,operating_cash_flow,llm,1.7943636296679162
0000018230_0000018230-21-000063,revenue,llm,1.8041864166670065
0000018230_0000018230-21-000063,revenue,llm,1.8041864166670065
0000018230_0000018230-21-000063,revenue,llm,1.8041864166670065
0000018230_0000018230-21-000063,operating_income,llm,1.8041864166670065
0000018230_0000018230-21-000063,operating_income,llm,1.8041864166670065
0000018230_0000018230-21-000063,operating_income,llm,1.8041864166670065
0000018230_0000018230-21-000063,net_income,llm,1.8041864166670065
0000018230_0000018230-21-000063,net_income,llm,1.8041864166670065
0000018230_0000018230-21-000063,net_income,llm,1.8041864166670065
0000018230_0000018230-21-000063,eps_diluted,llm,1.8041864166670065
0000018230_0000018230-21-000063,eps_diluted,llm,1.8041864166670065
0000018230_0000018230-21-000063,eps_diluted,llm,1.8041864166670065
0000018230_0000018230-21-000063,total_assets,llm,1.8041864166670065
0000018230_0000018230-21-000063,total_assets,llm,1.8041864166670065
0000018230_0000018230-21-000063,total_assets,llm,1.8041864166670065
0000018230_0000018230-21-000063,total_liabilities,llm,1.8041864166670065
0000018230_0000018230-21-000063,total_liabilities,llm,1.8041864166670065
0000018230_0000018230-21-000063,total_liabilities,llm,1.8041864166670065
0000018230_0000018230-21-000063,stockholders_equity,llm,1.8041864166670065
0000018230_0000018230-21-000063,stockholders_equity,llm,1.8041864166670065
0000018230_0000018230-21-000063,stockholders_equity,llm,1.8041864166670065
0000018230_0000018230-21-000063,cash_and_equivalents,llm,1.8041864166670065
0000018230_0000018230-21-000063,cash_and_equivalents,llm,1.8041864166670065
0000018230_0000018230-21-000063,cash_and_equivalents,llm,1.8041864166670065
0000018230_0000018230-21-000063,operating_cash_flow,llm,1.8041864166670065
0000018230_0000018230-21-000063,operating_cash_flow,llm,1.8041864166670065
0000018230_0000018230-21-000063,operating_cash_flow,llm,1.8041864166670065
0000018230_0000018230-22-000050,revenue,llm,1.7496920973321215
0000018230_0000018230-22-000050,revenue,llm,1.7496920973321215
0000018230_0000018230-22-000050,revenue,llm,1.7496920973321215
0000018230_0000018230-22-000050,operating_income,llm,1.7496920973321215
0000018230_0000018230-22-000050,operating_income,llm,1.7496920973321215
0000018230_0000018230-22-000050,operating_income,llm,1.7496920973321215
0000018230_0000018230-22-000050,net_income,llm,1.7496920973321215
0000018230_0000018230-22-000050,net_income,llm,1.7496920973321215
0000018230_0000018230-22-000050,net_income,llm,1.7496920973321215
0000018230_0000018230-22-000050,eps_diluted,llm,1.7496920973321215
0000018230_0000018230-22-000050,eps_diluted,llm,1.7496920973321215
0000018230_0000018230-22-000050,eps_diluted,llm,1.7496920973321215
0000018230_0000018230-22-000050,total_assets,llm,1.7496920973321215
0000018230_0000018230-22-000050,total_assets,llm,1.7496920973321215
0000018230_0000018230-22-000050,total_assets,llm,1.7496920973321215
0000018230_0000018230-22-000050,total_liabilities,llm,1.7496920973321215
0000018230_0000018230-22-000050,total_liabilities,llm,1.7496920973321215
0000018230_0000018230-22-000050,total_liabilities,llm,1.7496920973321215
0000018230_0000018230-22-000050,stockholders_equity,llm,1.7496920973321215
0000018230_0000018230-22-000050,stockholders_equity,llm,1.7496920973321215
0000018230_0000018230-22-000050,stockholders_equity,llm,1.7496920973321215
0000018230_0000018230-22-000050,cash_and_equivalents,llm,1.7496920973321215
0000018230_0000018230-22-000050,cash_and_equivalents,llm,1.7496920973321215
0000018230_0000018230-22-000050,cash_and_equivalents,llm,1.7496920973321215
0000018230_0000018230-22-000050,operating_cash_flow,llm,1.7496920973321215
0000018230_0000018230-22-000050,operating_cash_flow,llm,1.7496920973321215
0000018230_0000018230-22-000050,operating_cash_flow,llm,1.7496920973321215
0000018230_0000018230-23-000011,revenue,llm,1.7449724444433943
0000018230_0000018230-23-000011,revenue,llm,1.7449724444433943
0000018230_0000018230-23-000011,revenue,llm,1.7449724444433943
0000018230_0000018230-23-000011,operating_income,llm,1.7449724444433943
0000018230_0000018230-23-000011,operating_income,llm,1.7449724444433943
0000018230_0000018230-23-000011,operating_income,llm,1.7449724444433943
0000018230_0000018230-23-000011,net_income,llm,1.7449724444433943
0000018230_0000018230-23-000011,net_income,llm,1.7449724444433943
0000018230_0000018230-23-000011,net_income,llm,1.7449724444433943
0000018230_0000018230-23-000011,eps_diluted,llm,1.7449724444433943
0000018230_0000018230-23-000011,eps_diluted,llm,1.7449724444433943
0000018230_0000018230-23-000011,eps_diluted,llm,1.7449724444433943
0000018230_0000018230-23-000011,total_assets,llm,1.7449724444433943
0000018230_0000018230-23-000011,total_assets,llm,1.7449724444433943
0000018230_0000018230-23-000011,total_assets,llm,1.7449724444433943
0000018230_0000018230-23-000011,total_liabilities,llm,1.7449724444433943
0000018230_0000018230-23-000011,total_liabilities,llm,1.7449724444433943
0000018230_0000018230-23-000011,total_liabilities,llm,1.7449724444433943
0000018230_0000018230-23-000011,stockholders_equity,llm,1.7449724444433943
0000018230_0000018230-23-000011,stockholders_equity,llm,1.7449724444433943
0000018230_0000018230-23-000011,stockholders_equity,llm,1.7449724444433943
0000018230_0000018230-23-000011,cash_and_equivalents,llm,1.7449724444433943
0000018230_0000018230-23-000011,cash_and_equivalents,llm,1.7449724444433943
0000018230_0000018230-23-000011,cash_and_equivalents,llm,1.7449724444433943
0000018230_0000018230-23-000011,operating_cash_flow,llm,1.7449724444433943
0000018230_0000018230-23-000011,operating_cash_flow,llm,1.7449724444433943
0000018230_0000018230-23-000011,operating_cash_flow,llm,1.7449724444433943
0000018230_0000018230-24-000009,revenue,llm,1.743077986222084
0000018230_0000018230-24-000009,revenue,llm,1.743077986222084
0000018230_0000018230-24-000009,revenue,llm,1.743077986222084
0000018230_0000018230-24-000009,operating_income,llm,1.743077986222084
0000018230_0000018230-24-000009,operating_income,llm,1.743077986222084
0000018230_0000018230-24-000009,operating_income,llm,1.743077986222084
0000018230_0000018230-24-000009,net_income,llm,1.743077986222084
0000018230_0000018230-24-000009,net_income,llm,1.743077986222084
0000018230_0000018230-24-000009,net_income,llm,1.743077986222084
0000018230_0000018230-24-000009,eps_diluted,llm,1.743077986222084
0000018230_0000018230-24-000009,eps_diluted,llm,1.743077986222084
0000018230_0000018230-24-000009,eps_diluted,llm,1.743077986222084
0000018230_0000018230-24-000009,total_assets,llm,1.743077986222084
0000018230_0000018230-24-000009,total_assets,llm,1.743077986222084
0000018230_0000018230-24-000009,total_assets,llm,1.743077986222084
0000018230_0000018230-24-000009,total_liabilities,llm,1.743077986222084
0000018230_0000018230-24-000009,total_liabilities,llm,1.743077986222084
0000018230_0000018230-24-000009,total_liabilities,llm,1.743077986222084
0000018230_0000018230-24-000009,stockholders_equity,llm,1.743077986222084
0000018230_0000018230-24-000009,stockholders_equity,llm,1.743077986222084
0000018230_0000018230-24-000009,stockholders_equity,llm,1.743077986222084
0000018230_0000018230-24-000009,cash_and_equivalents,llm,1.743077986222084
0000018230_0000018230-24-000009,cash_and_equivalents,llm,1.743077986222084
0000018230_0000018230-24-000009,cash_and_equivalents,llm,1.743077986222084
0000018230_0000018230-24-000009,operating_cash_flow,llm,1.743077986222084
0000018230_0000018230-24-000009,operating_cash_flow,llm,1.743077986222084
0000018230_0000018230-24-000009,operating_cash_flow,llm,1.743077986222084
0000018230_0000018230-25-000008,revenue,llm,1.7115809675564782
0000018230_0000018230-25-000008,revenue,llm,1.7115809675564782
0000018230_0000018230-25-000008,revenue,llm,1.7115809675564782
0000018230_0000018230-25-000008,operating_income,llm,1.7115809675564782
0000018230_0000018230-25-000008,operating_income,llm,1.7115809675564782
0000018230_0000018230-25-000008,operating_income,llm,1.7115809675564782
0000018230_0000018230-25-000008,net_income,llm,1.7115809675564782
0000018230_0000018230-25-000008,net_income,llm,1.7115809675564782
0000018230_0000018230-25-000008,net_income,llm,1.7115809675564782
0000018230_0000018230-25-000008,eps_diluted,llm,1.7115809675564782
0000018230_0000018230-25-000008,eps_diluted,llm,1.7115809675564782
0000018230_0000018230-25-000008,eps_diluted,llm,1.7115809675564782
0000018230_0000018230-25-000008,total_assets,llm,1.7115809675564782
0000018230_0000018230-25-000008,total_assets,llm,1.7115809675564782
0000018230_0000018230-25-000008,total_assets,llm,1.7115809675564782
0000018230_0000018230-25-000008,total_liabilities,llm,1.7115809675564782
0000018230_0000018230-25-000008,total_liabilities,llm,1.7115809675564782
0000018230_0000018230-25-000008,total_liabilities,llm,1.7115809675564782
0000018230_0000018230-25-000008,stockholders_equity,llm,1.7115809675564782
0000018230_0000018230-25-000008,stockholders_equity,llm,1.7115809675564782
0000018230_0000018230-25-000008,stockholders_equity,llm,1.7115809675564782
0000018230_0000018230-25-000008,cash_and_equivalents,llm,1.7115809675564782
0000018230_0000018230-25-000008,cash_and_equivalents,llm,1.7115809675564782
0000018230_0000018230-25-000008,cash_and_equivalents,llm,1.7115809675564782
0000018230_0000018230-25-000008,operating_cash_flow,llm,1.7115809675564782
0000018230_0000018230-25-000008,operating_cash_flow,llm,1.7115809675564782
0000018230_0000018230-25-000008,operating_cash_flow,llm,1.7115809675564782
0000021344_0000021344-20-000006,revenue,llm,2.1780248842227996
0000021344_0000021344-20-000006,revenue,llm,2.1780248842227996
0000021344_0000021344-20-000006,revenue,llm,2.1780248842227996
0000021344_0000021344-20-000006,operating_income,llm,2.1780248842227996
0000021344_0000021344-20-000006,operating_income,llm,2.1780248842227996
0000021344_0000021344-20-000006,operating_income,llm,2.1780248842227996
0000021344_0000021344-20-000006,net_income,llm,2.1780248842227996
0000021344_0000021344-20-000006,net_income,llm,2.1780248842227996
0000021344_0000021344-20-000006,net_income,llm,2.1780248842227996
0000021344_0000021344-20-000006,eps_diluted,llm,2.1780248842227996
0000021344_0000021344-20-000006,eps_diluted,llm,2.1780248842227996
0000021344_0000021344-20-000006,eps_diluted,llm,2.1780248842227996
0000021344_0000021344-20-000006,total_assets,llm,2.1780248842227996
0000021344_0000021344-20-000006,total_assets,llm,2.1780248842227996
0000021344_0000021344-20-000006,total_assets,llm,2.1780248842227996
0000021344_0000021344-20-000006,stockholders_equity,llm,2.1780248842227996
0000021344_0000021344-20-000006,stockholders_equity,llm,2.1780248842227996
0000021344_0000021344-20-000006,stockholders_equity,llm,2.1780248842227996
0000021344_0000021344-20-000006,cash_and_equivalents,llm,2.1780248842227996
0000021344_0000021344-20-000006,cash_and_equivalents,llm,2.1780248842227996
0000021344_0000021344-20-000006,cash_and_equivalents,llm,2.1780248842227996
0000021344_0000021344-20-000006,operating_cash_flow,llm,2.1780248842227996
0000021344_0000021344-20-000006,operating_cash_flow,llm,2.1780248842227996
0000021344_0000021344-20-000006,operating_cash_flow,llm,2.1780248842227996
0000021344_0000021344-21-000008,revenue,llm,2.2069410232215887
0000021344_0000021344-21-000008,revenue,llm,2.2069410232215887
0000021344_0000021344-21-000008,revenue,llm,2.2069410232215887
0000021344_0000021344-21-000008,operating_income,llm,2.2069410232215887
0000021344_0000021344-21-000008,operating_income,llm,2.2069410232215887
0000021344_0000021344-21-000008,operating_income,llm,2.2069410232215887
0000021344_0000021344-21-000008,net_income,llm,2.2069410232215887
0000021344_0000021344-21-000008,net_income,llm,2.2069410232215887
0000021344_0000021344-21-000008,net_income,llm,2.2069410232215887
0000021344_0000021344-21-000008,eps_diluted,llm,2.2069410232215887
0000021344_0000021344-21-000008,eps_diluted,llm,2.2069410232215887
0000021344_0000021344-21-000008,eps_diluted,llm,2.2069410232215887
0000021344_0000021344-21-000008,total_assets,llm,2.2069410232215887
0000021344_0000021344-21-000008,total_assets,llm,2.2069410232215887
0000021344_0000021344-21-000008,total_assets,llm,2.2069410232215887
0000021344_0000021344-21-000008,stockholders_equity,llm,2.2069410232215887
0000021344_0000021344-21-000008,stockholders_equity,llm,2.2069410232215887
0000021344_0000021344-21-000008,stockholders_equity,llm,2.2069410232215887
0000021344_0000021344-21-000008,cash_and_equivalents,llm,2.2069410232215887
0000021344_0000021344-21-000008,cash_and_equivalents,llm,2.2069410232215887
0000021344_0000021344-21-000008,cash_and_equivalents,llm,2.2069410232215887
0000021344_0000021344-21-000008,operating_cash_flow,llm,2.2069410232215887
0000021344_0000021344-21-000008,operating_cash_flow,llm,2.2069410232215887
0000021344_0000021344-21-000008,operating_cash_flow,llm,2.2069410232215887
0000021344_0000021344-22-000009,revenue,llm,1.868618124997334
0000021344_0000021344-22-000009,revenue,llm,1.868618124997334
0000021344_0000021344-22-000009,revenue,llm,1.868618124997334
0000021344_0000021344-22-000009,operating_income,llm,1.868618124997334
0000021344_0000021344-22-000009,operating_income,llm,1.868618124997334
0000021344_0000021344-22-000009,operating_income,llm,1.868618124997334
0000021344_0000021344-22-000009,net_income,llm,1.868618124997334
0000021344_0000021344-22-000009,net_income,llm,1.868618124997334
0000021344_0000021344-22-000009,net_income,llm,1.868618124997334
0000021344_0000021344-22-000009,eps_diluted,llm,1.868618124997334
0000021344_0000021344-22-000009,eps_diluted,llm,1.868618124997334
0000021344_0000021344-22-000009,eps_diluted,llm,1.868618124997334
0000021344_0000021344-22-000009,total_assets,llm,1.868618124997334
0000021344_0000021344-22-000009,total_assets,llm,1.868618124997334
0000021344_0000021344-22-000009,total_assets,llm,1.868618124997334
0000021344_0000021344-22-000009,stockholders_equity,llm,1.868618124997334
0000021344_0000021344-22-000009,stockholders_equity,llm,1.868618124997334
0000021344_0000021344-22-000009,stockholders_equity,llm,1.868618124997334
0000021344_0000021344-22-000009,cash_and_equivalents,llm,1.868618124997334
0000021344_0000021344-22-000009,cash_and_equivalents,llm,1.868618124997334
0000021344_0000021344-22-000009,cash_and_equivalents,llm,1.868618124997334
0000021344_0000021344-22-000009,operating_cash_flow,llm,1.868618124997334
0000021344_0000021344-22-000009,operating_cash_flow,llm,1.868618124997334
0000021344_0000021344-22-000009,operating_cash_flow,llm,1.868618124997334
0000021344_0000021344-23-000011,revenue,llm,2.219344694445479
0000021344_0000021344-23-000011,revenue,llm,2.219344694445479
0000021344_0000021344-23-000011,revenue,llm,2.219344694445479
0000021344_0000021344-23-000011,operating_income,llm,2.219344694445479
0000021344_0000021344-23-000011,operating_income,llm,2.219344694445479
0000021344_0000021344-23-000011,operating_income,llm,2.219344694445479
0000021344_0000021344-23-000011,net_income,llm,2.219344694445479
0000021344_0000021344-23-000011,net_income,llm,2.219344694445479
0000021344_0000021344-23-000011,net_income,llm,2.219344694445479
0000021344_0000021344-23-000011,eps_diluted,llm,2.219344694445479
0000021344_0000021344-23-000011,eps_diluted,llm,2.219344694445479
0000021344_0000021344-23-000011,eps_diluted,llm,2.219344694445479
0000021344_0000021344-23-000011,total_assets,llm,2.219344694445479
0000021344_0000021344-23-000011,total_assets,llm,2.219344694445479
0000021344_0000021344-23-000011,total_assets,llm,2.219344694445479
0000021344_0000021344-23-000011,stockholders_equity,llm,2.219344694445479
0000021344_0000021344-23-000011,stockholders_equity,llm,2.219344694445479
0000021344_0000021344-23-000011,stockholders_equity,llm,2.219344694445479
0000021344_0000021344-23-000011,cash_and_equivalents,llm,2.219344694445479
0000021344_0000021344-23-000011,cash_and_equivalents,llm,2.219344694445479
0000021344_0000021344-23-000011,cash_and_equivalents,llm,2.219344694445479
0000021344_0000021344-23-000011,operating_cash_flow,llm,2.219344694445479
0000021344_0000021344-23-000011,operating_cash_flow,llm,2.219344694445479
0000021344_0000021344-23-000011,operating_cash_flow,llm,2.219344694445479
0000021344_0000021344-24-000009,revenue,llm,1.8392493473317395
0000021344_0000021344-24-000009,revenue,llm,1.8392493473317395
0000021344_0000021344-24-000009,revenue,llm,1.8392493473317395
0000021344_0000021344-24-000009,operating_income,llm,1.8392493473317395
0000021344_0000021344-24-000009,operating_income,llm,1.8392493473317395
0000021344_0000021344-24-000009,operating_income,llm,1.8392493473317395
0000021344_0000021344-24-000009,net_income,llm,1.8392493473317395
0000021344_0000021344-24-000009,net_income,llm,1.8392493473317395
0000021344_0000021344-24-000009,net_income,llm,1.8392493473317395
0000021344_0000021344-24-000009,eps_diluted,llm,1.8392493473317395
0000021344_0000021344-24-000009,eps_diluted,llm,1.8392493473317395
0000021344_0000021344-24-000009,eps_diluted,llm,1.8392493473317395
0000021344_0000021344-24-000009,total_assets,llm,1.8392493473317395
0000021344_0000021344-24-000009,total_assets,llm,1.8392493473317395
0000021344_0000021344-24-000009,total_assets,llm,1.8392493473317395
0000021344_0000021344-24-000009,stockholders_equity,llm,1.8392493473317395
0000021344_0000021344-24-000009,stockholders_equity,llm,1.8392493473317395
0000021344_0000021344-24-000009,stockholders_equity,llm,1.8392493473317395
0000021344_0000021344-24-000009,cash_and_equivalents,llm,1.8392493473317395
0000021344_0000021344-24-000009,cash_and_equivalents,llm,1.8392493473317395
0000021344_0000021344-24-000009,cash_and_equivalents,llm,1.8392493473317395
0000021344_0000021344-24-000009,operating_cash_flow,llm,1.8392493473317395
0000021344_0000021344-24-000009,operating_cash_flow,llm,1.8392493473317395
0000021344_0000021344-24-000009,operating_cash_flow,llm,1.8392493473317395
0000021344_0000021344-25-000011,revenue,llm,2.4557583844450868
0000021344_0000021344-25-000011,revenue,llm,2.4557583844450868
0000021344_0000021344-25-000011,revenue,llm,2.4557583844450868
0000021344_0000021344-25-000011,operating_income,llm,2.4557583844450868
0000021344_0000021344-25-000011,operating_income,llm,2.4557583844450868
0000021344_0000021344-25-000011,operating_income,llm,2.4557583844450868
0000021344_0000021344-25-000011,net_income,llm,2.4557583844450868
0000021344_0000021344-25-000011,net_income,llm,2.4557583844450868
0000021344_0000021344-25-000011,net_income,llm,2.4557583844450868
0000021344_0000021344-25-000011,eps_diluted,llm,2.4557583844450868
0000021344_0000021344-25-000011,eps_diluted,llm,2.4557583844450868
0000021344_0000021344-25-000011,eps_diluted,llm,2.4557583844450868
0000021344_0000021344-25-000011,total_assets,llm,2.4557583844450868
0000021344_0000021344-25-000011,total_assets,llm,2.4557583844450868
0000021344_0000021344-25-000011,total_assets,llm,2.4557583844450868
0000021344_0000021344-25-000011,stockholders_equity,llm,2.4557583844450868
0000021344_0000021344-25-000011,stockholders_equity,llm,2.4557583844450868
0000021344_0000021344-25-000011,stockholders_equity,llm,2.4557583844450868
0000021344_0000021344-25-000011,cash_and_equivalents,llm,2.4557583844450868
0000021344_0000021344-25-000011,cash_and_equivalents,llm,2.4557583844450868
0000021344_0000021344-25-000011,cash_and_equivalents,llm,2.4557583844450868
0000021344_0000021344-25-000011,operating_cash_flow,llm,2.4557583844450868
0000021344_0000021344-25-000011,operating_cash_flow,llm,2.4557583844450868
0000021344_0000021344-25-000011,operating_cash_flow,llm,2.4557583844450868
0000050863_0000050863-20-000011,revenue,llm,1.7401964351124155
0000050863_0000050863-20-000011,revenue,llm,1.7401964351124155
0000050863_0000050863-20-000011,revenue,llm,1.7401964351124155
0000050863_0000050863-20-000011,operating_income,llm,1.7401964351124155
0000050863_0000050863-20-000011,operating_income,llm,1.7401964351124155
0000050863_0000050863-20-000011,operating_income,llm,1.7401964351124155
0000050863_0000050863-20-000011,net_income,llm,1.7401964351124155
0000050863_0000050863-20-000011,net_income,llm,1.7401964351124155
0000050863_0000050863-20-000011,net_income,llm,1.7401964351124155
0000050863_0000050863-20-000011,eps_diluted,llm,1.7401964351124155
0000050863_0000050863-20-000011,eps_diluted,llm,1.7401964351124155
0000050863_0000050863-20-000011,eps_diluted,llm,1.7401964351124155
0000050863_0000050863-20-000011,total_assets,llm,1.7401964351124155
0000050863_0000050863-20-000011,total_assets,llm,1.7401964351124155
0000050863_0000050863-20-000011,total_assets,llm,1.7401964351124155
0000050863_0000050863-20-000011,stockholders_equity,llm,1.7401964351124155
0000050863_0000050863-20-000011,stockholders_equity,llm,1.7401964351124155
0000050863_0000050863-20-000011,stockholders_equity,llm,1.7401964351124155
0000050863_0000050863-20-000011,cash_and_equivalents,llm,1.7401964351124155
0000050863_0000050863-20-000011,cash_and_equivalents,llm,1.7401964351124155
0000050863_0000050863-20-000011,cash_and_equivalents,llm,1.7401964351124155
0000050863_0000050863-20-000011,operating_cash_flow,llm,1.7401964351124155
0000050863_0000050863-20-000011,operating_cash_flow,llm,1.7401964351124155
0000050863_0000050863-20-000011,operating_cash_flow,llm,1.7401964351124155
0000050863_0000050863-21-000010,revenue,llm,1.8911945509995953
0000050863_0000050863-21-000010,revenue,llm,1.8911945509995953
0000050863_0000050863-21-000010,revenue,llm,1.8911945509995953
0000050863_0000050863-21-000010,operating_income,llm,1.8911945509995953
0000050863_0000050863-21-000010,operating_income,llm,1.8911945509995953
0000050863_0000050863-21-000010,operating_income,llm,1.8911945509995953
0000050863_0000050863-21-000010,net_income,llm,1.8911945509995953
0000050863_0000050863-21-000010,net_income,llm,1.8911945509995953
0000050863_0000050863-21-000010,net_income,llm,1.8911945509995953
0000050863_0000050863-21-000010,eps_diluted,llm,1.8911945509995953
0000050863_0000050863-21-000010,eps_diluted,llm,1.8911945509995953
0000050863_0000050863-21-000010,eps_diluted,llm,1.8911945509995953
0000050863_0000050863-21-000010,total_assets,llm,1.8911945509995953
0000050863_0000050863-21-000010,total_assets,llm,1.8911945509995953
0000050863_0000050863-21-000010,total_assets,llm,1.8911945509995953
0000050863_0000050863-21-000010,stockholders_equity,llm,1.8911945509995953
0000050863_0000050863-21-000010,stockholders_equity,llm,1.8911945509995953
0000050863_0000050863-21-000010,stockholders_equity,llm,1.8911945509995953
0000050863_0000050863-21-000010,cash_and_equivalents,llm,1.8911945509995953
0000050863_0000050863-21-000010,cash_and_equivalents,llm,1.8911945509995953
0000050863_0000050863-21-000010,cash_and_equivalents,llm,1.8911945509995953
0000050863_0000050863-21-000010,operating_cash_flow,llm,1.8911945509995953
0000050863_0000050863-21-000010,operating_cash_flow,llm,1.8911945509995953
0000050863_0000050863-21-000010,operating_cash_flow,llm,1.8911945509995953
0000050863_0000050863-22-000007,revenue,llm,1.7444478285550657
0000050863_0000050863-22-000007,revenue,llm,1.7444478285550657
0000050863_0000050863-22-000007,revenue,llm,1.7444478285550657
0000050863_0000050863-22-000007,operating_income,llm,1.7444478285550657
0000050863_0000050863-22-000007,operating_income,llm,1.7444478285550657
0000050863_0000050863-22-000007,operating_income,llm,1.7444478285550657
0000050863_0000050863-22-000007,net_income,llm,1.7444478285550657
0000050863_0000050863-22-000007,net_income,llm,1.7444478285550657
0000050863_0000050863-22-000007,net_income,llm,1.7444478285550657
0000050863_0000050863-22-000007,eps_diluted,llm,1.7444478285550657
0000050863_0000050863-22-000007,eps_diluted,llm,1.7444478285550657
0000050863_0000050863-22-000007,eps_diluted,llm,1.7444478285550657
0000050863_0000050863-22-000007,total_assets,llm,1.7444478285550657
0000050863_0000050863-22-000007,total_assets,llm,1.7444478285550657
0000050863_0000050863-22-000007,total_assets,llm,1.7444478285550657
0000050863_0000050863-22-000007,stockholders_equity,llm,1.7444478285550657
0000050863_0000050863-22-000007,stockholders_equity,llm,1.7444478285550657
0000050863_0000050863-22-000007,stockholders_equity,llm,1.7444478285550657
0000050863_0000050863-22-000007,cash_and_equivalents,llm,1.7444478285550657
0000050863_0000050863-22-000007,cash_and_equivalents,llm,1.7444478285550657
0000050863_0000050863-22-000007,cash_and_equivalents,llm,1.7444478285550657
0000050863_0000050863-22-000007,operating_cash_flow,llm,1.7444478285550657
0000050863_0000050863-22-000007,operating_cash_flow,llm,1.7444478285550657
0000050863_0000050863-22-000007,operating_cash_flow,llm,1.7444478285550657
0000050863_0000050863-23-000006,revenue,llm,1.7974284074427689
0000050863_0000050863-23-000006,revenue,llm,1.7974284074427689
0000050863_0000050863-23-000006,revenue,llm,1.7974284074427689
0000050863_0000050863-23-000006,operating_income,llm,1.7974284074427689
0000050863_0000050863-23-000006,operating_income,llm,1.7974284074427689
0000050863_0000050863-23-000006,operating_income,llm,1.7974284074427689
0000050863_0000050863-23-000006,net_income,llm,1.7974284074427689
0000050863_0000050863-23-000006,net_income,llm,1.7974284074427689
0000050863_0000050863-23-000006,net_income,llm,1.7974284074427689
0000050863_0000050863-23-000006,eps_diluted,llm,1.7974284074427689
0000050863_0000050863-23-000006,eps_diluted,llm,1.7974284074427689
0000050863_0000050863-23-000006,eps_diluted,llm,1.7974284074427689
0000050863_0000050863-23-000006,total_assets,llm,1.7974284074427689
0000050863_0000050863-23-000006,total_assets,llm,1.7974284074427689
0000050863_0000050863-23-000006,total_assets,llm,1.7974284074427689
0000050863_0000050863-23-000006,stockholders_equity,llm,1.7974284074427689
0000050863_0000050863-23-000006,stockholders_equity,llm,1.7974284074427689
0000050863_0000050863-23-000006,stockholders_equity,llm,1.7974284074427689
0000050863_0000050863-23-000006,cash_and_equivalents,llm,1.7974284074427689
0000050863_0000050863-23-000006,cash_and_equivalents,llm,1.7974284074427689
0000050863_0000050863-23-000006,cash_and_equivalents,llm,1.7974284074427689
0000050863_0000050863-23-000006,operating_cash_flow,llm,1.7974284074427689
0000050863_0000050863-23-000006,operating_cash_flow,llm,1.7974284074427689
0000050863_0000050863-23-000006,operating_cash_flow,llm,1.7974284074427689
0000050863_0000050863-24-000010,revenue,llm,1.832173810112484
0000050863_0000050863-24-000010,revenue,llm,1.832173810112484
0000050863_0000050863-24-000010,revenue,llm,1.832173810112484
0000050863_0000050863-24-000010,operating_income,llm,1.832173810112484
0000050863_0000050863-24-000010,operating_income,llm,1.832173810112484
0000050863_0000050863-24-000010,operating_income,llm,1.832173810112484
0000050863_0000050863-24-000010,net_income,llm,1.832173810112484
0000050863_0000050863-24-000010,net_income,llm,1.832173810112484
0000050863_0000050863-24-000010,net_income,llm,1.832173810112484
0000050863_0000050863-24-000010,eps_diluted,llm,1.832173810112484
0000050863_0000050863-24-000010,eps_diluted,llm,1.832173810112484
0000050863_0000050863-24-000010,eps_diluted,llm,1.832173810112484
0000050863_0000050863-24-000010,total_assets,llm,1.832173810112484
0000050863_0000050863-24-000010,total_assets,llm,1.832173810112484
0000050863_0000050863-24-000010,total_assets,llm,1.832173810112484
0000050863_0000050863-24-000010,stockholders_equity,llm,1.832173810112484
0000050863_0000050863-24-000010,stockholders_equity,llm,1.832173810112484
0000050863_0000050863-24-000010,stockholders_equity,llm,1.832173810112484
0000050863_0000050863-24-000010,cash_and_equivalents,llm,1.832173810112484
0000050863_0000050863-24-000010,cash_and_equivalents,llm,1.832173810112484
0000050863_0000050863-24-000010,cash_and_equivalents,llm,1.832173810112484
0000050863_0000050863-24-000010,operating_cash_flow,llm,1.832173810112484
0000050863_0000050863-24-000010,operating_cash_flow,llm,1.832173810112484
0000050863_0000050863-24-000010,operating_cash_flow,llm,1.832173810112484
0000050863_0000050863-25-000009,revenue,llm,1.7888354770014607
0000050863_0000050863-25-000009,revenue,llm,1.7888354770014607
0000050863_0000050863-25-000009,revenue,llm,1.7888354770014607
0000050863_0000050863-25-000009,operating_income,llm,1.7888354770014607
0000050863_0000050863-25-000009,operating_income,llm,1.7888354770014607
0000050863_0000050863-25-000009,operating_income,llm,1.7888354770014607
0000050863_0000050863-25-000009,net_income,llm,1.7888354770014607
0000050863_0000050863-25-000009,net_income,llm,1.7888354770014607
0000050863_0000050863-25-000009,net_income,llm,1.7888354770014607
0000050863_0000050863-25-000009,eps_diluted,llm,1.7888354770014607
0000050863_0000050863-25-000009,eps_diluted,llm,1.7888354770014607
0000050863_0000050863-25-000009,eps_diluted,llm,1.7888354770014607
0000050863_0000050863-25-000009,total_assets,llm,1.7888354770014607
0000050863_0000050863-25-000009,total_assets,llm,1.7888354770014607
0000050863_0000050863-25-000009,total_assets,llm,1.7888354770014607
0000050863_0000050863-25-000009,stockholders_equity,llm,1.7888354770014607
0000050863_0000050863-25-000009,stockholders_equity,llm,1.7888354770014607
0000050863_0000050863-25-000009,stockholders_equity,llm,1.7888354770014607
0000050863_0000050863-25-000009,cash_and_equivalents,llm,1.7888354770014607
0000050863_0000050863-25-000009,cash_and_equivalents,llm,1.7888354770014607
0000050863_0000050863-25-000009,cash_and_equivalents,llm,1.7888354770014607
0000050863_0000050863-25-000009,operating_cash_flow,llm,1.7888354770014607
0000050863_0000050863-25-000009,operating_cash_flow,llm,1.7888354770014607
0000050863_0000050863-25-000009,operating_cash_flow,llm,1.7888354770014607
0000066740_0001558370-20-000581,revenue,llm,2.92023987955569
0000066740_0001558370-20-000581,revenue,llm,2.92023987955569
0000066740_0001558370-20-000581,revenue,llm,2.92023987955569
0000066740_0001558370-20-000581,operating_income,llm,2.92023987955569
0000066740_0001558370-20-000581,operating_income,llm,2.92023987955569
0000066740_0001558370-20-000581,operating_income,llm,2.92023987955569
0000066740_0001558370-20-000581,net_income,llm,2.92023987955569
0000066740_0001558370-20-000581,net_income,llm,2.92023987955569
0000066740_0001558370-20-000581,net_income,llm,2.92023987955569
0000066740_0001558370-20-000581,eps_diluted,llm,2.92023987955569
0000066740_0001558370-20-000581,eps_diluted,llm,2.92023987955569
0000066740_0001558370-20-000581,eps_diluted,llm,2.92023987955569
0000066740_0001558370-20-000581,total_assets,llm,2.92023987955569
0000066740_0001558370-20-000581,total_assets,llm,2.92023987955569
0000066740_0001558370-20-000581,total_assets,llm,2.92023987955569
0000066740_0001558370-20-000581,total_liabilities,llm,2.92023987955569
0000066740_0001558370-20-000581,total_liabilities,llm,2.92023987955569
0000066740_0001558370-20-000581,total_liabilities,llm,2.92023987955569
0000066740_0001558370-20-000581,stockholders_equity,llm,2.92023987955569
0000066740_0001558370-20-000581,stockholders_equity,llm,2.92023987955569
0000066740_0001558370-20-000581,stockholders_equity,llm,2.92023987955569
0000066740_0001558370-20-000581,operating_cash_flow,llm,2.92023987955569
0000066740_0001558370-20-000581,operating_cash_flow,llm,2.92023987955569
0000066740_0001558370-20-000581,operating_cash_flow,llm,2.92023987955569
0000066740_0001558370-21-000737,revenue,llm,1.889720236111316
0000066740_0001558370-21-000737,revenue,llm,1.889720236111316
0000066740_0001558370-21-000737,revenue,llm,1.889720236111316
0000066740_0001558370-21-000737,operating_income,llm,1.889720236111316
0000066740_0001558370-21-000737,operating_income,llm,1.889720236111316
0000066740_0001558370-21-000737,operating_income,llm,1.889720236111316
0000066740_0001558370-21-000737,net_income,llm,1.889720236111316
0000066740_0001558370-21-000737,net_income,llm,1.889720236111316
0000066740_0001558370-21-000737,net_income,llm,1.889720236111316
0000066740_0001558370-21-000737,eps_diluted,llm,1.889720236111316
0000066740_0001558370-21-000737,eps_diluted,llm,1.889720236111316
0000066740_0001558370-21-000737,eps_diluted,llm,1.889720236111316
0000066740_0001558370-21-000737,total_assets,llm,1.889720236111316
0000066740_0001558370-21-000737,total_assets,llm,1.889720236111316
0000066740_0001558370-21-000737,total_assets,llm,1.889720236111316
0000066740_0001558370-21-000737,total_liabilities,llm,1.889720236111316
0000066740_0001558370-21-000737,total_liabilities,llm,1.889720236111316
0000066740_0001558370-21-000737,total_liabilities,llm,1.889720236111316
0000066740_0001558370-21-000737,stockholders_equity,llm,1.889720236111316
0000066740_0001558370-21-000737,stockholders_equity,llm,1.889720236111316
0000066740_0001558370-21-000737,stockholders_equity,llm,1.889720236111316
0000066740_0001558370-21-000737,operating_cash_flow,llm,1.889720236111316
0000066740_0001558370-21-000737,operating_cash_flow,llm,1.889720236111316
0000066740_0001558370-21-000737,operating_cash_flow,llm,1.889720236111316
0000066740_0000066740-22-000010,revenue,llm,1.7921697129996677
0000066740_0000066740-22-000010,revenue,llm,1.7921697129996677
0000066740_0000066740-22-000010,revenue,llm,1.7921697129996677
0000066740_0000066740-22-000010,operating_income,llm,1.7921697129996677
0000066740_0000066740-22-000010,operating_income,llm,1.7921697129996677
0000066740_0000066740-22-000010,operating_income,llm,1.7921697129996677
0000066740_0000066740-22-000010,net_income,llm,1.7921697129996677
0000066740_0000066740-22-000010,net_income,llm,1.7921697129996677
0000066740_0000066740-22-000010,net_income,llm,1.7921697129996677
0000066740_0000066740-22-000010,eps_diluted,llm,1.7921697129996677
0000066740_0000066740-22-000010,eps_diluted,llm,1.7921697129996677
0000066740_0000066740-22-000010,eps_diluted,llm,1.7921697129996677
0000066740_0000066740-22-000010,total_assets,llm,1.7921697129996677
0000066740_0000066740-22-000010,total_assets,llm,1.7921697129996677
0000066740_0000066740-22-000010,total_assets,llm,1.7921697129996677
0000066740_0000066740-22-000010,total_liabilities,llm,1.7921697129996677
0000066740_0000066740-22-000010,total_liabilities,llm,1.7921697129996677
0000066740_0000066740-22-000010,total_liabilities,llm,1.7921697129996677
0000066740_0000066740-22-000010,stockholders_equity,llm,1.7921697129996677
0000066740_0000066740-22-000010,stockholders_equity,llm,1.7921697129996677
0000066740_0000066740-22-000010,stockholders_equity,llm,1.7921697129996677
0000066740_0000066740-22-000010,operating_cash_flow,llm,1.7921697129996677
0000066740_0000066740-22-000010,operating_cash_flow,llm,1.7921697129996677
0000066740_0000066740-22-000010,operating_cash_flow,llm,1.7921697129996677
0000066740_0000066740-23-000014,revenue,llm,1.8091008008891043
0000066740_0000066740-23-000014,revenue,llm,1.8091008008891043
0000066740_0000066740-23-000014,revenue,llm,1.8091008008891043
0000066740_0000066740-23-000014,operating_income,llm,1.8091008008891043
0000066740_0000066740-23-000014,operating_income,llm,1.8091008008891043
0000066740_0000066740-23-000014,operating_income,llm,1.8091008008891043
0000066740_0000066740-23-000014,net_income,llm,1.8091008008891043
0000066740_0000066740-23-000014,net_income,llm,1.8091008008891043
0000066740_0000066740-23-000014,net_income,llm,1.8091008008891043
0000066740_0000066740-23-000014,eps_diluted,llm,1.8091008008891043
0000066740_0000066740-23-000014,eps_diluted,llm,1.8091008008891043
0000066740_0000066740-23-000014,eps_diluted,llm,1.8091008008891043
0000066740_0000066740-23-000014,total_assets,llm,1.8091008008891043
0000066740_0000066740-23-000014,total_assets,llm,1.8091008008891043
0000066740_0000066740-23-000014,total_assets,llm,1.8091008008891043
0000066740_0000066740-23-000014,total_liabilities,llm,1.8091008008891043
0000066740_0000066740-23-000014,total_liabilities,llm,1.8091008008891043
0000066740_0000066740-23-000014,total_liabilities,llm,1.8091008008891043
0000066740_0000066740-23-000014,stockholders_equity,llm,1.8091008008891043
0000066740_0000066740-23-000014,stockholders_equity,llm,1.8091008008891043
0000066740_0000066740-23-000014,stockholders_equity,llm,1.8091008008891043
0000066740_0000066740-23-000014,operating_cash_flow,llm,1.8091008008891043
0000066740_0000066740-23-000014,operating_cash_flow,llm,1.8091008008891043
0000066740_0000066740-23-000014,operating_cash_flow,llm,1.8091008008891043
0000066740_0000066740-24-000016,revenue,llm,1.903802115778995
0000066740_0000066740-24-000016,revenue,llm,1.903802115778995
0000066740_0000066740-24-000016,revenue,llm,1.903802115778995
0000066740_0000066740-24-000016,operating_income,llm,1.903802115778995
0000066740_0000066740-24-000016,operating_income,llm,1.903802115778995
0000066740_0000066740-24-000016,operating_income,llm,1.903802115778995
0000066740_0000066740-24-000016,net_income,llm,1.903802115778995
0000066740_0000066740-24-000016,net_income,llm,1.903802115778995
0000066740_0000066740-24-000016,net_income,llm,1.903802115778995
0000066740_0000066740-24-000016,eps_diluted,llm,1.903802115778995
0000066740_0000066740-24-000016,eps_diluted,llm,1.903802115778995
0000066740_0000066740-24-000016,eps_diluted,llm,1.903802115778995
0000066740_0000066740-24-000016,total_assets,llm,1.903802115778995
0000066740_0000066740-24-000016,total_assets,llm,1.903802115778995
0000066740_0000066740-24-000016,total_assets,llm,1.903802115778995
0000066740_0000066740-24-000016,total_liabilities,llm,1.903802115778995
0000066740_0000066740-24-000016,total_liabilities,llm,1.903802115778995
0000066740_0000066740-24-000016,total_liabilities,llm,1.903802115778995
0000066740_0000066740-24-000016,stockholders_equity,llm,1.903802115778995
0000066740_0000066740-24-000016,stockholders_equity,llm,1.903802115778995
0000066740_0000066740-24-000016,stockholders_equity,llm,1.903802115778995
0000066740_0000066740-24-000016,cash_and_equivalents,llm,1.903802115778995
0000066740_0000066740-24-000016,cash_and_equivalents,llm,1.903802115778995
0000066740_0000066740-24-000016,cash_and_equivalents,llm,1.903802115778995
0000066740_0000066740-24-000016,operating_cash_flow,llm,1.903802115778995
0000066740_0000066740-24-000016,operating_cash_flow,llm,1.903802115778995
0000066740_0000066740-24-000016,operating_cash_flow,llm,1.903802115778995
0000066740_0000066740-25-000006,revenue,llm,1.9287566620025447
0000066740_0000066740-25-000006,revenue,llm,1.9287566620025447
0000066740_0000066740-25-000006,revenue,llm,1.9287566620025447
0000066740_0000066740-25-000006,operating_income,llm,1.9287566620025447
0000066740_0000066740-25-000006,operating_income,llm,1.9287566620025447
0000066740_0000066740-25-000006,operating_income,llm,1.9287566620025447
0000066740_0000066740-25-000006,net_income,llm,1.9287566620025447
0000066740_0000066740-25-000006,net_income,llm,1.9287566620025447
0000066740_0000066740-25-000006,net_income,llm,1.9287566620025447
0000066740_0000066740-25-000006,eps_diluted,llm,1.9287566620025447
0000066740_0000066740-25-000006,eps_diluted,llm,1.9287566620025447
0000066740_0000066740-25-000006,eps_diluted,llm,1.9287566620025447
0000066740_0000066740-25-000006,total_assets,llm,1.9287566620025447
0000066740_0000066740-25-000006,total_assets,llm,1.9287566620025447
0000066740_0000066740-25-000006,total_assets,llm,1.9287566620025447
0000066740_0000066740-25-000006,total_liabilities,llm,1.9287566620025447
0000066740_0000066740-25-000006,total_liabilities,llm,1.9287566620025447
0000066740_0000066740-25-000006,total_liabilities,llm,1.9287566620025447
0000066740_0000066740-25-000006,stockholders_equity,llm,1.9287566620025447
0000066740_0000066740-25-000006,stockholders_equity,llm,1.9287566620025447
0000066740_0000066740-25-000006,stockholders_equity,llm,1.9287566620025447
0000066740_0000066740-25-000006,cash_and_equivalents,llm,1.9287566620025447
0000066740_0000066740-25-000006,cash_and_equivalents,llm,1.9287566620025447
0000066740_0000066740-25-000006,cash_and_equivalents,llm,1.9287566620025447
0000066740_0000066740-25-000006,operating_cash_flow,llm,1.9287566620025447
0000066740_0000066740-25-000006,operating_cash_flow,llm,1.9287566620025447
0000066740_0000066740-25-000006,operating_cash_flow,llm,1.9287566620025447
0000077476_0000077476-20-000015,revenue,llm,1.7338397499988787
0000077476_0000077476-20-000015,revenue,llm,1.7338397499988787
0000077476_0000077476-20-000015,revenue,llm,1.7338397499988787
0000077476_0000077476-20-000015,operating_income,llm,1.7338397499988787
0000077476_0000077476-20-000015,operating_income,llm,1.7338397499988787
0000077476_0000077476-20-000015,operating_income,llm,1.7338397499988787
0000077476_0000077476-20-000015,net_income,llm,1.7338397499988787
0000077476_0000077476-20-000015,net_income,llm,1.7338397499988787
0000077476_0000077476-20-000015,net_income,llm,1.7338397499988787
0000077476_0000077476-20-000015,eps_diluted,llm,1.7338397499988787
0000077476_0000077476-20-000015,eps_diluted,llm,1.7338397499988787
0000077476_0000077476-20-000015,eps_diluted,llm,1.7338397499988787
0000077476_0000077476-20-000015,total_assets,llm,1.7338397499988787
0000077476_0000077476-20-000015,total_assets,llm,1.7338397499988787
0000077476_0000077476-20-000015,total_assets,llm,1.7338397499988787
0000077476_0000077476-20-000015,total_liabilities,llm,1.7338397499988787
0000077476_0000077476-20-000015,total_liabilities,llm,1.7338397499988787
0000077476_0000077476-20-000015,total_liabilities,llm,1.7338397499988787
0000077476_0000077476-20-000015,stockholders_equity,llm,1.7338397499988787
0000077476_0000077476-20-000015,stockholders_equity,llm,1.7338397499988787
0000077476_0000077476-20-000015,stockholders_equity,llm,1.7338397499988787
0000077476_0000077476-20-000015,cash_and_equivalents,llm,1.7338397499988787
0000077476_0000077476-20-000015,cash_and_equivalents,llm,1.7338397499988787
0000077476_0000077476-20-000015,cash_and_equivalents,llm,1.7338397499988787
0000077476_0000077476-20-000015,operating_cash_flow,llm,1.7338397499988787
0000077476_0000077476-20-000015,operating_cash_flow,llm,1.7338397499988787
0000077476_0000077476-20-000015,operating_cash_flow,llm,1.7338397499988787
0000077476_0000077476-21-000007,revenue,llm,1.7825478010005704
0000077476_0000077476-21-000007,revenue,llm,1.7825478010005704
0000077476_0000077476-21-000007,revenue,llm,1.7825478010005704
0000077476_0000077476-21-000007,operating_income,llm,1.7825478010005704
0000077476_0000077476-21-000007,operating_income,llm,1.7825478010005704
0000077476_0000077476-21-000007,operating_income,llm,1.7825478010005704
0000077476_0000077476-21-000007,net_income,llm,1.7825478010005704
0000077476_0000077476-21-000007,net_income,llm,1.7825478010005704
0000077476_0000077476-21-000007,net_income,llm,1.7825478010005704
0000077476_0000077476-21-000007,eps_diluted,llm,1.7825478010005704
0000077476_0000077476-21-000007,eps_diluted,llm,1.7825478010005704
0000077476_0000077476-21-000007,eps_diluted,llm,1.7825478010005704
0000077476_0000077476-21-000007,total_assets,llm,1.7825478010005704
0000077476_0000077476-21-000007,total_assets,llm,1.7825478010005704
0000077476_0000077476-21-000007,total_assets,llm,1.7825478010005704
0000077476_0000077476-21-000007,total_liabilities,llm,1.7825478010005704
0000077476_0000077476-21-000007,total_liabilities,llm,1.7825478010005704
0000077476_0000077476-21-000007,total_liabilities,llm,1.7825478010005704
0000077476_0000077476-21-000007,stockholders_equity,llm,1.7825478010005704
0000077476_0000077476-21-000007,stockholders_equity,llm,1.7825478010005704
0000077476_0000077476-21-000007,stockholders_equity,llm,1.7825478010005704
0000077476_0000077476-21-000007,cash_and_equivalents,llm,1.7825478010005704
0000077476_0000077476-21-000007,cash_and_equivalents,llm,1.7825478010005704
0000077476_0000077476-21-000007,cash_and_equivalents,llm,1.7825478010005704
0000077476_0000077476-21-000007,operating_cash_flow,llm,1.7825478010005704
0000077476_0000077476-21-000007,operating_cash_flow,llm,1.7825478010005704
0000077476_0000077476-21-000007,operating_cash_flow,llm,1.7825478010005704
0000077476_0000077476-22-000010,revenue,llm,1.625100800888807
0000077476_0000077476-22-000010,revenue,llm,1.625100800888807
0000077476_0000077476-22-000010,revenue,llm,1.625100800888807
0000077476_0000077476-22-000010,operating_income,llm,1.625100800888807
0000077476_0000077476-22-000010,operating_income,llm,1.625100800888807
0000077476_0000077476-22-000010,operating_income,llm,1.625100800888807
0000077476_0000077476-22-000010,net_income,llm,1.625100800888807
0000077476_0000077476-22-000010,net_income,llm,1.625100800888807
0000077476_0000077476-22-000010,net_income,llm,1.625100800888807
0000077476_0000077476-22-000010,eps_diluted,llm,1.625100800888807
0000077476_0000077476-22-000010,eps_diluted,llm,1.625100800888807
0000077476_0000077476-22-000010,eps_diluted,llm,1.625100800888807
0000077476_0000077476-22-000010,total_assets,llm,1.625100800888807
0000077476_0000077476-22-000010,total_assets,llm,1.625100800888807
0000077476_0000077476-22-000010,total_assets,llm,1.625100800888807
0000077476_0000077476-22-000010,total_liabilities,llm,1.625100800888807
0000077476_0000077476-22-000010,total_liabilities,llm,1.625100800888807
0000077476_0000077476-22-000010,total_liabilities,llm,1.625100800888807
0000077476_0000077476-22-000010,stockholders_equity,llm,1.625100800888807
0000077476_0000077476-22-000010,stockholders_equity,llm,1.625100800888807
0000077476_0000077476-22-000010,stockholders_equity,llm,1.625100800888807
0000077476_0000077476-22-000010,cash_and_equivalents,llm,1.625100800888807
0000077476_0000077476-22-000010,cash_and_equivalents,llm,1.625100800888807
0000077476_0000077476-22-000010,cash_and_equivalents,llm,1.625100800888807
0000077476_0000077476-22-000010,operating_cash_flow,llm,1.625100800888807
0000077476_0000077476-22-000010,operating_cash_flow,llm,1.625100800888807
0000077476_0000077476-22-000010,operating_cash_flow,llm,1.625100800888807
0000077476_0000077476-23-000007,revenue,llm,1.7230806250008754
0000077476_0000077476-23-000007,revenue,llm,1.7230806250008754
0000077476_0000077476-23-000007,revenue,llm,1.7230806250008754
0000077476_0000077476-23-000007,operating_income,llm,1.7230806250008754
0000077476_0000077476-23-000007,operating_income,llm,1.7230806250008754
0000077476_0000077476-23-000007,operating_income,llm,1.7230806250008754
0000077476_0000077476-23-000007,net_income,llm,1.7230806250008754
0000077476_0000077476-23-000007,net_income,llm,1.7230806250008754
0000077476_0000077476-23-000007,net_income,llm,1.7230806250008754
0000077476_0000077476-23-000007,eps_diluted,llm,1.7230806250008754
0000077476_0000077476-23-000007,eps_diluted,llm,1.7230806250008754
0000077476_0000077476-23-000007,eps_diluted,llm,1.7230806250008754
0000077476_0000077476-23-000007,total_assets,llm,1.7230806250008754
0000077476_0000077476-23-000007,total_assets,llm,1.7230806250008754
0000077476_0000077476-23-000007,total_assets,llm,1.7230806250008754
0000077476_0000077476-23-000007,total_liabilities,llm,1.7230806250008754
0000077476_0000077476-23-000007,total_liabilities,llm,1.7230806250008754
0000077476_0000077476-23-000007,total_liabilities,llm,1.7230806250008754
0000077476_0000077476-23-000007,stockholders_equity,llm,1.7230806250008754
0000077476_0000077476-23-000007,stockholders_equity,llm,1.7230806250008754
0000077476_0000077476-23-000007,stockholders_equity,llm,1.7230806250008754
0000077476_0000077476-23-000007,cash_and_equivalents,llm,1.7230806250008754
0000077476_0000077476-23-000007,cash_and_equivalents,llm,1.7230806250008754
0000077476_0000077476-23-000007,cash_and_equivalents,llm,1.7230806250008754
0000077476_0000077476-23-000007,operating_cash_flow,llm,1.7230806250008754
0000077476_0000077476-23-000007,operating_cash_flow,llm,1.7230806250008754
0000077476_0000077476-23-000007,operating_cash_flow,llm,1.7230806250008754
0000077476_0000077476-24-000008,revenue,llm,1.780980893444697
0000077476_0000077476-24-000008,revenue,llm,1.780980893444697
0000077476_0000077476-24-000008,revenue,llm,1.780980893444697
0000077476_0000077476-24-000008,operating_income,llm,1.780980893444697
0000077476_0000077476-24-000008,operating_income,llm,1.780980893444697
0000077476_0000077476-24-000008,operating_income,llm,1.780980893444697
0000077476_0000077476-24-000008,net_income,llm,1.780980893444697
0000077476_0000077476-24-000008,net_income,llm,1.780980893444697
0000077476_0000077476-24-000008,net_income,llm,1.780980893444697
0000077476_0000077476-24-000008,eps_diluted,llm,1.780980893444697
0000077476_0000077476-24-000008,eps_diluted,llm,1.780980893444697
0000077476_0000077476-24-000008,eps_diluted,llm,1.780980893444697
0000077476_0000077476-24-000008,total_assets,llm,1.780980893444697
0000077476_0000077476-24-000008,total_assets,llm,1.780980893444697
0000077476_0000077476-24-000008,total_assets,llm,1.780980893444697
0000077476_0000077476-24-000008,total_liabilities,llm,1.780980893444697
0000077476_0000077476-24-000008,total_liabilities,llm,1.780980893444697
0000077476_0000077476-24-000008,total_liabilities,llm,1.780980893444697
0000077476_0000077476-24-000008,stockholders_equity,llm,1.780980893444697
0000077476_0000077476-24-000008,stockholders_equity,llm,1.780980893444697
0000077476_0000077476-24-000008,stockholders_equity,llm,1.780980893444697
0000077476_0000077476-24-000008,cash_and_equivalents,llm,1.780980893444697
0000077476_0000077476-24-000008,cash_and_equivalents,llm,1.780980893444697
0000077476_0000077476-24-000008,cash_and_equivalents,llm,1.780980893444697
0000077476_0000077476-24-000008,operating_cash_flow,llm,1.780980893444697
0000077476_0000077476-24-000008,operating_cash_flow,llm,1.780980893444697
0000077476_0000077476-24-000008,operating_cash_flow,llm,1.780980893444697
0000077476_0000077476-25-000007,revenue,llm,1.7631235277771742
0000077476_0000077476-25-000007,revenue,llm,1.7631235277771742
0000077476_0000077476-25-000007,revenue,llm,1.7631235277771742
0000077476_0000077476-25-000007,operating_income,llm,1.7631235277771742
0000077476_0000077476-25-000007,operating_income,llm,1.7631235277771742
0000077476_0000077476-25-000007,operating_income,llm,1.7631235277771742
0000077476_0000077476-25-000007,net_income,llm,1.7631235277771742
0000077476_0000077476-25-000007,net_income,llm,1.7631235277771742
0000077476_0000077476-25-000007,net_income,llm,1.7631235277771742
0000077476_0000077476-25-000007,eps_diluted,llm,1.7631235277771742
0000077476_0000077476-25-000007,eps_diluted,llm,1.7631235277771742
0000077476_0000077476-25-000007,eps_diluted,llm,1.7631235277771742
0000077476_0000077476-25-000007,total_assets,llm,1.7631235277771742
0000077476_0000077476-25-000007,total_assets,llm,1.7631235277771742
0000077476_0000077476-25-000007,total_assets,llm,1.7631235277771742
0000077476_0000077476-25-000007,total_liabilities,llm,1.7631235277771742
0000077476_0000077476-25-000007,total_liabilities,llm,1.7631235277771742
0000077476_0000077476-25-000007,total_liabilities,llm,1.7631235277771742
0000077476_0000077476-25-000007,stockholders_equity,llm,1.7631235277771742
0000077476_0000077476-25-000007,stockholders_equity,llm,1.7631235277771742
0000077476_0000077476-25-000007,stockholders_equity,llm,1.7631235277771742
0000077476_0000077476-25-000007,cash_and_equivalents,llm,1.7631235277771742
0000077476_0000077476-25-000007,cash_and_equivalents,llm,1.7631235277771742
0000077476_0000077476-25-000007,cash_and_equivalents,llm,1.7631235277771742
0000077476_0000077476-25-000007,operating_cash_flow,llm,1.7631235277771742
0000077476_0000077476-25-000007,operating_cash_flow,llm,1.7631235277771742
0000077476_0000077476-25-000007,operating_cash_flow,llm,1.7631235277771742
0000078003_0000078003-20-000014,revenue,llm,1.4763620463345433
0000078003_0000078003-20-000014,revenue,llm,1.4763620463345433
0000078003_0000078003-20-000014,revenue,llm,1.4763620463345433
0000078003_0000078003-20-000014,net_income,llm,1.4763620463345433
0000078003_0000078003-20-000014,net_income,llm,1.4763620463345433
0000078003_0000078003-20-000014,net_income,llm,1.4763620463345433
0000078003_0000078003-20-000014,eps_diluted,llm,1.4763620463345433
0000078003_0000078003-20-000014,eps_diluted,llm,1.4763620463345433
0000078003_0000078003-20-000014,eps_diluted,llm,1.4763620463345433
0000078003_0000078003-20-000014,total_assets,llm,1.4763620463345433
0000078003_0000078003-20-000014,total_assets,llm,1.4763620463345433
0000078003_0000078003-20-000014,total_assets,llm,1.4763620463345433
0000078003_0000078003-20-000014,total_liabilities,llm,1.4763620463345433
0000078003_0000078003-20-000014,total_liabilities,llm,1.4763620463345433
0000078003_0000078003-20-000014,total_liabilities,llm,1.4763620463345433
0000078003_0000078003-20-000014,stockholders_equity,llm,1.4763620463345433
0000078003_0000078003-20-000014,stockholders_equity,llm,1.4763620463345433
0000078003_0000078003-20-000014,stockholders_equity,llm,1.4763620463345433
0000078003_0000078003-20-000014,cash_and_equivalents,llm,1.4763620463345433
0000078003_0000078003-20-000014,cash_and_equivalents,llm,1.4763620463345433
0000078003_0000078003-20-000014,cash_and_equivalents,llm,1.4763620463345433
0000078003_0000078003-20-000014,operating_cash_flow,llm,1.4763620463345433
0000078003_0000078003-20-000014,operating_cash_flow,llm,1.4763620463345433
0000078003_0000078003-20-000014,operating_cash_flow,llm,1.4763620463345433
0000078003_0000078003-21-000038,revenue,llm,2.0156796898890104
0000078003_0000078003-21-000038,revenue,llm,2.0156796898890104
0000078003_0000078003-21-000038,revenue,llm,2.0156796898890104
0000078003_0000078003-21-000038,net_income,llm,2.0156796898890104
0000078003_0000078003-21-000038,net_income,llm,2.0156796898890104
0000078003_0000078003-21-000038,net_income,llm,2.0156796898890104
0000078003_0000078003-21-000038,eps_diluted,llm,2.0156796898890104
0000078003_0000078003-21-000038,eps_diluted,llm,2.0156796898890104
0000078003_0000078003-21-000038,eps_diluted,llm,2.0156796898890104
0000078003_0000078003-21-000038,total_assets,llm,2.0156796898890104
0000078003_0000078003-21-000038,total_assets,llm,2.0156796898890104
0000078003_0000078003-21-000038,total_assets,llm,2.0156796898890104
0000078003_0000078003-21-000038,total_liabilities,llm,2.0156796898890104
0000078003_0000078003-21-000038,total_liabilities,llm,2.0156796898890104
0000078003_0000078003-21-000038,total_liabilities,llm,2.0156796898890104
0000078003_0000078003-21-000038,stockholders_equity,llm,2.0156796898890104
0000078003_0000078003-21-000038,stockholders_equity,llm,2.0156796898890104
0000078003_0000078003-21-000038,stockholders_equity,llm,2.0156796898890104
0000078003_0000078003-21-000038,cash_and_equivalents,llm,2.0156796898890104
0000078003_0000078003-21-000038,cash_and_equivalents,llm,2.0156796898890104
0000078003_0000078003-21-000038,cash_and_equivalents,llm,2.0156796898890104
0000078003_0000078003-21-000038,operating_cash_flow,llm,2.0156796898890104
0000078003_0000078003-21-000038,operating_cash_flow,llm,2.0156796898890104
0000078003_0000078003-21-000038,operating_cash_flow,llm,2.0156796898890104
0000078003_0000078003-22-000027,revenue,llm,2.4904756574445246
0000078003_0000078003-22-000027,revenue,llm,2.4904756574445246
0000078003_0000078003-22-000027,revenue,llm,2.4904756574445246
0000078003_0000078003-22-000027,net_income,llm,2.4904756574445246
0000078003_0000078003-22-000027,net_income,llm,2.4904756574445246
0000078003_0000078003-22-000027,net_income,llm,2.4904756574445246
0000078003_0000078003-22-000027,eps_diluted,llm,2.4904756574445246
0000078003_0000078003-22-000027,eps_diluted,llm,2.4904756574445246
0000078003_0000078003-22-000027,eps_diluted,llm,2.4904756574445246
0000078003_0000078003-22-000027,total_assets,llm,2.4904756574445246
0000078003_0000078003-22-000027,total_assets,llm,2.4904756574445246
0000078003_0000078003-22-000027,total_assets,llm,2.4904756574445246
0000078003_0000078003-22-000027,total_liabilities,llm,2.4904756574445246
0000078003_0000078003-22-000027,total_liabilities,llm,2.4904756574445246
0000078003_0000078003-22-000027,total_liabilities,llm,2.4904756574445246
0000078003_0000078003-22-000027,stockholders_equity,llm,2.4904756574445246
0000078003_0000078003-22-000027,stockholders_equity,llm,2.4904756574445246
0000078003_0000078003-22-000027,stockholders_equity,llm,2.4904756574445246
0000078003_0000078003-22-000027,cash_and_equivalents,llm,2.4904756574445246
0000078003_0000078003-22-000027,cash_and_equivalents,llm,2.4904756574445246
0000078003_0000078003-22-000027,cash_and_equivalents,llm,2.4904756574445246
0000078003_0000078003-22-000027,operating_cash_flow,llm,2.4904756574445246
0000078003_0000078003-22-000027,operating_cash_flow,llm,2.4904756574445246
0000078003_0000078003-22-000027,operating_cash_flow,llm,2.4904756574445246
0000078003_0000078003-23-000024,revenue,llm,1.8650866806694668
0000078003_0000078003-23-000024,revenue,llm,1.8650866806694668
0000078003_0000078003-23-000024,revenue,llm,1.8650866806694668
0000078003_0000078003-23-000024,net_income,llm,1.8650866806694668
0000078003_0000078003-23-000024,net_income,llm,1.8650866806694668
0000078003_0000078003-23-000024,net_income,llm,1.8650866806694668
0000078003_0000078003-23-000024,eps_diluted,llm,1.8650866806694668
0000078003_0000078003-23-000024,eps_diluted,llm,1.8650866806694668
0000078003_0000078003-23-000024,eps_diluted,llm,1.8650866806694668
0000078003_0000078003-23-000024,total_assets,llm,1.8650866806694668
0000078003_0000078003-23-000024,total_assets,llm,1.8650866806694668
0000078003_0000078003-23-000024,total_assets,llm,1.8650866806694668
0000078003_0000078003-23-000024,total_liabilities,llm,1.8650866806694668
0000078003_0000078003-23-000024,total_liabilities,llm,1.8650866806694668
0000078003_0000078003-23-000024,total_liabilities,llm,1.8650866806694668
0000078003_0000078003-23-000024,stockholders_equity,llm,1.8650866806694668
0000078003_0000078003-23-000024,stockholders_equity,llm,1.8650866806694668
0000078003_0000078003-23-000024,stockholders_equity,llm,1.8650866806694668
0000078003_0000078003-23-000024,cash_and_equivalents,llm,1.8650866806694668
0000078003_0000078003-23-000024,cash_and_equivalents,llm,1.8650866806694668
0000078003_0000078003-23-000024,cash_and_equivalents,llm,1.8650866806694668
0000078003_0000078003-23-000024,operating_cash_flow,llm,1.8650866806694668
0000078003_0000078003-23-000024,operating_cash_flow,llm,1.8650866806694668
0000078003_0000078003-23-000024,operating_cash_flow,llm,1.8650866806694668
0000078003_0000078003-24-000039,revenue,llm,1.991485921334566
0000078003_0000078003-24-000039,revenue,llm,1.991485921334566
0000078003_0000078003-24-000039,revenue,llm,1.991485921334566
0000078003_0000078003-24-000039,net_income,llm,1.991485921334566
0000078003_0000078003-24-000039,net_income,llm,1.991485921334566
0000078003_0000078003-24-000039,net_income,llm,1.991485921334566
0000078003_0000078003-24-000039,eps_diluted,llm,1.991485921334566
0000078003_0000078003-24-000039,eps_diluted,llm,1.991485921334566
0000078003_0000078003-24-000039,eps_diluted,llm,1.991485921334566
0000078003_0000078003-24-000039,total_assets,llm,1.991485921334566
0000078003_0000078003-24-000039,total_assets,llm,1.991485921334566
0000078003_0000078003-24-000039,total_assets,llm,1.991485921334566
0000078003_0000078003-24-000039,total_liabilities,llm,1.991485921334566
0000078003_0000078003-24-000039,total_liabilities,llm,1.991485921334566
0000078003_0000078003-24-000039,total_liabilities,llm,1.991485921334566
0000078003_0000078003-24-000039,stockholders_equity,llm,1.991485921334566
0000078003_0000078003-24-000039,stockholders_equity,llm,1.991485921334566
0000078003_0000078003-24-000039,stockholders_equity,llm,1.991485921334566
0000078003_0000078003-24-000039,cash_and_equivalents,llm,1.991485921334566
0000078003_0000078003-24-000039,cash_and_equivalents,llm,1.991485921334566
0000078003_0000078003-24-000039,cash_and_equivalents,llm,1.991485921334566
0000078003_0000078003-24-000039,operating_cash_flow,llm,1.991485921334566
0000078003_0000078003-24-000039,operating_cash_flow,llm,1.991485921334566
0000078003_0000078003-24-000039,operating_cash_flow,llm,1.991485921334566
0000078003_0000078003-25-000054,revenue,llm,12.93675670833424
0000078003_0000078003-25-000054,revenue,llm,12.93675670833424
0000078003_0000078003-25-000054,revenue,llm,12.93675670833424
0000078003_0000078003-25-000054,net_income,llm,12.93675670833424
0000078003_0000078003-25-000054,net_income,llm,12.93675670833424
0000078003_0000078003-25-000054,net_income,llm,12.93675670833424
0000078003_0000078003-25-000054,eps_diluted,llm,12.93675670833424
0000078003_0000078003-25-000054,eps_diluted,llm,12.93675670833424
0000078003_0000078003-25-000054,eps_diluted,llm,12.93675670833424
0000078003_0000078003-25-000054,total_assets,llm,12.93675670833424
0000078003_0000078003-25-000054,total_assets,llm,12.93675670833424
0000078003_0000078003-25-000054,total_assets,llm,12.93675670833424
0000078003_0000078003-25-000054,total_liabilities,llm,12.93675670833424
0000078003_0000078003-25-000054,total_liabilities,llm,12.93675670833424
0000078003_0000078003-25-000054,total_liabilities,llm,12.93675670833424
0000078003_0000078003-25-000054,stockholders_equity,llm,12.93675670833424
0000078003_0000078003-25-000054,stockholders_equity,llm,12.93675670833424
0000078003_0000078003-25-000054,stockholders_equity,llm,12.93675670833424
0000078003_0000078003-25-000054,cash_and_equivalents,llm,12.93675670833424
0000078003_0000078003-25-000054,cash_and_equivalents,llm,12.93675670833424
0000078003_0000078003-25-000054,cash_and_equivalents,llm,12.93675670833424
0000078003_0000078003-25-000054,operating_cash_flow,llm,12.93675670833424
0000078003_0000078003-25-000054,operating_cash_flow,llm,12.93675670833424
0000078003_0000078003-25-000054,operating_cash_flow,llm,12.93675670833424
0000080424_0000080424-19-000050,revenue,llm,1.4990637129990825
0000080424_0000080424-19-000050,revenue,llm,1.4990637129990825
0000080424_0000080424-19-000050,revenue,llm,1.4990637129990825
0000080424_0000080424-19-000050,operating_income,llm,1.4990637129990825
0000080424_0000080424-19-000050,operating_income,llm,1.4990637129990825
0000080424_0000080424-19-000050,operating_income,llm,1.4990637129990825
0000080424_0000080424-19-000050,net_income,llm,1.4990637129990825
0000080424_0000080424-19-000050,net_income,llm,1.4990637129990825
0000080424_0000080424-19-000050,net_income,llm,1.4990637129990825
0000080424_0000080424-19-000050,eps_diluted,llm,1.4990637129990825
0000080424_0000080424-19-000050,eps_diluted,llm,1.4990637129990825
0000080424_0000080424-19-000050,eps_diluted,llm,1.4990637129990825
0000080424_0000080424-19-000050,total_assets,llm,1.4990637129990825
0000080424_0000080424-19-000050,total_assets,llm,1.4990637129990825
0000080424_0000080424-19-000050,total_assets,llm,1.4990637129990825
0000080424_0000080424-19-000050,total_liabilities,llm,1.4990637129990825
0000080424_0000080424-19-000050,total_liabilities,llm,1.4990637129990825
0000080424_0000080424-19-000050,total_liabilities,llm,1.4990637129990825
0000080424_0000080424-19-000050,stockholders_equity,llm,1.4990637129990825
0000080424_0000080424-19-000050,stockholders_equity,llm,1.4990637129990825
0000080424_0000080424-19-000050,stockholders_equity,llm,1.4990637129990825
0000080424_0000080424-19-000050,cash_and_equivalents,llm,1.4990637129990825
0000080424_0000080424-19-000050,cash_and_equivalents,llm,1.4990637129990825
0000080424_0000080424-19-000050,cash_and_equivalents,llm,1.4990637129990825
0000080424_0000080424-19-000050,operating_cash_flow,llm,1.4990637129990825
0000080424_0000080424-19-000050,operating_cash_flow,llm,1.4990637129990825
0000080424_0000080424-19-000050,operating_cash_flow,llm,1.4990637129990825
0000080424_0000080424-20-000053,revenue,llm,1.6178476111106446
0000080424_0000080424-20-000053,revenue,llm,1.6178476111106446
0000080424_0000080424-20-000053,revenue,llm,1.6178476111106446
0000080424_0000080424-20-000053,operating_income,llm,1.6178476111106446
0000080424_0000080424-20-000053,operating_income,llm,1.6178476111106446
0000080424_0000080424-20-000053,operating_income,llm,1.6178476111106446
0000080424_0000080424-20-000053,net_income,llm,1.6178476111106446
0000080424_0000080424-20-000053,net_income,llm,1.6178476111106446
0000080424_0000080424-20-000053,net_income,llm,1.6178476111106446
0000080424_0000080424-20-000053,eps_diluted,llm,1.6178476111106446
0000080424_0000080424-20-000053,eps_diluted,llm,1.6178476111106446
0000080424_0000080424-20-000053,eps_diluted,llm,1.6178476111106446
0000080424_0000080424-20-000053,total_assets,llm,1.6178476111106446
0000080424_0000080424-20-000053,total_assets,llm,1.6178476111106446
0000080424_0000080424-20-000053,total_assets,llm,1.6178476111106446
0000080424_0000080424-20-000053,total_liabilities,llm,1.6178476111106446
0000080424_0000080424-20-000053,total_liabilities,llm,1.6178476111106446
0000080424_0000080424-20-000053,total_liabilities,llm,1.6178476111106446
0000080424_0000080424-20-000053,stockholders_equity,llm,1.6178476111106446
0000080424_0000080424-20-000053,stockholders_equity,llm,1.6178476111106446
0000080424_0000080424-20-000053,stockholders_equity,llm,1.6178476111106446
0000080424_0000080424-20-000053,cash_and_equivalents,llm,1.6178476111106446
0000080424_0000080424-20-000053,cash_and_equivalents,llm,1.6178476111106446
0000080424_0000080424-20-000053,cash_and_equivalents,llm,1.6178476111106446
0000080424_0000080424-20-000053,operating_cash_flow,llm,1.6178476111106446
0000080424_0000080424-20-000053,operating_cash_flow,llm,1.6178476111106446
0000080424_0000080424-20-000053,operating_cash_flow,llm,1.6178476111106446
0000080424_0000080424-21-000100,revenue,llm,1.6001671712244083
0000080424_0000080424-21-000100,revenue,llm,1.6001671712244083
0000080424_0000080424-21-000100,revenue,llm,1.6001671712244083
0000080424_0000080424-21-000100,operating_income,llm,1.6001671712244083
0000080424_0000080424-21-000100,operating_income,llm,1.6001671712244083
0000080424_0000080424-21-000100,operating_income,llm,1.6001671712244083
0000080424_0000080424-21-000100,net_income,llm,1.6001671712244083
0000080424_0000080424-21-000100,net_income,llm,1.6001671712244083
0000080424_0000080424-21-000100,net_income,llm,1.6001671712244083
0000080424_0000080424-21-000100,eps_diluted,llm,1.6001671712244083
0000080424_0000080424-21-000100,eps_diluted,llm,1.6001671712244083
0000080424_0000080424-21-000100,eps_diluted,llm,1.6001671712244083
0000080424_0000080424-21-000100,total_assets,llm,1.6001671712244083
0000080424_0000080424-21-000100,total_assets,llm,1.6001671712244083
0000080424_0000080424-21-000100,total_assets,llm,1.6001671712244083
0000080424_0000080424-21-000100,total_liabilities,llm,1.6001671712244083
0000080424_0000080424-21-000100,total_liabilities,llm,1.6001671712244083
0000080424_0000080424-21-000100,total_liabilities,llm,1.6001671712244083
0000080424_0000080424-21-000100,stockholders_equity,llm,1.6001671712244083
0000080424_0000080424-21-000100,stockholders_equity,llm,1.6001671712244083
0000080424_0000080424-21-000100,stockholders_equity,llm,1.6001671712244083
0000080424_0000080424-21-000100,cash_and_equivalents,llm,1.6001671712244083
0000080424_0000080424-21-000100,cash_and_equivalents,llm,1.6001671712244083
0000080424_0000080424-21-000100,cash_and_equivalents,llm,1.6001671712244083
0000080424_0000080424-21-000100,operating_cash_flow,llm,1.6001671712244083
0000080424_0000080424-21-000100,operating_cash_flow,llm,1.6001671712244083
0000080424_0000080424-21-000100,operating_cash_flow,llm,1.6001671712244083
0000080424_0000080424-22-000064,revenue,llm,1.5399520972213294
0000080424_0000080424-22-000064,revenue,llm,1.5399520972213294
0000080424_0000080424-22-000064,revenue,llm,1.5399520972213294
0000080424_0000080424-22-000064,operating_income,llm,1.5399520972213294
0000080424_0000080424-22-000064,operating_income,llm,1.5399520972213294
0000080424_0000080424-22-000064,operating_income,llm,1.5399520972213294
0000080424_0000080424-22-000064,net_income,llm,1.5399520972213294
0000080424_0000080424-22-000064,net_income,llm,1.5399520972213294
0000080424_0000080424-22-000064,net_income,llm,1.5399520972213294
0000080424_0000080424-22-000064,eps_diluted,llm,1.5399520972213294
0000080424_0000080424-22-000064,eps_diluted,llm,1.5399520972213294
0000080424_0000080424-22-000064,eps_diluted,llm,1.5399520972213294
0000080424_0000080424-22-000064,total_assets,llm,1.5399520972213294
0000080424_0000080424-22-000064,total_assets,llm,1.5399520972213294
0000080424_0000080424-22-000064,total_assets,llm,1.5399520972213294
0000080424_0000080424-22-000064,total_liabilities,llm,1.5399520972213294
0000080424_0000080424-22-000064,total_liabilities,llm,1.5399520972213294
0000080424_0000080424-22-000064,total_liabilities,llm,1.5399520972213294
0000080424_0000080424-22-000064,stockholders_equity,llm,1.5399520972213294
0000080424_0000080424-22-000064,stockholders_equity,llm,1.5399520972213294
0000080424_0000080424-22-000064,stockholders_equity,llm,1.5399520972213294
0000080424_0000080424-22-000064,cash_and_equivalents,llm,1.5399520972213294
0000080424_0000080424-22-000064,cash_and_equivalents,llm,1.5399520972213294
0000080424_0000080424-22-000064,cash_and_equivalents,llm,1.5399520972213294
0000080424_0000080424-22-000064,operating_cash_flow,llm,1.5399520972213294
0000080424_0000080424-22-000064,operating_cash_flow,llm,1.5399520972213294
0000080424_0000080424-22-000064,operating_cash_flow,llm,1.5399520972213294
0000080424_0000080424-23-000073,revenue,llm,1.4298166621107762
0000080424_0000080424-23-000073,revenue,llm,1.4298166621107762
0000080424_0000080424-23-000073,revenue,llm,1.4298166621107762
0000080424_0000080424-23-000073,operating_income,llm,1.4298166621107762
0000080424_0000080424-23-000073,operating_income,llm,1.4298166621107762
0000080424_0000080424-23-000073,operating_income,llm,1.4298166621107762
0000080424_0000080424-23-000073,net_income,llm,1.4298166621107762
0000080424_0000080424-23-000073,net_income,llm,1.4298166621107762
0000080424_0000080424-23-000073,net_income,llm,1.4298166621107762
0000080424_0000080424-23-000073,eps_diluted,llm,1.4298166621107762
0000080424_0000080424-23-000073,eps_diluted,llm,1.4298166621107762
0000080424_0000080424-23-000073,eps_diluted,llm,1.4298166621107762
0000080424_0000080424-23-000073,total_assets,llm,1.4298166621107762
0000080424_0000080424-23-000073,total_assets,llm,1.4298166621107762
0000080424_0000080424-23-000073,total_assets,llm,1.4298166621107762
0000080424_0000080424-23-000073,total_liabilities,llm,1.4298166621107762
0000080424_0000080424-23-000073,total_liabilities,llm,1.4298166621107762
0000080424_0000080424-23-000073,total_liabilities,llm,1.4298166621107762
0000080424_0000080424-23-000073,stockholders_equity,llm,1.4298166621107762
0000080424_0000080424-23-000073,stockholders_equity,llm,1.4298166621107762
0000080424_0000080424-23-000073,stockholders_equity,llm,1.4298166621107762
0000080424_0000080424-23-000073,cash_and_equivalents,llm,1.4298166621107762
0000080424_0000080424-23-000073,cash_and_equivalents,llm,1.4298166621107762
0000080424_0000080424-23-000073,cash_and_equivalents,llm,1.4298166621107762
0000080424_0000080424-23-000073,operating_cash_flow,llm,1.4298166621107762
0000080424_0000080424-23-000073,operating_cash_flow,llm,1.4298166621107762
0000080424_0000080424-23-000073,operating_cash_flow,llm,1.4298166621107762
0000080424_0000080424-24-000083,revenue,llm,1.7684961805563135
0000080424_0000080424-24-000083,revenue,llm,1.7684961805563135
0000080424_0000080424-24-000083,revenue,llm,1.7684961805563135
0000080424_0000080424-24-000083,operating_income,llm,1.7684961805563135
0000080424_0000080424-24-000083,operating_income,llm,1.7684961805563135
0000080424_0000080424-24-000083,operating_income,llm,1.7684961805563135
0000080424_0000080424-24-000083,net_income,llm,1.7684961805563135
0000080424_0000080424-24-000083,net_income,llm,1.7684961805563135
0000080424_0000080424-24-000083,net_income,llm,1.7684961805563135
0000080424_0000080424-24-000083,eps_diluted,llm,1.7684961805563135
0000080424_0000080424-24-000083,eps_diluted,llm,1.7684961805563135
0000080424_0000080424-24-000083,eps_diluted,llm,1.7684961805563135
0000080424_0000080424-24-000083,total_assets,llm,1.7684961805563135
0000080424_0000080424-24-000083,total_assets,llm,1.7684961805563135
0000080424_0000080424-24-000083,total_assets,llm,1.7684961805563135
0000080424_0000080424-24-000083,total_liabilities,llm,1.7684961805563135
0000080424_0000080424-24-000083,total_liabilities,llm,1.7684961805563135
0000080424_0000080424-24-000083,total_liabilities,llm,1.7684961805563135
0000080424_0000080424-24-000083,stockholders_equity,llm,1.7684961805563135
0000080424_0000080424-24-000083,stockholders_equity,llm,1.7684961805563135
0000080424_0000080424-24-000083,stockholders_equity,llm,1.7684961805563135
0000080424_0000080424-24-000083,cash_and_equivalents,llm,1.7684961805563135
0000080424_0000080424-24-000083,cash_and_equivalents,llm,1.7684961805563135
0000080424_0000080424-24-000083,cash_and_equivalents,llm,1.7684961805563135
0000080424_0000080424-24-000083,operating_cash_flow,llm,1.7684961805563135
0000080424_0000080424-24-000083,operating_cash_flow,llm,1.7684961805563135
0000080424_0000080424-24-000083,operating_cash_flow,llm,1.7684961805563135
0000104169_0000104169-19-000016,revenue,llm,1.595147458333587
0000104169_0000104169-19-000016,revenue,llm,1.595147458333587
0000104169_0000104169-19-000016,revenue,llm,1.595147458333587
0000104169_0000104169-19-000016,operating_income,llm,1.595147458333587
0000104169_0000104169-19-000016,operating_income,llm,1.595147458333587
0000104169_0000104169-19-000016,operating_income,llm,1.595147458333587
0000104169_0000104169-19-000016,net_income,llm,1.595147458333587
0000104169_0000104169-19-000016,net_income,llm,1.595147458333587
0000104169_0000104169-19-000016,net_income,llm,1.595147458333587
0000104169_0000104169-19-000016,eps_diluted,llm,1.595147458333587
0000104169_0000104169-19-000016,eps_diluted,llm,1.595147458333587
0000104169_0000104169-19-000016,eps_diluted,llm,1.595147458333587
0000104169_0000104169-19-000016,total_assets,llm,1.595147458333587
0000104169_0000104169-19-000016,total_assets,llm,1.595147458333587
0000104169_0000104169-19-000016,total_assets,llm,1.595147458333587
0000104169_0000104169-19-000016,stockholders_equity,llm,1.595147458333587
0000104169_0000104169-19-000016,stockholders_equity,llm,1.595147458333587
0000104169_0000104169-19-000016,stockholders_equity,llm,1.595147458333587
0000104169_0000104169-19-000016,cash_and_equivalents,llm,1.595147458333587
0000104169_0000104169-19-000016,cash_and_equivalents,llm,1.595147458333587
0000104169_0000104169-19-000016,cash_and_equivalents,llm,1.595147458333587
0000104169_0000104169-19-000016,operating_cash_flow,llm,1.595147458333587
0000104169_0000104169-19-000016,operating_cash_flow,llm,1.595147458333587
0000104169_0000104169-19-000016,operating_cash_flow,llm,1.595147458333587
0000104169_0000104169-20-000011,revenue,llm,2.2179330510003235
0000104169_0000104169-20-000011,revenue,llm,2.2179330510003235
0000104169_0000104169-20-000011,revenue,llm,2.2179330510003235
0000104169_0000104169-20-000011,operating_income,llm,2.2179330510003235
0000104169_0000104169-20-000011,operating_income,llm,2.2179330510003235
0000104169_0000104169-20-000011,operating_income,llm,2.2179330510003235
0000104169_0000104169-20-000011,net_income,llm,2.2179330510003235
0000104169_0000104169-20-000011,net_income,llm,2.2179330510003235
0000104169_0000104169-20-000011,net_income,llm,2.2179330510003235
0000104169_0000104169-20-000011,eps_diluted,llm,2.2179330510003235
0000104169_0000104169-20-000011,eps_diluted,llm,2.2179330510003235
0000104169_0000104169-20-000011,eps_diluted,llm,2.2179330510003235
0000104169_0000104169-20-000011,total_assets,llm,2.2179330510003235
0000104169_0000104169-20-000011,total_assets,llm,2.2179330510003235
0000104169_0000104169-20-000011,total_assets,llm,2.2179330510003235
0000104169_0000104169-20-000011,stockholders_equity,llm,2.2179330510003235
0000104169_0000104169-20-000011,stockholders_equity,llm,2.2179330510003235
0000104169_0000104169-20-000011,stockholders_equity,llm,2.2179330510003235
0000104169_0000104169-20-000011,cash_and_equivalents,llm,2.2179330510003235
0000104169_0000104169-20-000011,cash_and_equivalents,llm,2.2179330510003235
0000104169_0000104169-20-000011,cash_and_equivalents,llm,2.2179330510003235
0000104169_0000104169-20-000011,operating_cash_flow,llm,2.2179330510003235
0000104169_0000104169-20-000011,operating_cash_flow,llm,2.2179330510003235
0000104169_0000104169-20-000011,operating_cash_flow,llm,2.2179330510003235
0000104169_0000104169-21-000033,revenue,llm,1.6808764999974906
0000104169_0000104169-21-000033,revenue,llm,1.6808764999974906
0000104169_0000104169-21-000033,revenue,llm,1.6808764999974906
0000104169_0000104169-21-000033,operating_income,llm,1.6808764999974906
0000104169_0000104169-21-000033,operating_income,llm,1.6808764999974906
0000104169_0000104169-21-000033,operating_income,llm,1.6808764999974906
0000104169_0000104169-21-000033,net_income,llm,1.6808764999974906
0000104169_0000104169-21-000033,net_income,llm,1.6808764999974906
0000104169_0000104169-21-000033,net_income,llm,1.6808764999974906
0000104169_0000104169-21-000033,eps_diluted,llm,1.6808764999974906
0000104169_0000104169-21-000033,eps_diluted,llm,1.6808764999974906
0000104169_0000104169-21-000033,eps_diluted,llm,1.6808764999974906
0000104169_0000104169-21-000033,total_assets,llm,1.6808764999974906
0000104169_0000104169-21-000033,total_assets,llm,1.6808764999974906
0000104169_0000104169-21-000033,total_assets,llm,1.6808764999974906
0000104169_0000104169-21-000033,stockholders_equity,llm,1.6808764999974906
0000104169_0000104169-21-000033,stockholders_equity,llm,1.6808764999974906
0000104169_0000104169-21-000033,stockholders_equity,llm,1.6808764999974906
0000104169_0000104169-21-000033,cash_and_equivalents,llm,1.6808764999974906
0000104169_0000104169-21-000033,cash_and_equivalents,llm,1.6808764999974906
0000104169_0000104169-21-000033,cash_and_equivalents,llm,1.6808764999974906
0000104169_0000104169-21-000033,operating_cash_flow,llm,1.6808764999974906
0000104169_0000104169-21-000033,operating_cash_flow,llm,1.6808764999974906
0000104169_0000104169-21-000033,operating_cash_flow,llm,1.6808764999974906
0000104169_0000104169-22-000012,revenue,llm,1.6424962454443124
0000104169_0000104169-22-000012,revenue,llm,1.6424962454443124
0000104169_0000104169-22-000012,revenue,llm,1.6424962454443124
0000104169_0000104169-22-000012,operating_income,llm,1.6424962454443124
0000104169_0000104169-22-000012,operating_income,llm,1.6424962454443124
0000104169_0000104169-22-000012,operating_income,llm,1.6424962454443124
0000104169_0000104169-22-000012,net_income,llm,1.6424962454443124
0000104169_0000104169-22-000012,net_income,llm,1.6424962454443124
0000104169_0000104169-22-000012,net_income,llm,1.6424962454443124
0000104169_0000104169-22-000012,eps_diluted,llm,1.6424962454443124
0000104169_0000104169-22-000012,eps_diluted,llm,1.6424962454443124
0000104169_0000104169-22-000012,eps_diluted,llm,1.6424962454443124
0000104169_0000104169-22-000012,total_assets,llm,1.6424962454443124
0000104169_0000104169-22-000012,total_assets,llm,1.6424962454443124
0000104169_0000104169-22-000012,total_assets,llm,1.6424962454443124
0000104169_0000104169-22-000012,stockholders_equity,llm,1.6424962454443124
0000104169_0000104169-22-000012,stockholders_equity,llm,1.6424962454443124
0000104169_0000104169-22-000012,stockholders_equity,llm,1.6424962454443124
0000104169_0000104169-22-000012,cash_and_equivalents,llm,1.6424962454443124
0000104169_0000104169-22-000012,cash_and_equivalents,llm,1.6424962454443124
0000104169_0000104169-22-000012,cash_and_equivalents,llm,1.6424962454443124
0000104169_0000104169-22-000012,operating_cash_flow,llm,1.6424962454443124
0000104169_0000104169-22-000012,operating_cash_flow,llm,1.6424962454443124
0000104169_0000104169-22-000012,operating_cash_flow,llm,1.6424962454443124
0000104169_0000104169-23-000020,revenue,llm,1.614879027777028
0000104169_0000104169-23-000020,revenue,llm,1.614879027777028
0000104169_0000104169-23-000020,revenue,llm,1.614879027777028
0000104169_0000104169-23-000020,operating_income,llm,1.614879027777028
0000104169_0000104169-23-000020,operating_income,llm,1.614879027777028
0000104169_0000104169-23-000020,operating_income,llm,1.614879027777028
0000104169_0000104169-23-000020,net_income,llm,1.614879027777028
0000104169_0000104169-23-000020,net_income,llm,1.614879027777028
0000104169_0000104169-23-000020,net_income,llm,1.614879027777028
0000104169_0000104169-23-000020,eps_diluted,llm,1.614879027777028
0000104169_0000104169-23-000020,eps_diluted,llm,1.614879027777028
0000104169_0000104169-23-000020,eps_diluted,llm,1.614879027777028
0000104169_0000104169-23-000020,total_assets,llm,1.614879027777028
0000104169_0000104169-23-000020,total_assets,llm,1.614879027777028
0000104169_0000104169-23-000020,total_assets,llm,1.614879027777028
0000104169_0000104169-23-000020,stockholders_equity,llm,1.614879027777028
0000104169_0000104169-23-000020,stockholders_equity,llm,1.614879027777028
0000104169_0000104169-23-000020,stockholders_equity,llm,1.614879027777028
0000104169_0000104169-23-000020,cash_and_equivalents,llm,1.614879027777028
0000104169_0000104169-23-000020,cash_and_equivalents,llm,1.614879027777028
0000104169_0000104169-23-000020,cash_and_equivalents,llm,1.614879027777028
0000104169_0000104169-23-000020,operating_cash_flow,llm,1.614879027777028
0000104169_0000104169-23-000020,operating_cash_flow,llm,1.614879027777028
0000104169_0000104169-23-000020,operating_cash_flow,llm,1.614879027777028
0000104169_0000104169-24-000056,revenue,llm,1.615956671332242
0000104169_0000104169-24-000056,revenue,llm,1.615956671332242
0000104169_0000104169-24-000056,revenue,llm,1.615956671332242
0000104169_0000104169-24-000056,operating_income,llm,1.615956671332242
0000104169_0000104169-24-000056,operating_income,llm,1.615956671332242
0000104169_0000104169-24-000056,operating_income,llm,1.615956671332242
0000104169_0000104169-24-000056,net_income,llm,1.615956671332242
0000104169_0000104169-24-000056,net_income,llm,1.615956671332242
0000104169_0000104169-24-000056,net_income,llm,1.615956671332242
0000104169_0000104169-24-000056,eps_diluted,llm,1.615956671332242
0000104169_0000104169-24-000056,eps_diluted,llm,1.615956671332242
0000104169_0000104169-24-000056,eps_diluted,llm,1.615956671332242
0000104169_0000104169-24-000056,total_assets,llm,1.615956671332242
0000104169_0000104169-24-000056,total_assets,llm,1.615956671332242
0000104169_0000104169-24-000056,total_assets,llm,1.615956671332242
0000104169_0000104169-24-000056,stockholders_equity,llm,1.615956671332242
0000104169_0000104169-24-000056,stockholders_equity,llm,1.615956671332242
0000104169_0000104169-24-000056,stockholders_equity,llm,1.615956671332242
0000104169_0000104169-24-000056,cash_and_equivalents,llm,1.615956671332242
0000104169_0000104169-24-000056,cash_and_equivalents,llm,1.615956671332242
0000104169_0000104169-24-000056,cash_and_equivalents,llm,1.615956671332242
0000104169_0000104169-24-000056,operating_cash_flow,llm,1.615956671332242
0000104169_0000104169-24-000056,operating_cash_flow,llm,1.615956671332242
0000104169_0000104169-24-000056,operating_cash_flow,llm,1.615956671332242
0000200406_0000200406-20-000010,revenue,llm,1.7718263703330497
0000200406_0000200406-20-000010,revenue,llm,1.7718263703330497
0000200406_0000200406-20-000010,revenue,llm,1.7718263703330497
0000200406_0000200406-20-000010,net_income,llm,1.7718263703330497
0000200406_0000200406-20-000010,net_income,llm,1.7718263703330497
0000200406_0000200406-20-000010,net_income,llm,1.7718263703330497
0000200406_0000200406-20-000010,eps_diluted,llm,1.7718263703330497
0000200406_0000200406-20-000010,eps_diluted,llm,1.7718263703330497
0000200406_0000200406-20-000010,eps_diluted,llm,1.7718263703330497
0000200406_0000200406-20-000010,total_assets,llm,1.7718263703330497
0000200406_0000200406-20-000010,total_assets,llm,1.7718263703330497
0000200406_0000200406-20-000010,total_assets,llm,1.7718263703330497
0000200406_0000200406-20-000010,total_liabilities,llm,1.7718263703330497
0000200406_0000200406-20-000010,total_liabilities,llm,1.7718263703330497
0000200406_0000200406-20-000010,total_liabilities,llm,1.7718263703330497
0000200406_0000200406-20-000010,stockholders_equity,llm,1.7718263703330497
0000200406_0000200406-20-000010,stockholders_equity,llm,1.7718263703330497
0000200406_0000200406-20-000010,stockholders_equity,llm,1.7718263703330497
0000200406_0000200406-20-000010,cash_and_equivalents,llm,1.7718263703330497
0000200406_0000200406-20-000010,cash_and_equivalents,llm,1.7718263703330497
0000200406_0000200406-20-000010,cash_and_equivalents,llm,1.7718263703330497
0000200406_0000200406-20-000010,operating_cash_flow,llm,1.7718263703330497
0000200406_0000200406-20-000010,operating_cash_flow,llm,1.7718263703330497
0000200406_0000200406-20-000010,operating_cash_flow,llm,1.7718263703330497
0000200406_0000200406-21-000008,revenue,llm,1.7809615230006683
0000200406_0000200406-21-000008,revenue,llm,1.7809615230006683
0000200406_0000200406-21-000008,revenue,llm,1.7809615230006683
0000200406_0000200406-21-000008,net_income,llm,1.7809615230006683
0000200406_0000200406-21-000008,net_income,llm,1.7809615230006683
0000200406_0000200406-21-000008,net_income,llm,1.7809615230006683
0000200406_0000200406-21-000008,eps_diluted,llm,1.7809615230006683
0000200406_0000200406-21-000008,eps_diluted,llm,1.7809615230006683
0000200406_0000200406-21-000008,eps_diluted,llm,1.7809615230006683
0000200406_0000200406-21-000008,total_assets,llm,1.7809615230006683
0000200406_0000200406-21-000008,total_assets,llm,1.7809615230006683
0000200406_0000200406-21-000008,total_assets,llm,1.7809615230006683
0000200406_0000200406-21-000008,total_liabilities,llm,1.7809615230006683
0000200406_0000200406-21-000008,total_liabilities,llm,1.7809615230006683
0000200406_0000200406-21-000008,total_liabilities,llm,1.7809615230006683
0000200406_0000200406-21-000008,stockholders_equity,llm,1.7809615230006683
0000200406_0000200406-21-000008,stockholders_equity,llm,1.7809615230006683
0000200406_0000200406-21-000008,stockholders_equity,llm,1.7809615230006683
0000200406_0000200406-21-000008,cash_and_equivalents,llm,1.7809615230006683
0000200406_0000200406-21-000008,cash_and_equivalents,llm,1.7809615230006683
0000200406_0000200406-21-000008,cash_and_equivalents,llm,1.7809615230006683
0000200406_0000200406-21-000008,operating_cash_flow,llm,1.7809615230006683
0000200406_0000200406-21-000008,operating_cash_flow,llm,1.7809615230006683
0000200406_0000200406-21-000008,operating_cash_flow,llm,1.7809615230006683
0000200406_0000200406-22-000022,revenue,llm,1.7477805786701437
0000200406_0000200406-22-000022,revenue,llm,1.7477805786701437
0000200406_0000200406-22-000022,revenue,llm,1.7477805786701437
0000200406_0000200406-22-000022,net_income,llm,1.7477805786701437
0000200406_0000200406-22-000022,net_income,llm,1.7477805786701437
0000200406_0000200406-22-000022,net_income,llm,1.7477805786701437
0000200406_0000200406-22-000022,eps_diluted,llm,1.7477805786701437
0000200406_0000200406-22-000022,eps_diluted,llm,1.7477805786701437
0000200406_0000200406-22-000022,eps_diluted,llm,1.7477805786701437
0000200406_0000200406-22-000022,total_assets,llm,1.7477805786701437
0000200406_0000200406-22-000022,total_assets,llm,1.7477805786701437
0000200406_0000200406-22-000022,total_assets,llm,1.7477805786701437
0000200406_0000200406-22-000022,total_liabilities,llm,1.7477805786701437
0000200406_0000200406-22-000022,total_liabilities,llm,1.7477805786701437
0000200406_0000200406-22-000022,total_liabilities,llm,1.7477805786701437
0000200406_0000200406-22-000022,stockholders_equity,llm,1.7477805786701437
0000200406_0000200406-22-000022,stockholders_equity,llm,1.7477805786701437
0000200406_0000200406-22-000022,stockholders_equity,llm,1.7477805786701437
0000200406_0000200406-22-000022,cash_and_equivalents,llm,1.7477805786701437
0000200406_0000200406-22-000022,cash_and_equivalents,llm,1.7477805786701437
0000200406_0000200406-22-000022,cash_and_equivalents,llm,1.7477805786701437
0000200406_0000200406-22-000022,operating_cash_flow,llm,1.7477805786701437
0000200406_0000200406-22-000022,operating_cash_flow,llm,1.7477805786701437
0000200406_0000200406-22-000022,operating_cash_flow,llm,1.7477805786701437
0000200406_0000200406-23-000016,revenue,llm,1.7182610972231487
0000200406_0000200406-23-000016,revenue,llm,1.7182610972231487
0000200406_0000200406-23-000016,revenue,llm,1.7182610972231487
0000200406_0000200406-23-000016,net_income,llm,1.7182610972231487
0000200406_0000200406-23-000016,net_income,llm,1.7182610972231487
0000200406_0000200406-23-000016,net_income,llm,1.7182610972231487
0000200406_0000200406-23-000016,eps_diluted,llm,1.7182610972231487
0000200406_0000200406-23-000016,eps_diluted,llm,1.7182610972231487
0000200406_0000200406-23-000016,eps_diluted,llm,1.7182610972231487
0000200406_0000200406-23-000016,total_assets,llm,1.7182610972231487
0000200406_0000200406-23-000016,total_assets,llm,1.7182610972231487
0000200406_0000200406-23-000016,total_assets,llm,1.7182610972231487
0000200406_0000200406-23-000016,total_liabilities,llm,1.7182610972231487
0000200406_0000200406-23-000016,total_liabilities,llm,1.7182610972231487
0000200406_0000200406-23-000016,total_liabilities,llm,1.7182610972231487
0000200406_0000200406-23-000016,stockholders_equity,llm,1.7182610972231487
0000200406_0000200406-23-000016,stockholders_equity,llm,1.7182610972231487
0000200406_0000200406-23-000016,stockholders_equity,llm,1.7182610972231487
0000200406_0000200406-23-000016,cash_and_equivalents,llm,1.7182610972231487
0000200406_0000200406-23-000016,cash_and_equivalents,llm,1.7182610972231487
0000200406_0000200406-23-000016,cash_and_equivalents,llm,1.7182610972231487
0000200406_0000200406-23-000016,operating_cash_flow,llm,1.7182610972231487
0000200406_0000200406-23-000016,operating_cash_flow,llm,1.7182610972231487
0000200406_0000200406-23-000016,operating_cash_flow,llm,1.7182610972231487
0000200406_0000200406-24-000013,revenue,llm,1.646235458222994
0000200406_0000200406-24-000013,revenue,llm,1.646235458222994
0000200406_0000200406-24-000013,revenue,llm,1.646235458222994
0000200406_0000200406-24-000013,net_income,llm,1.646235458222994
0000200406_0000200406-24-000013,net_income,llm,1.646235458222994
0000200406_0000200406-24-000013,net_income,llm,1.646235458222994
0000200406_0000200406-24-000013,eps_diluted,llm,1.646235458222994
0000200406_0000200406-24-000013,eps_diluted,llm,1.646235458222994
0000200406_0000200406-24-000013,eps_diluted,llm,1.646235458222994
0000200406_0000200406-24-000013,total_assets,llm,1.646235458222994
0000200406_0000200406-24-000013,total_assets,llm,1.646235458222994
0000200406_0000200406-24-000013,total_assets,llm,1.646235458222994
0000200406_0000200406-24-000013,total_liabilities,llm,1.646235458222994
0000200406_0000200406-24-000013,total_liabilities,llm,1.646235458222994
0000200406_0000200406-24-000013,total_liabilities,llm,1.646235458222994
0000200406_0000200406-24-000013,stockholders_equity,llm,1.646235458222994
0000200406_0000200406-24-000013,stockholders_equity,llm,1.646235458222994
0000200406_0000200406-24-000013,stockholders_equity,llm,1.646235458222994
0000200406_0000200406-24-000013,cash_and_equivalents,llm,1.646235458222994
0000200406_0000200406-24-000013,cash_and_equivalents,llm,1.646235458222994
0000200406_0000200406-24-000013,cash_and_equivalents,llm,1.646235458222994
0000200406_0000200406-24-000013,operating_cash_flow,llm,1.646235458222994
0000200406_0000200406-24-000013,operating_cash_flow,llm,1.646235458222994
0000200406_0000200406-24-000013,operating_cash_flow,llm,1.646235458222994
0000200406_0000200406-25-000038,revenue,llm,1.669001782332392
0000200406_0000200406-25-000038,revenue,llm,1.669001782332392
0000200406_0000200406-25-000038,revenue,llm,1.669001782332392
0000200406_0000200406-25-000038,net_income,llm,1.669001782332392
0000200406_0000200406-25-000038,net_income,llm,1.669001782332392
0000200406_0000200406-25-000038,net_income,llm,1.669001782332392
0000200406_0000200406-25-000038,eps_diluted,llm,1.669001782332392
0000200406_0000200406-25-000038,eps_diluted,llm,1.669001782332392
0000200406_0000200406-25-000038,eps_diluted,llm,1.669001782332392
0000200406_0000200406-25-000038,total_assets,llm,1.669001782332392
0000200406_0000200406-25-000038,total_assets,llm,1.669001782332392
0000200406_0000200406-25-000038,total_assets,llm,1.669001782332392
0000200406_0000200406-25-000038,total_liabilities,llm,1.669001782332392
0000200406_0000200406-25-000038,total_liabilities,llm,1.669001782332392
0000200406_0000200406-25-000038,total_liabilities,llm,1.669001782332392
0000200406_0000200406-25-000038,stockholders_equity,llm,1.669001782332392
0000200406_0000200406-25-000038,stockholders_equity,llm,1.669001782332392
0000200406_0000200406-25-000038,stockholders_equity,llm,1.669001782332392
0000200406_0000200406-25-000038,cash_and_equivalents,llm,1.669001782332392
0000200406_0000200406-25-000038,cash_and_equivalents,llm,1.669001782332392
0000200406_0000200406-25-000038,cash_and_equivalents,llm,1.669001782332392
0000200406_0000200406-25-000038,operating_cash_flow,llm,1.669001782332392
0000200406_0000200406-25-000038,operating_cash_flow,llm,1.669001782332392
0000200406_0000200406-25-000038,operating_cash_flow,llm,1.669001782332392
0000310158_0000310158-20-000005,revenue,llm,1.9303295832214644
0000310158_0000310158-20-000005,revenue,llm,1.9303295832214644
0000310158_0000310158-20-000005,revenue,llm,1.9303295832214644
0000310158_0000310158-20-000005,net_income,llm,1.9303295832214644
0000310158_0000310158-20-000005,net_income,llm,1.9303295832214644
0000310158_0000310158-20-000005,net_income,llm,1.9303295832214644
0000310158_0000310158-20-000005,eps_diluted,llm,1.9303295832214644
0000310158_0000310158-20-000005,eps_diluted,llm,1.9303295832214644
0000310158_0000310158-20-000005,eps_diluted,llm,1.9303295832214644
0000310158_0000310158-20-000005,total_assets,llm,1.9303295832214644
0000310158_0000310158-20-000005,total_assets,llm,1.9303295832214644
0000310158_0000310158-20-000005,total_assets,llm,1.9303295832214644
0000310158_0000310158-20-000005,stockholders_equity,llm,1.9303295832214644
0000310158_0000310158-20-000005,stockholders_equity,llm,1.9303295832214644
0000310158_0000310158-20-000005,stockholders_equity,llm,1.9303295832214644
0000310158_0000310158-20-000005,cash_and_equivalents,llm,1.9303295832214644
0000310158_0000310158-20-000005,cash_and_equivalents,llm,1.9303295832214644
0000310158_0000310158-20-000005,cash_and_equivalents,llm,1.9303295832214644
0000310158_0000310158-20-000005,operating_cash_flow,llm,1.9303295832214644
0000310158_0000310158-20-000005,operating_cash_flow,llm,1.9303295832214644
0000310158_0000310158-20-000005,operating_cash_flow,llm,1.9303295832214644
0000310158_0000310158-21-000004,revenue,llm,2.0202888424440366
0000310158_0000310158-21-000004,revenue,llm,2.0202888424440366
0000310158_0000310158-21-000004,revenue,llm,2.0202888424440366
0000310158_0000310158-21-000004,net_income,llm,2.0202888424440366
0000310158_0000310158-21-000004,net_income,llm,2.0202888424440366
0000310158_0000310158-21-000004,net_income,llm,2.0202888424440366
0000310158_0000310158-21-000004,eps_diluted,llm,2.0202888424440366
0000310158_0000310158-21-000004,eps_diluted,llm,2.0202888424440366
0000310158_0000310158-21-000004,eps_diluted,llm,2.0202888424440366
0000310158_0000310158-21-000004,total_assets,llm,2.0202888424440366
0000310158_0000310158-21-000004,total_assets,llm,2.0202888424440366
0000310158_0000310158-21-000004,total_assets,llm,2.0202888424440366
0000310158_0000310158-21-000004,stockholders_equity,llm,2.0202888424440366
0000310158_0000310158-21-000004,stockholders_equity,llm,2.0202888424440366
0000310158_0000310158-21-000004,stockholders_equity,llm,2.0202888424440366
0000310158_0000310158-21-000004,cash_and_equivalents,llm,2.0202888424440366
0000310158_0000310158-21-000004,cash_and_equivalents,llm,2.0202888424440366
0000310158_0000310158-21-000004,cash_and_equivalents,llm,2.0202888424440366
0000310158_0000310158-21-000004,operating_cash_flow,llm,2.0202888424440366
0000310158_0000310158-21-000004,operating_cash_flow,llm,2.0202888424440366
0000310158_0000310158-21-000004,operating_cash_flow,llm,2.0202888424440366
0000310158_0000310158-22-000003,revenue,llm,1.9185400093330018
0000310158_0000310158-22-000003,revenue,llm,1.9185400093330018
0000310158_0000310158-22-000003,revenue,llm,1.9185400093330018
0000310158_0000310158-22-000003,net_income,llm,1.9185400093330018
0000310158_0000310158-22-000003,net_income,llm,1.9185400093330018
0000310158_0000310158-22-000003,net_income,llm,1.9185400093330018
0000310158_0000310158-22-000003,eps_diluted,llm,1.9185400093330018
0000310158_0000310158-22-000003,eps_diluted,llm,1.9185400093330018
0000310158_0000310158-22-000003,eps_diluted,llm,1.9185400093330018
0000310158_0000310158-22-000003,total_assets,llm,1.9185400093330018
0000310158_0000310158-22-000003,total_assets,llm,1.9185400093330018
0000310158_0000310158-22-000003,total_assets,llm,1.9185400093330018
0000310158_0000310158-22-000003,stockholders_equity,llm,1.9185400093330018
0000310158_0000310158-22-000003,stockholders_equity,llm,1.9185400093330018
0000310158_0000310158-22-000003,stockholders_equity,llm,1.9185400093330018
0000310158_0000310158-22-000003,cash_and_equivalents,llm,1.9185400093330018
0000310158_0000310158-22-000003,cash_and_equivalents,llm,1.9185400093330018
0000310158_0000310158-22-000003,cash_and_equivalents,llm,1.9185400093330018
0000310158_0000310158-22-000003,operating_cash_flow,llm,1.9185400093330018
0000310158_0000310158-22-000003,operating_cash_flow,llm,1.9185400093330018
0000310158_0000310158-22-000003,operating_cash_flow,llm,1.9185400093330018
0000310158_0001628280-23-005061,revenue,llm,1.899919620333498
0000310158_0001628280-23-005061,revenue,llm,1.899919620333498
0000310158_0001628280-23-005061,revenue,llm,1.899919620333498
0000310158_0001628280-23-005061,net_income,llm,1.899919620333498
0000310158_0001628280-23-005061,net_income,llm,1.899919620333498
0000310158_0001628280-23-005061,net_income,llm,1.899919620333498
0000310158_0001628280-23-005061,eps_diluted,llm,1.899919620333498
0000310158_0001628280-23-005061,eps_diluted,llm,1.899919620333498
0000310158_0001628280-23-005061,eps_diluted,llm,1.899919620333498
0000310158_0001628280-23-005061,total_assets,llm,1.899919620333498
0000310158_0001628280-23-005061,total_assets,llm,1.899919620333498
0000310158_0001628280-23-005061,total_assets,llm,1.899919620333498
0000310158_0001628280-23-005061,stockholders_equity,llm,1.899919620333498
0000310158_0001628280-23-005061,stockholders_equity,llm,1.899919620333498
0000310158_0001628280-23-005061,stockholders_equity,llm,1.899919620333498
0000310158_0001628280-23-005061,cash_and_equivalents,llm,1.899919620333498
0000310158_0001628280-23-005061,cash_and_equivalents,llm,1.899919620333498
0000310158_0001628280-23-005061,cash_and_equivalents,llm,1.899919620333498
0000310158_0001628280-23-005061,operating_cash_flow,llm,1.899919620333498
0000310158_0001628280-23-005061,operating_cash_flow,llm,1.899919620333498
0000310158_0001628280-23-005061,operating_cash_flow,llm,1.899919620333498
0000310158_0001628280-24-006850,revenue,llm,1.8950400833337981
0000310158_0001628280-24-006850,revenue,llm,1.8950400833337981
0000310158_0001628280-24-006850,revenue,llm,1.8950400833337981
0000310158_0001628280-24-006850,net_income,llm,1.8950400833337981
0000310158_0001628280-24-006850,net_income,llm,1.8950400833337981
0000310158_0001628280-24-006850,net_income,llm,1.8950400833337981
0000310158_0001628280-24-006850,eps_diluted,llm,1.8950400833337981
0000310158_0001628280-24-006850,eps_diluted,llm,1.8950400833337981
0000310158_0001628280-24-006850,eps_diluted,llm,1.8950400833337981
0000310158_0001628280-24-006850,total_assets,llm,1.8950400833337981
0000310158_0001628280-24-006850,total_assets,llm,1.8950400833337981
0000310158_0001628280-24-006850,total_assets,llm,1.8950400833337981
0000310158_0001628280-24-006850,stockholders_equity,llm,1.8950400833337981
0000310158_0001628280-24-006850,stockholders_equity,llm,1.8950400833337981
0000310158_0001628280-24-006850,stockholders_equity,llm,1.8950400833337981
0000310158_0001628280-24-006850,cash_and_equivalents,llm,1.8950400833337981
0000310158_0001628280-24-006850,cash_and_equivalents,llm,1.8950400833337981
0000310158_0001628280-24-006850,cash_and_equivalents,llm,1.8950400833337981
0000310158_0001628280-24-006850,operating_cash_flow,llm,1.8950400833337981
0000310158_0001628280-24-006850,operating_cash_flow,llm,1.8950400833337981
0000310158_0001628280-24-006850,operating_cash_flow,llm,1.8950400833337981
0000310158_0001628280-25-007732,revenue,llm,2.7590892684448693
0000310158_0001628280-25-007732,revenue,llm,2.7590892684448693
0000310158_0001628280-25-007732,revenue,llm,2.7590892684448693
0000310158_0001628280-25-007732,net_income,llm,2.7590892684448693
0000310158_0001628280-25-007732,net_income,llm,2.7590892684448693
0000310158_0001628280-25-007732,net_income,llm,2.7590892684448693
0000310158_0001628280-25-007732,eps_diluted,llm,2.7590892684448693
0000310158_0001628280-25-007732,eps_diluted,llm,2.7590892684448693
0000310158_0001628280-25-007732,eps_diluted,llm,2.7590892684448693
0000310158_0001628280-25-007732,total_assets,llm,2.7590892684448693
0000310158_0001628280-25-007732,total_assets,llm,2.7590892684448693
0000310158_0001628280-25-007732,total_assets,llm,2.7590892684448693
0000310158_0001628280-25-007732,stockholders_equity,llm,2.7590892684448693
0000310158_0001628280-25-007732,stockholders_equity,llm,2.7590892684448693
0000310158_0001628280-25-007732,stockholders_equity,llm,2.7590892684448693
0000310158_0001628280-25-007732,cash_and_equivalents,llm,2.7590892684448693
0000310158_0001628280-25-007732,cash_and_equivalents,llm,2.7590892684448693
0000310158_0001628280-25-007732,cash_and_equivalents,llm,2.7590892684448693
0000310158_0001628280-25-007732,operating_cash_flow,llm,2.7590892684448693
0000310158_0001628280-25-007732,operating_cash_flow,llm,2.7590892684448693
0000310158_0001628280-25-007732,operating_cash_flow,llm,2.7590892684448693
0000320193_0000320193-19-000119,revenue,llm,2.4478289258889467
0000320193_0000320193-19-000119,revenue,llm,2.4478289258889467
0000320193_0000320193-19-000119,revenue,llm,2.4478289258889467
0000320193_0000320193-19-000119,operating_income,llm,2.4478289258889467
0000320193_0000320193-19-000119,operating_income,llm,2.4478289258889467
0000320193_0000320193-19-000119,operating_income,llm,2.4478289258889467
0000320193_0000320193-19-000119,net_income,llm,2.4478289258889467
0000320193_0000320193-19-000119,net_income,llm,2.4478289258889467
0000320193_0000320193-19-000119,net_income,llm,2.4478289258889467
0000320193_0000320193-19-000119,eps_diluted,llm,2.4478289258889467
0000320193_0000320193-19-000119,eps_diluted,llm,2.4478289258889467
0000320193_0000320193-19-000119,eps_diluted,llm,2.4478289258889467
0000320193_0000320193-19-000119,total_assets,llm,2.4478289258889467
0000320193_0000320193-19-000119,total_assets,llm,2.4478289258889467
0000320193_0000320193-19-000119,total_assets,llm,2.4478289258889467
0000320193_0000320193-19-000119,total_liabilities,llm,2.4478289258889467
0000320193_0000320193-19-000119,total_liabilities,llm,2.4478289258889467
0000320193_0000320193-19-000119,total_liabilities,llm,2.4478289258889467
0000320193_0000320193-19-000119,stockholders_equity,llm,2.4478289258889467
0000320193_0000320193-19-000119,stockholders_equity,llm,2.4478289258889467
0000320193_0000320193-19-000119,stockholders_equity,llm,2.4478289258889467
0000320193_0000320193-19-000119,cash_and_equivalents,llm,2.4478289258889467
0000320193_0000320193-19-000119,cash_and_equivalents,llm,2.4478289258889467
0000320193_0000320193-19-000119,cash_and_equivalents,llm,2.4478289258889467
0000320193_0000320193-19-000119,operating_cash_flow,llm,2.4478289258889467
0000320193_0000320193-19-000119,operating_cash_flow,llm,2.4478289258889467
0000320193_0000320193-19-000119,operating_cash_flow,llm,2.4478289258889467
0000320193_0000320193-20-000096,revenue,llm,1.6157500370011095
0000320193_0000320193-20-000096,revenue,llm,1.6157500370011095
0000320193_0000320193-20-000096,revenue,llm,1.6157500370011095
0000320193_0000320193-20-000096,operating_income,llm,1.6157500370011095
0000320193_0000320193-20-000096,operating_income,llm,1.6157500370011095
0000320193_0000320193-20-000096,operating_income,llm,1.6157500370011095
0000320193_0000320193-20-000096,net_income,llm,1.6157500370011095
0000320193_0000320193-20-000096,net_income,llm,1.6157500370011095
0000320193_0000320193-20-000096,net_income,llm,1.6157500370011095
0000320193_0000320193-20-000096,eps_diluted,llm,1.6157500370011095
0000320193_0000320193-20-000096,eps_diluted,llm,1.6157500370011095
0000320193_0000320193-20-000096,eps_diluted,llm,1.6157500370011095
0000320193_0000320193-20-000096,total_assets,llm,1.6157500370011095
0000320193_0000320193-20-000096,total_assets,llm,1.6157500370011095
0000320193_0000320193-20-000096,total_assets,llm,1.6157500370011095
0000320193_0000320193-20-000096,total_liabilities,llm,1.6157500370011095
0000320193_0000320193-20-000096,total_liabilities,llm,1.6157500370011095
0000320193_0000320193-20-000096,total_liabilities,llm,1.6157500370011095
0000320193_0000320193-20-000096,stockholders_equity,llm,1.6157500370011095
0000320193_0000320193-20-000096,stockholders_equity,llm,1.6157500370011095
0000320193_0000320193-20-000096,stockholders_equity,llm,1.6157500370011095
0000320193_0000320193-20-000096,cash_and_equivalents,llm,1.6157500370011095
0000320193_0000320193-20-000096,cash_and_equivalents,llm,1.6157500370011095
0000320193_0000320193-20-000096,cash_and_equivalents,llm,1.6157500370011095
0000320193_0000320193-20-000096,operating_cash_flow,llm,1.6157500370011095
0000320193_0000320193-20-000096,operating_cash_flow,llm,1.6157500370011095
0000320193_0000320193-20-000096,operating_cash_flow,llm,1.6157500370011095
0000320193_0000320193-21-000105,revenue,llm,1.4125169396672086
0000320193_0000320193-21-000105,revenue,llm,1.4125169396672086
0000320193_0000320193-21-000105,revenue,llm,1.4125169396672086
0000320193_0000320193-21-000105,operating_income,llm,1.4125169396672086
0000320193_0000320193-21-000105,operating_income,llm,1.4125169396672086
0000320193_0000320193-21-000105,operating_income,llm,1.4125169396672086
0000320193_0000320193-21-000105,net_income,llm,1.4125169396672086
0000320193_0000320193-21-000105,net_income,llm,1.4125169396672086
0000320193_0000320193-21-000105,net_income,llm,1.4125169396672086
0000320193_0000320193-21-000105,eps_diluted,llm,1.4125169396672086
0000320193_0000320193-21-000105,eps_diluted,llm,1.4125169396672086
0000320193_0000320193-21-000105,eps_diluted,llm,1.4125169396672086
0000320193_0000320193-21-000105,total_assets,llm,1.4125169396672086
0000320193_0000320193-21-000105,total_assets,llm,1.4125169396672086
0000320193_0000320193-21-000105,total_assets,llm,1.4125169396672086
0000320193_0000320193-21-000105,total_liabilities,llm,1.4125169396672086
0000320193_0000320193-21-000105,total_liabilities,llm,1.4125169396672086
0000320193_0000320193-21-000105,total_liabilities,llm,1.4125169396672086
0000320193_0000320193-21-000105,stockholders_equity,llm,1.4125169396672086
0000320193_0000320193-21-000105,stockholders_equity,llm,1.4125169396672086
0000320193_0000320193-21-000105,stockholders_equity,llm,1.4125169396672086
0000320193_0000320193-21-000105,cash_and_equivalents,llm,1.4125169396672086
0000320193_0000320193-21-000105,cash_and_equivalents,llm,1.4125169396672086
0000320193_0000320193-21-000105,cash_and_equivalents,llm,1.4125169396672086
0000320193_0000320193-21-000105,operating_cash_flow,llm,1.4125169396672086
0000320193_0000320193-21-000105,operating_cash_flow,llm,1.4125169396672086
0000320193_0000320193-21-000105,operating_cash_flow,llm,1.4125169396672086
0000320193_0000320193-22-000108,revenue,llm,1.3471403380002203
0000320193_0000320193-22-000108,revenue,llm,1.3471403380002203
0000320193_0000320193-22-000108,revenue,llm,1.3471403380002203
0000320193_0000320193-22-000108,operating_income,llm,1.3471403380002203
0000320193_0000320193-22-000108,operating_income,llm,1.3471403380002203
0000320193_0000320193-22-000108,operating_income,llm,1.3471403380002203
0000320193_0000320193-22-000108,net_income,llm,1.3471403380002203
0000320193_0000320193-22-000108,net_income,llm,1.3471403380002203
0000320193_0000320193-22-000108,net_income,llm,1.3471403380002203
0000320193_0000320193-22-000108,eps_diluted,llm,1.3471403380002203
0000320193_0000320193-22-000108,eps_diluted,llm,1.3471403380002203
0000320193_0000320193-22-000108,eps_diluted,llm,1.3471403380002203
0000320193_0000320193-22-000108,total_assets,llm,1.3471403380002203
0000320193_0000320193-22-000108,total_assets,llm,1.3471403380002203
0000320193_0000320193-22-000108,total_assets,llm,1.3471403380002203
0000320193_0000320193-22-000108,total_liabilities,llm,1.3471403380002203
0000320193_0000320193-22-000108,total_liabilities,llm,1.3471403380002203
0000320193_0000320193-22-000108,total_liabilities,llm,1.3471403380002203
0000320193_0000320193-22-000108,stockholders_equity,llm,1.3471403380002203
0000320193_0000320193-22-000108,stockholders_equity,llm,1.3471403380002203
0000320193_0000320193-22-000108,stockholders_equity,llm,1.3471403380002203
0000320193_0000320193-22-000108,cash_and_equivalents,llm,1.3471403380002203
0000320193_0000320193-22-000108,cash_and_equivalents,llm,1.3471403380002203
0000320193_0000320193-22-000108,cash_and_equivalents,llm,1.3471403380002203
0000320193_0000320193-22-000108,operating_cash_flow,llm,1.3471403380002203
0000320193_0000320193-22-000108,operating_cash_flow,llm,1.3471403380002203
0000320193_0000320193-22-000108,operating_cash_flow,llm,1.3471403380002203
0000320193_0000320193-23-000106,revenue,llm,1.3606934629998348
0000320193_0000320193-23-000106,revenue,llm,1.3606934629998348
0000320193_0000320193-23-000106,revenue,llm,1.3606934629998348
0000320193_0000320193-23-000106,operating_income,llm,1.3606934629998348
0000320193_0000320193-23-000106,operating_income,llm,1.3606934629998348
0000320193_0000320193-23-000106,operating_income,llm,1.3606934629998348
0000320193_0000320193-23-000106,net_income,llm,1.3606934629998348
0000320193_0000320193-23-000106,net_income,llm,1.3606934629998348
0000320193_0000320193-23-000106,net_income,llm,1.3606934629998348
0000320193_0000320193-23-000106,eps_diluted,llm,1.3606934629998348
0000320193_0000320193-23-000106,eps_diluted,llm,1.3606934629998348
0000320193_0000320193-23-000106,eps_diluted,llm,1.3606934629998348
0000320193_0000320193-23-000106,total_assets,llm,1.3606934629998348
0000320193_0000320193-23-000106,total_assets,llm,1.3606934629998348
0000320193_0000320193-23-000106,total_assets,llm,1.3606934629998348
0000320193_0000320193-23-000106,total_liabilities,llm,1.3606934629998348
0000320193_0000320193-23-000106,total_liabilities,llm,1.3606934629998348
0000320193_0000320193-23-000106,total_liabilities,llm,1.3606934629998348
0000320193_0000320193-23-000106,stockholders_equity,llm,1.3606934629998348
0000320193_0000320193-23-000106,stockholders_equity,llm,1.3606934629998348
0000320193_0000320193-23-000106,stockholders_equity,llm,1.3606934629998348
0000320193_0000320193-23-000106,cash_and_equivalents,llm,1.3606934629998348
0000320193_0000320193-23-000106,cash_and_equivalents,llm,1.3606934629998348
0000320193_0000320193-23-000106,cash_and_equivalents,llm,1.3606934629998348
0000320193_0000320193-23-000106,operating_cash_flow,llm,1.3606934629998348
0000320193_0000320193-23-000106,operating_cash_flow,llm,1.3606934629998348
0000320193_0000320193-23-000106,operating_cash_flow,llm,1.3606934629998348
0000320193_0000320193-24-000123,revenue,llm,2.4976450046637586
0000320193_0000320193-24-000123,revenue,llm,2.4976450046637586
0000320193_0000320193-24-000123,revenue,llm,2.4976450046637586
0000320193_0000320193-24-000123,operating_income,llm,2.4976450046637586
0000320193_0000320193-24-000123,operating_income,llm,2.4976450046637586
0000320193_0000320193-24-000123,operating_income,llm,2.4976450046637586
0000320193_0000320193-24-000123,net_income,llm,2.4976450046637586
0000320193_0000320193-24-000123,net_income,llm,2.4976450046637586
0000320193_0000320193-24-000123,net_income,llm,2.4976450046637586
0000320193_0000320193-24-000123,eps_diluted,llm,2.4976450046637586
0000320193_0000320193-24-000123,eps_diluted,llm,2.4976450046637586
0000320193_0000320193-24-000123,eps_diluted,llm,2.4976450046637586
0000320193_0000320193-24-000123,total_assets,llm,2.4976450046637586
0000320193_0000320193-24-000123,total_assets,llm,2.4976450046637586
0000320193_0000320193-24-000123,total_assets,llm,2.4976450046637586
0000320193_0000320193-24-000123,total_liabilities,llm,2.4976450046637586
0000320193_0000320193-24-000123,total_liabilities,llm,2.4976450046637586
0000320193_0000320193-24-000123,total_liabilities,llm,2.4976450046637586
0000320193_0000320193-24-000123,stockholders_equity,llm,2.4976450046637586
0000320193_0000320193-24-000123,stockholders_equity,llm,2.4976450046637586
0000320193_0000320193-24-000123,stockholders_equity,llm,2.4976450046637586
0000320193_0000320193-24-000123,cash_and_equivalents,llm,2.4976450046637586
0000320193_0000320193-24-000123,cash_and_equivalents,llm,2.4976450046637586
0000320193_0000320193-24-000123,cash_and_equivalents,llm,2.4976450046637586
0000320193_0000320193-24-000123,operating_cash_flow,llm,2.4976450046637586
0000320193_0000320193-24-000123,operating_cash_flow,llm,2.4976450046637586
0000320193_0000320193-24-000123,operating_cash_flow,llm,2.4976450046637586
0000354950_0000354950-19-000010,revenue,llm,1.3925720138892452
0000354950_0000354950-19-000010,revenue,llm,1.3925720138892452
0000354950_0000354950-19-000010,revenue,llm,1.3925720138892452
0000354950_0000354950-19-000010,operating_income,llm,1.3925720138892452
0000354950_0000354950-19-000010,operating_income,llm,1.3925720138892452
0000354950_0000354950-19-000010,operating_income,llm,1.3925720138892452
0000354950_0000354950-19-000010,net_income,llm,1.3925720138892452
0000354950_0000354950-19-000010,net_income,llm,1.3925720138892452
0000354950_0000354950-19-000010,net_income,llm,1.3925720138892452
0000354950_0000354950-19-000010,eps_diluted,llm,1.3925720138892452
0000354950_0000354950-19-000010,eps_diluted,llm,1.3925720138892452
0000354950_0000354950-19-000010,eps_diluted,llm,1.3925720138892452
0000354950_0000354950-19-000010,total_assets,llm,1.3925720138892452
0000354950_0000354950-19-000010,total_assets,llm,1.3925720138892452
0000354950_0000354950-19-000010,total_assets,llm,1.3925720138892452
0000354950_0000354950-19-000010,total_liabilities,llm,1.3925720138892452
0000354950_0000354950-19-000010,total_liabilities,llm,1.3925720138892452
0000354950_0000354950-19-000010,total_liabilities,llm,1.3925720138892452
0000354950_0000354950-19-000010,stockholders_equity,llm,1.3925720138892452
0000354950_0000354950-19-000010,stockholders_equity,llm,1.3925720138892452
0000354950_0000354950-19-000010,stockholders_equity,llm,1.3925720138892452
0000354950_0000354950-19-000010,cash_and_equivalents,llm,1.3925720138892452
0000354950_0000354950-19-000010,cash_and_equivalents,llm,1.3925720138892452
0000354950_0000354950-19-000010,cash_and_equivalents,llm,1.3925720138892452
0000354950_0000354950-19-000010,operating_cash_flow,llm,1.3925720138892452
0000354950_0000354950-19-000010,operating_cash_flow,llm,1.3925720138892452
0000354950_0000354950-19-000010,operating_cash_flow,llm,1.3925720138892452
0000354950_0000354950-20-000015,revenue,llm,1.5351188011102042
0000354950_0000354950-20-000015,revenue,llm,1.5351188011102042
0000354950_0000354950-20-000015,revenue,llm,1.5351188011102042
0000354950_0000354950-20-000015,operating_income,llm,1.5351188011102042
0000354950_0000354950-20-000015,operating_income,llm,1.5351188011102042
0000354950_0000354950-20-000015,operating_income,llm,1.5351188011102042
0000354950_0000354950-20-000015,net_income,llm,1.5351188011102042
0000354950_0000354950-20-000015,net_income,llm,1.5351188011102042
0000354950_0000354950-20-000015,net_income,llm,1.5351188011102042
0000354950_0000354950-20-000015,eps_diluted,llm,1.5351188011102042
0000354950_0000354950-20-000015,eps_diluted,llm,1.5351188011102042
0000354950_0000354950-20-000015,eps_diluted,llm,1.5351188011102042
0000354950_0000354950-20-000015,total_assets,llm,1.5351188011102042
0000354950_0000354950-20-000015,total_assets,llm,1.5351188011102042
0000354950_0000354950-20-000015,total_assets,llm,1.5351188011102042
0000354950_0000354950-20-000015,total_liabilities,llm,1.5351188011102042
0000354950_0000354950-20-000015,total_liabilities,llm,1.5351188011102042
0000354950_0000354950-20-000015,total_liabilities,llm,1.5351188011102042
0000354950_0000354950-20-000015,stockholders_equity,llm,1.5351188011102042
0000354950_0000354950-20-000015,stockholders_equity,llm,1.5351188011102042
0000354950_0000354950-20-000015,stockholders_equity,llm,1.5351188011102042
0000354950_0000354950-20-000015,cash_and_equivalents,llm,1.5351188011102042
0000354950_0000354950-20-000015,cash_and_equivalents,llm,1.5351188011102042
0000354950_0000354950-20-000015,cash_and_equivalents,llm,1.5351188011102042
0000354950_0000354950-20-000015,operating_cash_flow,llm,1.5351188011102042
0000354950_0000354950-20-000015,operating_cash_flow,llm,1.5351188011102042
0000354950_0000354950-20-000015,operating_cash_flow,llm,1.5351188011102042
0000354950_0000354950-21-000089,revenue,llm,1.4725354351103306
0000354950_0000354950-21-000089,revenue,llm,1.4725354351103306
0000354950_0000354950-21-000089,revenue,llm,1.4725354351103306
0000354950_0000354950-21-000089,operating_income,llm,1.4725354351103306
0000354950_0000354950-21-000089,operating_income,llm,1.4725354351103306
0000354950_0000354950-21-000089,operating_income,llm,1.4725354351103306
0000354950_0000354950-21-000089,net_income,llm,1.4725354351103306
0000354950_0000354950-21-000089,net_income,llm,1.4725354351103306
0000354950_0000354950-21-000089,net_income,llm,1.4725354351103306
0000354950_0000354950-21-000089,eps_diluted,llm,1.4725354351103306
0000354950_0000354950-21-000089,eps_diluted,llm,1.4725354351103306
0000354950_0000354950-21-000089,eps_diluted,llm,1.4725354351103306
0000354950_0000354950-21-000089,total_assets,llm,1.4725354351103306
0000354950_0000354950-21-000089,total_assets,llm,1.4725354351103306
0000354950_0000354950-21-000089,total_assets,llm,1.4725354351103306
0000354950_0000354950-21-000089,total_liabilities,llm,1.4725354351103306
0000354950_0000354950-21-000089,total_liabilities,llm,1.4725354351103306
0000354950_0000354950-21-000089,total_liabilities,llm,1.4725354351103306
0000354950_0000354950-21-000089,stockholders_equity,llm,1.4725354351103306
0000354950_0000354950-21-000089,stockholders_equity,llm,1.4725354351103306
0000354950_0000354950-21-000089,stockholders_equity,llm,1.4725354351103306
0000354950_0000354950-21-000089,cash_and_equivalents,llm,1.4725354351103306
0000354950_0000354950-21-000089,cash_and_equivalents,llm,1.4725354351103306
0000354950_0000354950-21-000089,cash_and_equivalents,llm,1.4725354351103306
0000354950_0000354950-21-000089,operating_cash_flow,llm,1.4725354351103306
0000354950_0000354950-21-000089,operating_cash_flow,llm,1.4725354351103306
0000354950_0000354950-21-000089,operating_cash_flow,llm,1.4725354351103306
0000354950_0000354950-22-000070,revenue,llm,1.4813748241107936
0000354950_0000354950-22-000070,revenue,llm,1.4813748241107936
0000354950_0000354950-22-000070,revenue,llm,1.4813748241107936
0000354950_0000354950-22-000070,operating_income,llm,1.4813748241107936
0000354950_0000354950-22-000070,operating_income,llm,1.4813748241107936
0000354950_0000354950-22-000070,operating_income,llm,1.4813748241107936
0000354950_0000354950-22-000070,net_income,llm,1.4813748241107936
0000354950_0000354950-22-000070,net_income,llm,1.4813748241107936
0000354950_0000354950-22-000070,net_income,llm,1.4813748241107936
0000354950_0000354950-22-000070,eps_diluted,llm,1.4813748241107936
0000354950_0000354950-22-000070,eps_diluted,llm,1.4813748241107936
0000354950_0000354950-22-000070,eps_diluted,llm,1.4813748241107936
0000354950_0000354950-22-000070,total_assets,llm,1.4813748241107936
0000354950_0000354950-22-000070,total_assets,llm,1.4813748241107936
0000354950_0000354950-22-000070,total_assets,llm,1.4813748241107936
0000354950_0000354950-22-000070,total_liabilities,llm,1.4813748241107936
0000354950_0000354950-22-000070,total_liabilities,llm,1.4813748241107936
0000354950_0000354950-22-000070,total_liabilities,llm,1.4813748241107936
0000354950_0000354950-22-000070,stockholders_equity,llm,1.4813748241107936
0000354950_0000354950-22-000070,stockholders_equity,llm,1.4813748241107936
0000354950_0000354950-22-000070,stockholders_equity,llm,1.4813748241107936
0000354950_0000354950-22-000070,cash_and_equivalents,llm,1.4813748241107936
0000354950_0000354950-22-000070,cash_and_equivalents,llm,1.4813748241107936
0000354950_0000354950-22-000070,cash_and_equivalents,llm,1.4813748241107936
0000354950_0000354950-22-000070,operating_cash_flow,llm,1.4813748241107936
0000354950_0000354950-22-000070,operating_cash_flow,llm,1.4813748241107936
0000354950_0000354950-22-000070,operating_cash_flow,llm,1.4813748241107936
0000354950_0000354950-23-000059,revenue,llm,1.5409281713331842
0000354950_0000354950-23-000059,revenue,llm,1.5409281713331842
0000354950_0000354950-23-000059,revenue,llm,1.5409281713331842
0000354950_0000354950-23-000059,operating_income,llm,1.5409281713331842
0000354950_0000354950-23-000059,operating_income,llm,1.5409281713331842
0000354950_0000354950-23-000059,operating_income,llm,1.5409281713331842
0000354950_0000354950-23-000059,net_income,llm,1.5409281713331842
0000354950_0000354950-23-000059,net_income,llm,1.5409281713331842
0000354950_0000354950-23-000059,net_income,llm,1.5409281713331842
0000354950_0000354950-23-000059,eps_diluted,llm,1.5409281713331842
0000354950_0000354950-23-000059,eps_diluted,llm,1.5409281713331842
0000354950_0000354950-23-000059,eps_diluted,llm,1.5409281713331842
0000354950_0000354950-23-000059,total_assets,llm,1.5409281713331842
0000354950_0000354950-23-000059,total_assets,llm,1.5409281713331842
0000354950_0000354950-23-000059,total_assets,llm,1.5409281713331842
0000354950_0000354950-23-000059,total_liabilities,llm,1.5409281713331842
0000354950_0000354950-23-000059,total_liabilities,llm,1.5409281713331842
0000354950_0000354950-23-000059,total_liabilities,llm,1.5409281713331842
0000354950_0000354950-23-000059,stockholders_equity,llm,1.5409281713331842
0000354950_0000354950-23-000059,stockholders_equity,llm,1.5409281713331842
0000354950_0000354950-23-000059,stockholders_equity,llm,1.5409281713331842
0000354950_0000354950-23-000059,cash_and_equivalents,llm,1.5409281713331842
0000354950_0000354950-23-000059,cash_and_equivalents,llm,1.5409281713331842
0000354950_0000354950-23-000059,cash_and_equivalents,llm,1.5409281713331842
0000354950_0000354950-23-000059,operating_cash_flow,llm,1.5409281713331842
0000354950_0000354950-23-000059,operating_cash_flow,llm,1.5409281713331842
0000354950_0000354950-23-000059,operating_cash_flow,llm,1.5409281713331842
0000354950_0000354950-24-000062,revenue,llm,1.4790102869980424
0000354950_0000354950-24-000062,revenue,llm,1.4790102869980424
0000354950_0000354950-24-000062,revenue,llm,1.4790102869980424
0000354950_0000354950-24-000062,operating_income,llm,1.4790102869980424
0000354950_0000354950-24-000062,operating_income,llm,1.4790102869980424
0000354950_0000354950-24-000062,operating_income,llm,1.4790102869980424
0000354950_0000354950-24-000062,net_income,llm,1.4790102869980424
0000354950_0000354950-24-000062,net_income,llm,1.4790102869980424
0000354950_0000354950-24-000062,net_income,llm,1.4790102869980424
0000354950_0000354950-24-000062,eps_diluted,llm,1.4790102869980424
0000354950_0000354950-24-000062,eps_diluted,llm,1.4790102869980424
0000354950_0000354950-24-000062,eps_diluted,llm,1.4790102869980424
0000354950_0000354950-24-000062,total_assets,llm,1.4790102869980424
0000354950_0000354950-24-000062,total_assets,llm,1.4790102869980424
0000354950_0000354950-24-000062,total_assets,llm,1.4790102869980424
0000354950_0000354950-24-000062,total_liabilities,llm,1.4790102869980424
0000354950_0000354950-24-000062,total_liabilities,llm,1.4790102869980424
0000354950_0000354950-24-000062,total_liabilities,llm,1.4790102869980424
0000354950_0000354950-24-000062,stockholders_equity,llm,1.4790102869980424
0000354950_0000354950-24-000062,stockholders_equity,llm,1.4790102869980424
0000354950_0000354950-24-000062,stockholders_equity,llm,1.4790102869980424
0000354950_0000354950-24-000062,cash_and_equivalents,llm,1.4790102869980424
0000354950_0000354950-24-000062,cash_and_equivalents,llm,1.4790102869980424
0000354950_0000354950-24-000062,cash_and_equivalents,llm,1.4790102869980424
0000354950_0000354950-24-000062,operating_cash_flow,llm,1.4790102869980424
0000354950_0000354950-24-000062,operating_cash_flow,llm,1.4790102869980424
0000354950_0000354950-24-000062,operating_cash_flow,llm,1.4790102869980424
0000732712_0000732712-20-000014,revenue,llm,1.2563864260009723
0000732712_0000732712-20-000014,revenue,llm,1.2563864260009723
0000732712_0000732712-20-000014,revenue,llm,1.2563864260009723
0000732712_0000732712-20-000014,operating_income,llm,1.2563864260009723
0000732712_0000732712-20-000014,operating_income,llm,1.2563864260009723
0000732712_0000732712-20-000014,operating_income,llm,1.2563864260009723
0000732712_0000732712-20-000014,net_income,llm,1.2563864260009723
0000732712_0000732712-20-000014,net_income,llm,1.2563864260009723
0000732712_0000732712-20-000014,net_income,llm,1.2563864260009723
0000732712_0000732712-20-000014,eps_diluted,llm,1.2563864260009723
0000732712_0000732712-20-000014,eps_diluted,llm,1.2563864260009723
0000732712_0000732712-20-000014,eps_diluted,llm,1.2563864260009723
0000732712_0000732712-20-000014,total_assets,llm,1.2563864260009723
0000732712_0000732712-20-000014,total_assets,llm,1.2563864260009723
0000732712_0000732712-20-000014,total_assets,llm,1.2563864260009723
0000732712_0000732712-20-000014,stockholders_equity,llm,1.2563864260009723
0000732712_0000732712-20-000014,stockholders_equity,llm,1.2563864260009723
0000732712_0000732712-20-000014,stockholders_equity,llm,1.2563864260009723
0000732712_0000732712-20-000014,cash_and_equivalents,llm,1.2563864260009723
0000732712_0000732712-20-000014,cash_and_equivalents,llm,1.2563864260009723
0000732712_0000732712-20-000014,cash_and_equivalents,llm,1.2563864260009723
0000732712_0000732712-20-000014,operating_cash_flow,llm,1.2563864260009723
0000732712_0000732712-20-000014,operating_cash_flow,llm,1.2563864260009723
0000732712_0000732712-20-000014,operating_cash_flow,llm,1.2563864260009723
0000732712_0000732712-21-000012,revenue,llm,1.8883982731107
0000732712_0000732712-21-000012,revenue,llm,1.8883982731107
0000732712_0000732712-21-000012,revenue,llm,1.8883982731107
0000732712_0000732712-21-000012,operating_income,llm,1.8883982731107
0000732712_0000732712-21-000012,operating_income,llm,1.8883982731107
0000732712_0000732712-21-000012,operating_income,llm,1.8883982731107
0000732712_0000732712-21-000012,net_income,llm,1.8883982731107
0000732712_0000732712-21-000012,net_income,llm,1.8883982731107
0000732712_0000732712-21-000012,net_income,llm,1.8883982731107
0000732712_0000732712-21-000012,eps_diluted,llm,1.8883982731107
0000732712_0000732712-21-000012,eps_diluted,llm,1.8883982731107
0000732712_0000732712-21-000012,eps_diluted,llm,1.8883982731107
0000732712_0000732712-21-000012,total_assets,llm,1.8883982731107
0000732712_0000732712-21-000012,total_assets,llm,1.8883982731107
0000732712_0000732712-21-000012,total_assets,llm,1.8883982731107
0000732712_0000732712-21-000012,stockholders_equity,llm,1.8883982731107
0000732712_0000732712-21-000012,stockholders_equity,llm,1.8883982731107
0000732712_0000732712-21-000012,stockholders_equity,llm,1.8883982731107
0000732712_0000732712-21-000012,cash_and_equivalents,llm,1.8883982731107
0000732712_0000732712-21-000012,cash_and_equivalents,llm,1.8883982731107
0000732712_0000732712-21-000012,cash_and_equivalents,llm,1.8883982731107
0000732712_0000732712-21-000012,operating_cash_flow,llm,1.8883982731107
0000732712_0000732712-21-000012,operating_cash_flow,llm,1.8883982731107
0000732712_0000732712-21-000012,operating_cash_flow,llm,1.8883982731107
0000732712_0000732712-22-000008,revenue,llm,1.8170709536659868
0000732712_0000732712-22-000008,revenue,llm,1.8170709536659868
0000732712_0000732712-22-000008,revenue,llm,1.8170709536659868
0000732712_0000732712-22-000008,operating_income,llm,1.8170709536659868
0000732712_0000732712-22-000008,operating_income,llm,1.8170709536659868
0000732712_0000732712-22-000008,operating_income,llm,1.8170709536659868
0000732712_0000732712-22-000008,net_income,llm,1.8170709536659868
0000732712_0000732712-22-000008,net_income,llm,1.8170709536659868
0000732712_0000732712-22-000008,net_income,llm,1.8170709536659868
0000732712_0000732712-22-000008,eps_diluted,llm,1.8170709536659868
0000732712_0000732712-22-000008,eps_diluted,llm,1.8170709536659868
0000732712_0000732712-22-000008,eps_diluted,llm,1.8170709536659868
0000732712_0000732712-22-000008,total_assets,llm,1.8170709536659868
0000732712_0000732712-22-000008,total_assets,llm,1.8170709536659868
0000732712_0000732712-22-000008,total_assets,llm,1.8170709536659868
0000732712_0000732712-22-000008,stockholders_equity,llm,1.8170709536659868
0000732712_0000732712-22-000008,stockholders_equity,llm,1.8170709536659868
0000732712_0000732712-22-000008,stockholders_equity,llm,1.8170709536659868
0000732712_0000732712-22-000008,cash_and_equivalents,llm,1.8170709536659868
0000732712_0000732712-22-000008,cash_and_equivalents,llm,1.8170709536659868
0000732712_0000732712-22-000008,cash_and_equivalents,llm,1.8170709536659868
0000732712_0000732712-22-000008,operating_cash_flow,llm,1.8170709536659868
0000732712_0000732712-22-000008,operating_cash_flow,llm,1.8170709536659868
0000732712_0000732712-22-000008,operating_cash_flow,llm,1.8170709536659868
0000732712_0000732712-23-000012,revenue,llm,1.8011083748893322
0000732712_0000732712-23-000012,revenue,llm,1.8011083748893322
0000732712_0000732712-23-000012,revenue,llm,1.8011083748893322
0000732712_0000732712-23-000012,operating_income,llm,1.8011083748893322
0000732712_0000732712-23-000012,operating_income,llm,1.8011083748893322
0000732712_0000732712-23-000012,operating_income,llm,1.8011083748893322
0000732712_0000732712-23-000012,net_income,llm,1.8011083748893322
0000732712_0000732712-23-000012,net_income,llm,1.8011083748893322
0000732712_0000732712-23-000012,net_income,llm,1.8011083748893322
0000732712_0000732712-23-000012,eps_diluted,llm,1.8011083748893322
0000732712_0000732712-23-000012,eps_diluted,llm,1.8011083748893322
0000732712_0000732712-23-000012,eps_diluted,llm,1.8011083748893322
0000732712_0000732712-23-000012,total_assets,llm,1.8011083748893322
0000732712_0000732712-23-000012,total_assets,llm,1.8011083748893322
0000732712_0000732712-23-000012,total_assets,llm,1.8011083748893322
0000732712_0000732712-23-000012,stockholders_equity,llm,1.8011083748893322
0000732712_0000732712-23-000012,stockholders_equity,llm,1.8011083748893322
0000732712_0000732712-23-000012,stockholders_equity,llm,1.8011083748893322
0000732712_0000732712-23-000012,cash_and_equivalents,llm,1.8011083748893322
0000732712_0000732712-23-000012,cash_and_equivalents,llm,1.8011083748893322
0000732712_0000732712-23-000012,cash_and_equivalents,llm,1.8011083748893322
0000732712_0000732712-23-000012,operating_cash_flow,llm,1.8011083748893322
0000732712_0000732712-23-000012,operating_cash_flow,llm,1.8011083748893322
0000732712_0000732712-23-000012,operating_cash_flow,llm,1.8011083748893322
0000732712_0000732712-24-000010,revenue,llm,1.8117766435574998
0000732712_0000732712-24-000010,revenue,llm,1.8117766435574998
0000732712_0000732712-24-000010,revenue,llm,1.8117766435574998
0000732712_0000732712-24-000010,operating_income,llm,1.8117766435574998
0000732712_0000732712-24-000010,operating_income,llm,1.8117766435574998
0000732712_0000732712-24-000010,operating_income,llm,1.8117766435574998
0000732712_0000732712-24-000010,net_income,llm,1.8117766435574998
0000732712_0000732712-24-000010,net_income,llm,1.8117766435574998
0000732712_0000732712-24-000010,net_income,llm,1.8117766435574998
0000732712_0000732712-24-000010,eps_diluted,llm,1.8117766435574998
0000732712_0000732712-24-000010,eps_diluted,llm,1.8117766435574998
0000732712_0000732712-24-000010,eps_diluted,llm,1.8117766435574998
0000732712_0000732712-24-000010,total_assets,llm,1.8117766435574998
0000732712_0000732712-24-000010,total_assets,llm,1.8117766435574998
0000732712_0000732712-24-000010,total_assets,llm,1.8117766435574998
0000732712_0000732712-24-000010,stockholders_equity,llm,1.8117766435574998
0000732712_0000732712-24-000010,stockholders_equity,llm,1.8117766435574998
0000732712_0000732712-24-000010,stockholders_equity,llm,1.8117766435574998
0000732712_0000732712-24-000010,cash_and_equivalents,llm,1.8117766435574998
0000732712_0000732712-24-000010,cash_and_equivalents,llm,1.8117766435574998
0000732712_0000732712-24-000010,cash_and_equivalents,llm,1.8117766435574998
0000732712_0000732712-24-000010,operating_cash_flow,llm,1.8117766435574998
0000732712_0000732712-24-000010,operating_cash_flow,llm,1.8117766435574998
0000732712_0000732712-24-000010,operating_cash_flow,llm,1.8117766435574998
0000732712_0000732712-25-000006,revenue,llm,1.7657517084444407
0000732712_0000732712-25-000006,revenue,llm,1.7657517084444407
0000732712_0000732712-25-000006,revenue,llm,1.7657517084444407
0000732712_0000732712-25-000006,operating_income,llm,1.7657517084444407
0000732712_0000732712-25-000006,operating_income,llm,1.7657517084444407
0000732712_0000732712-25-000006,operating_income,llm,1.7657517084444407
0000732712_0000732712-25-000006,net_income,llm,1.7657517084444407
0000732712_0000732712-25-000006,net_income,llm,1.7657517084444407
0000732712_0000732712-25-000006,net_income,llm,1.7657517084444407
0000732712_0000732712-25-000006,eps_diluted,llm,1.7657517084444407
0000732712_0000732712-25-000006,eps_diluted,llm,1.7657517084444407
0000732712_0000732712-25-000006,eps_diluted,llm,1.7657517084444407
0000732712_0000732712-25-000006,total_assets,llm,1.7657517084444407
0000732712_0000732712-25-000006,total_assets,llm,1.7657517084444407
0000732712_0000732712-25-000006,total_assets,llm,1.7657517084444407
0000732712_0000732712-25-000006,stockholders_equity,llm,1.7657517084444407
0000732712_0000732712-25-000006,stockholders_equity,llm,1.7657517084444407
0000732712_0000732712-25-000006,stockholders_equity,llm,1.7657517084444407
0000732712_0000732712-25-000006,cash_and_equivalents,llm,1.7657517084444407
0000732712_0000732712-25-000006,cash_and_equivalents,llm,1.7657517084444407
0000732712_0000732712-25-000006,cash_and_equivalents,llm,1.7657517084444407
0000732712_0000732712-25-000006,operating_cash_flow,llm,1.7657517084444407
0000732712_0000732712-25-000006,operating_cash_flow,llm,1.7657517084444407
0000732712_0000732712-25-000006,operating_cash_flow,llm,1.7657517084444407
0000789019_0001564590-19-027952,revenue,llm,1.588419064777554
0000789019_0001564590-19-027952,revenue,llm,1.588419064777554
0000789019_0001564590-19-027952,revenue,llm,1.588419064777554
0000789019_0001564590-19-027952,operating_income,llm,1.588419064777554
0000789019_0001564590-19-027952,operating_income,llm,1.588419064777554
0000789019_0001564590-19-027952,operating_income,llm,1.588419064777554
0000789019_0001564590-19-027952,net_income,llm,1.588419064777554
0000789019_0001564590-19-027952,net_income,llm,1.588419064777554
0000789019_0001564590-19-027952,net_income,llm,1.588419064777554
0000789019_0001564590-19-027952,eps_diluted,llm,1.588419064777554
0000789019_0001564590-19-027952,eps_diluted,llm,1.588419064777554
0000789019_0001564590-19-027952,eps_diluted,llm,1.588419064777554
0000789019_0001564590-19-027952,total_assets,llm,1.588419064777554
0000789019_0001564590-19-027952,total_assets,llm,1.588419064777554
0000789019_0001564590-19-027952,total_assets,llm,1.588419064777554
0000789019_0001564590-19-027952,total_liabilities,llm,1.588419064777554
0000789019_0001564590-19-027952,total_liabilities,llm,1.588419064777554
0000789019_0001564590-19-027952,total_liabilities,llm,1.588419064777554
0000789019_0001564590-19-027952,stockholders_equity,llm,1.588419064777554
0000789019_0001564590-19-027952,stockholders_equity,llm,1.588419064777554
0000789019_0001564590-19-027952,stockholders_equity,llm,1.588419064777554
0000789019_0001564590-19-027952,cash_and_equivalents,llm,1.588419064777554
0000789019_0001564590-19-027952,cash_and_equivalents,llm,1.588419064777554
0000789019_0001564590-19-027952,cash_and_equivalents,llm,1.588419064777554
0000789019_0001564590-19-027952,operating_cash_flow,llm,1.588419064777554
0000789019_0001564590-19-027952,operating_cash_flow,llm,1.588419064777554
0000789019_0001564590-19-027952,operating_cash_flow,llm,1.588419064777554
0000789019_0001564590-20-034944,revenue,llm,1.6181051064454044
0000789019_0001564590-20-034944,revenue,llm,1.6181051064454044
0000789019_0001564590-20-034944,revenue,llm,1.6181051064454044
0000789019_0001564590-20-034944,operating_income,llm,1.6181051064454044
0000789019_0001564590-20-034944,operating_income,llm,1.6181051064454044
0000789019_0001564590-20-034944,operating_income,llm,1.6181051064454044
0000789019_0001564590-20-034944,net_income,llm,1.6181051064454044
0000789019_0001564590-20-034944,net_income,llm,1.6181051064454044
0000789019_0001564590-20-034944,net_income,llm,1.6181051064454044
0000789019_0001564590-20-034944,eps_diluted,llm,1.6181051064454044
0000789019_0001564590-20-034944,eps_diluted,llm,1.6181051064454044
0000789019_0001564590-20-034944,eps_diluted,llm,1.6181051064454044
0000789019_0001564590-20-034944,total_assets,llm,1.6181051064454044
0000789019_0001564590-20-034944,total_assets,llm,1.6181051064454044
0000789019_0001564590-20-034944,total_assets,llm,1.6181051064454044
0000789019_0001564590-20-034944,total_liabilities,llm,1.6181051064454044
0000789019_0001564590-20-034944,total_liabilities,llm,1.6181051064454044
0000789019_0001564590-20-034944,total_liabilities,llm,1.6181051064454044
0000789019_0001564590-20-034944,stockholders_equity,llm,1.6181051064454044
0000789019_0001564590-20-034944,stockholders_equity,llm,1.6181051064454044
0000789019_0001564590-20-034944,stockholders_equity,llm,1.6181051064454044
0000789019_0001564590-20-034944,cash_and_equivalents,llm,1.6181051064454044
0000789019_0001564590-20-034944,cash_and_equivalents,llm,1.6181051064454044
0000789019_0001564590-20-034944,cash_and_equivalents,llm,1.6181051064454044
0000789019_0001564590-20-034944,operating_cash_flow,llm,1.6181051064454044
0000789019_0001564590-20-034944,operating_cash_flow,llm,1.6181051064454044
0000789019_0001564590-20-034944,operating_cash_flow,llm,1.6181051064454044
0000789019_0001564590-21-039151,revenue,llm,1.6230329630003932
0000789019_0001564590-21-039151,revenue,llm,1.6230329630003932
0000789019_0001564590-21-039151,revenue,llm,1.6230329630003932
0000789019_0001564590-21-039151,operating_income,llm,1.6230329630003932
0000789019_0001564590-21-039151,operating_income,llm,1.6230329630003932
0000789019_0001564590-21-039151,operating_income,llm,1.6230329630003932
0000789019_0001564590-21-039151,net_income,llm,1.6230329630003932
0000789019_0001564590-21-039151,net_income,llm,1.6230329630003932
0000789019_0001564590-21-039151,net_income,llm,1.6230329630003932
0000789019_0001564590-21-039151,eps_diluted,llm,1.6230329630003932
0000789019_0001564590-21-039151,eps_diluted,llm,1.6230329630003932
0000789019_0001564590-21-039151,eps_diluted,llm,1.6230329630003932
0000789019_0001564590-21-039151,total_assets,llm,1.6230329630003932
0000789019_0001564590-21-039151,total_assets,llm,1.6230329630003932
0000789019_0001564590-21-039151,total_assets,llm,1.6230329630003932
0000789019_0001564590-21-039151,total_liabilities,llm,1.6230329630003932
0000789019_0001564590-21-039151,total_liabilities,llm,1.6230329630003932
0000789019_0001564590-21-039151,total_liabilities,llm,1.6230329630003932
0000789019_0001564590-21-039151,stockholders_equity,llm,1.6230329630003932
0000789019_0001564590-21-039151,stockholders_equity,llm,1.6230329630003932
0000789019_0001564590-21-039151,stockholders_equity,llm,1.6230329630003932
0000789019_0001564590-21-039151,cash_and_equivalents,llm,1.6230329630003932
0000789019_0001564590-21-039151,cash_and_equivalents,llm,1.6230329630003932
0000789019_0001564590-21-039151,cash_and_equivalents,llm,1.6230329630003932
0000789019_0001564590-21-039151,operating_cash_flow,llm,1.6230329630003932
0000789019_0001564590-21-039151,operating_cash_flow,llm,1.6230329630003932
0000789019_0001564590-21-039151,operating_cash_flow,llm,1.6230329630003932
0000789019_0001564590-22-026876,revenue,llm,1.579031000111071
0000789019_0001564590-22-026876,revenue,llm,1.579031000111071
0000789019_0001564590-22-026876,revenue,llm,1.579031000111071
0000789019_0001564590-22-026876,operating_income,llm,1.579031000111071
0000789019_0001564590-22-026876,operating_income,llm,1.579031000111071
0000789019_0001564590-22-026876,operating_income,llm,1.579031000111071
0000789019_0001564590-22-026876,net_income,llm,1.579031000111071
0000789019_0001564590-22-026876,net_income,llm,1.579031000111071
0000789019_0001564590-22-026876,net_income,llm,1.579031000111071
0000789019_0001564590-22-026876,eps_diluted,llm,1.579031000111071
0000789019_0001564590-22-026876,eps_diluted,llm,1.579031000111071
0000789019_0001564590-22-026876,eps_diluted,llm,1.579031000111071
0000789019_0001564590-22-026876,total_assets,llm,1.579031000111071
0000789019_0001564590-22-026876,total_assets,llm,1.579031000111071
0000789019_0001564590-22-026876,total_assets,llm,1.579031000111071
0000789019_0001564590-22-026876,total_liabilities,llm,1.579031000111071
0000789019_0001564590-22-026876,total_liabilities,llm,1.579031000111071
0000789019_0001564590-22-026876,total_liabilities,llm,1.579031000111071
0000789019_0001564590-22-026876,stockholders_equity,llm,1.579031000111071
0000789019_0001564590-22-026876,stockholders_equity,llm,1.579031000111071
0000789019_0001564590-22-026876,stockholders_equity,llm,1.579031000111071
0000789019_0001564590-22-026876,cash_and_equivalents,llm,1.579031000111071
0000789019_0001564590-22-026876,cash_and_equivalents,llm,1.579031000111071
0000789019_0001564590-22-026876,cash_and_equivalents,llm,1.579031000111071
0000789019_0001564590-22-026876,operating_cash_flow,llm,1.579031000111071
0000789019_0001564590-22-026876,operating_cash_flow,llm,1.579031000111071
0000789019_0001564590-22-026876,operating_cash_flow,llm,1.579031000111071
0000789019_0000950170-23-035122,revenue,llm,1.5538829536655814
0000789019_0000950170-23-035122,revenue,llm,1.5538829536655814
0000789019_0000950170-23-035122,revenue,llm,1.5538829536655814
0000789019_0000950170-23-035122,operating_income,llm,1.5538829536655814
0000789019_0000950170-23-035122,operating_income,llm,1.5538829536655814
0000789019_0000950170-23-035122,operating_income,llm,1.5538829536655814
0000789019_0000950170-23-035122,net_income,llm,1.5538829536655814
0000789019_0000950170-23-035122,net_income,llm,1.5538829536655814
0000789019_0000950170-23-035122,net_income,llm,1.5538829536655814
0000789019_0000950170-23-035122,eps_diluted,llm,1.5538829536655814
0000789019_0000950170-23-035122,eps_diluted,llm,1.5538829536655814
0000789019_0000950170-23-035122,eps_diluted,llm,1.5538829536655814
0000789019_0000950170-23-035122,total_assets,llm,1.5538829536655814
0000789019_0000950170-23-035122,total_assets,llm,1.5538829536655814
0000789019_0000950170-23-035122,total_assets,llm,1.5538829536655814
0000789019_0000950170-23-035122,total_liabilities,llm,1.5538829536655814
0000789019_0000950170-23-035122,total_liabilities,llm,1.5538829536655814
0000789019_0000950170-23-035122,total_liabilities,llm,1.5538829536655814
0000789019_0000950170-23-035122,stockholders_equity,llm,1.5538829536655814
0000789019_0000950170-23-035122,stockholders_equity,llm,1.5538829536655814
0000789019_0000950170-23-035122,stockholders_equity,llm,1.5538829536655814
0000789019_0000950170-23-035122,cash_and_equivalents,llm,1.5538829536655814
0000789019_0000950170-23-035122,cash_and_equivalents,llm,1.5538829536655814
0000789019_0000950170-23-035122,cash_and_equivalents,llm,1.5538829536655814
0000789019_0000950170-23-035122,operating_cash_flow,llm,1.5538829536655814
0000789019_0000950170-23-035122,operating_cash_flow,llm,1.5538829536655814
0000789019_0000950170-23-035122,operating_cash_flow,llm,1.5538829536655814
0000789019_0000950170-24-087843,revenue,llm,1.6048668380002102
0000789019_0000950170-24-087843,revenue,llm,1.6048668380002102
0000789019_0000950170-24-087843,revenue,llm,1.6048668380002102
0000789019_0000950170-24-087843,operating_income,llm,1.6048668380002102
0000789019_0000950170-24-087843,operating_income,llm,1.6048668380002102
0000789019_0000950170-24-087843,operating_income,llm,1.6048668380002102
0000789019_0000950170-24-087843,net_income,llm,1.6048668380002102
0000789019_0000950170-24-087843,net_income,llm,1.6048668380002102
0000789019_0000950170-24-087843,net_income,llm,1.6048668380002102
0000789019_0000950170-24-087843,eps_diluted,llm,1.6048668380002102
0000789019_0000950170-24-087843,eps_diluted,llm,1.6048668380002102
0000789019_0000950170-24-087843,eps_diluted,llm,1.6048668380002102
0000789019_0000950170-24-087843,total_assets,llm,1.6048668380002102
0000789019_0000950170-24-087843,total_assets,llm,1.6048668380002102
0000789019_0000950170-24-087843,total_assets,llm,1.6048668380002102
0000789019_0000950170-24-087843,total_liabilities,llm,1.6048668380002102
0000789019_0000950170-24-087843,total_liabilities,llm,1.6048668380002102
0000789019_0000950170-24-087843,total_liabilities,llm,1.6048668380002102
0000789019_0000950170-24-087843,stockholders_equity,llm,1.6048668380002102
0000789019_0000950170-24-087843,stockholders_equity,llm,1.6048668380002102
0000789019_0000950170-24-087843,stockholders_equity,llm,1.6048668380002102
0000789019_0000950170-24-087843,cash_and_equivalents,llm,1.6048668380002102
0000789019_0000950170-24-087843,cash_and_equivalents,llm,1.6048668380002102
0000789019_0000950170-24-087843,cash_and_equivalents,llm,1.6048668380002102
0000789019_0000950170-24-087843,operating_cash_flow,llm,1.6048668380002102
0000789019_0000950170-24-087843,operating_cash_flow,llm,1.6048668380002102
0000789019_0000950170-24-087843,operating_cash_flow,llm,1.6048668380002102
0000858877_0000858877-19-000012,revenue,llm,1.8096199537798787
0000858877_0000858877-19-000012,revenue,llm,1.8096199537798787
0000858877_0000858877-19-000012,revenue,llm,1.8096199537798787
0000858877_0000858877-19-000012,operating_income,llm,1.8096199537798787
0000858877_0000858877-19-000012,operating_income,llm,1.8096199537798787
0000858877_0000858877-19-000012,operating_income,llm,1.8096199537798787
0000858877_0000858877-19-000012,net_income,llm,1.8096199537798787
0000858877_0000858877-19-000012,net_income,llm,1.8096199537798787
0000858877_0000858877-19-000012,net_income,llm,1.8096199537798787
0000858877_0000858877-19-000012,eps_diluted,llm,1.8096199537798787
0000858877_0000858877-19-000012,eps_diluted,llm,1.8096199537798787
0000858877_0000858877-19-000012,eps_diluted,llm,1.8096199537798787
0000858877_0000858877-19-000012,total_assets,llm,1.8096199537798787
0000858877_0000858877-19-000012,total_assets,llm,1.8096199537798787
0000858877_0000858877-19-000012,total_assets,llm,1.8096199537798787
0000858877_0000858877-19-000012,total_liabilities,llm,1.8096199537798787
0000858877_0000858877-19-000012,total_liabilities,llm,1.8096199537798787
0000858877_0000858877-19-000012,total_liabilities,llm,1.8096199537798787
0000858877_0000858877-19-000012,stockholders_equity,llm,1.8096199537798787
0000858877_0000858877-19-000012,stockholders_equity,llm,1.8096199537798787
0000858877_0000858877-19-000012,stockholders_equity,llm,1.8096199537798787
0000858877_0000858877-19-000012,cash_and_equivalents,llm,1.8096199537798787
0000858877_0000858877-19-000012,cash_and_equivalents,llm,1.8096199537798787
0000858877_0000858877-19-000012,cash_and_equivalents,llm,1.8096199537798787
0000858877_0000858877-19-000012,operating_cash_flow,llm,1.8096199537798787
0000858877_0000858877-19-000012,operating_cash_flow,llm,1.8096199537798787
0000858877_0000858877-19-000012,operating_cash_flow,llm,1.8096199537798787
0000858877_0000858877-20-000010,revenue,llm,1.7378300833321798
0000858877_0000858877-20-000010,revenue,llm,1.7378300833321798
0000858877_0000858877-20-000010,revenue,llm,1.7378300833321798
0000858877_0000858877-20-000010,operating_income,llm,1.7378300833321798
0000858877_0000858877-20-000010,operating_income,llm,1.7378300833321798
0000858877_0000858877-20-000010,operating_income,llm,1.7378300833321798
0000858877_0000858877-20-000010,net_income,llm,1.7378300833321798
0000858877_0000858877-20-000010,net_income,llm,1.7378300833321798
0000858877_0000858877-20-000010,net_income,llm,1.7378300833321798
0000858877_0000858877-20-000010,eps_diluted,llm,1.7378300833321798
0000858877_0000858877-20-000010,eps_diluted,llm,1.7378300833321798
0000858877_0000858877-20-000010,eps_diluted,llm,1.7378300833321798
0000858877_0000858877-20-000010,total_assets,llm,1.7378300833321798
0000858877_0000858877-20-000010,total_assets,llm,1.7378300833321798
0000858877_0000858877-20-000010,total_assets,llm,1.7378300833321798
0000858877_0000858877-20-000010,total_liabilities,llm,1.7378300833321798
0000858877_0000858877-20-000010,total_liabilities,llm,1.7378300833321798
0000858877_0000858877-20-000010,total_liabilities,llm,1.7378300833321798
0000858877_0000858877-20-000010,stockholders_equity,llm,1.7378300833321798
0000858877_0000858877-20-000010,stockholders_equity,llm,1.7378300833321798
0000858877_0000858877-20-000010,stockholders_equity,llm,1.7378300833321798
0000858877_0000858877-20-000010,cash_and_equivalents,llm,1.7378300833321798
0000858877_0000858877-20-000010,cash_and_equivalents,llm,1.7378300833321798
0000858877_0000858877-20-000010,cash_and_equivalents,llm,1.7378300833321798
0000858877_0000858877-20-000010,operating_cash_flow,llm,1.7378300833321798
0000858877_0000858877-20-000010,operating_cash_flow,llm,1.7378300833321798
0000858877_0000858877-20-000010,operating_cash_flow,llm,1.7378300833321798
0000858877_0000858877-21-000013,revenue,llm,1.6494417823333707
0000858877_0000858877-21-000013,revenue,llm,1.6494417823333707
0000858877_0000858877-21-000013,revenue,llm,1.6494417823333707
0000858877_0000858877-21-000013,operating_income,llm,1.6494417823333707
0000858877_0000858877-21-000013,operating_income,llm,1.6494417823333707
0000858877_0000858877-21-000013,operating_income,llm,1.6494417823333707
0000858877_0000858877-21-000013,net_income,llm,1.6494417823333707
0000858877_0000858877-21-000013,net_income,llm,1.6494417823333707
0000858877_0000858877-21-000013,net_income,llm,1.6494417823333707
0000858877_0000858877-21-000013,eps_diluted,llm,1.6494417823333707
0000858877_0000858877-21-000013,eps_diluted,llm,1.6494417823333707
0000858877_0000858877-21-000013,eps_diluted,llm,1.6494417823333707
0000858877_0000858877-21-000013,total_assets,llm,1.6494417823333707
0000858877_0000858877-21-000013,total_assets,llm,1.6494417823333707
0000858877_0000858877-21-000013,total_assets,llm,1.6494417823333707
0000858877_0000858877-21-000013,total_liabilities,llm,1.6494417823333707
0000858877_0000858877-21-000013,total_liabilities,llm,1.6494417823333707
0000858877_0000858877-21-000013,total_liabilities,llm,1.6494417823333707
0000858877_0000858877-21-000013,stockholders_equity,llm,1.6494417823333707
0000858877_0000858877-21-000013,stockholders_equity,llm,1.6494417823333707
0000858877_0000858877-21-000013,stockholders_equity,llm,1.6494417823333707
0000858877_0000858877-21-000013,cash_and_equivalents,llm,1.6494417823333707
0000858877_0000858877-21-000013,cash_and_equivalents,llm,1.6494417823333707
0000858877_0000858877-21-000013,cash_and_equivalents,llm,1.6494417823333707
0000858877_0000858877-21-000013,operating_cash_flow,llm,1.6494417823333707
0000858877_0000858877-21-000013,operating_cash_flow,llm,1.6494417823333707
0000858877_0000858877-21-000013,operating_cash_flow,llm,1.6494417823333707
0000858877_0000858877-22-000013,revenue,llm,1.7161385972237135
0000858877_0000858877-22-000013,revenue,llm,1.7161385972237135
0000858877_0000858877-22-000013,revenue,llm,1.7161385972237135
0000858877_0000858877-22-000013,operating_income,llm,1.7161385972237135
0000858877_0000858877-22-000013,operating_income,llm,1.7161385972237135
0000858877_0000858877-22-000013,operating_income,llm,1.7161385972237135
0000858877_0000858877-22-000013,net_income,llm,1.7161385972237135
0000858877_0000858877-22-000013,net_income,llm,1.7161385972237135
0000858877_0000858877-22-000013,net_income,llm,1.7161385972237135
0000858877_0000858877-22-000013,eps_diluted,llm,1.7161385972237135
0000858877_0000858877-22-000013,eps_diluted,llm,1.7161385972237135
0000858877_0000858877-22-000013,eps_diluted,llm,1.7161385972237135
0000858877_0000858877-22-000013,total_assets,llm,1.7161385972237135
0000858877_0000858877-22-000013,total_assets,llm,1.7161385972237135
0000858877_0000858877-22-000013,total_assets,llm,1.7161385972237135
0000858877_0000858877-22-000013,total_liabilities,llm,1.7161385972237135
0000858877_0000858877-22-000013,total_liabilities,llm,1.7161385972237135
0000858877_0000858877-22-000013,total_liabilities,llm,1.7161385972237135
0000858877_0000858877-22-000013,stockholders_equity,llm,1.7161385972237135
0000858877_0000858877-22-000013,stockholders_equity,llm,1.7161385972237135
0000858877_0000858877-22-000013,stockholders_equity,llm,1.7161385972237135
0000858877_0000858877-22-000013,cash_and_equivalents,llm,1.7161385972237135
0000858877_0000858877-22-000013,cash_and_equivalents,llm,1.7161385972237135
0000858877_0000858877-22-000013,cash_and_equivalents,llm,1.7161385972237135
0000858877_0000858877-22-000013,operating_cash_flow,llm,1.7161385972237135
0000858877_0000858877-22-000013,operating_cash_flow,llm,1.7161385972237135
0000858877_0000858877-22-000013,operating_cash_flow,llm,1.7161385972237135
0000858877_0000858877-23-000023,revenue,llm,1.8200504397779391
0000858877_0000858877-23-000023,revenue,llm,1.8200504397779391
0000858877_0000858877-23-000023,revenue,llm,1.8200504397779391
0000858877_0000858877-23-000023,operating_income,llm,1.8200504397779391
0000858877_0000858877-23-000023,operating_income,llm,1.8200504397779391
0000858877_0000858877-23-000023,operating_income,llm,1.8200504397779391
0000858877_0000858877-23-000023,net_income,llm,1.8200504397779391
0000858877_0000858877-23-000023,net_income,llm,1.8200504397779391
0000858877_0000858877-23-000023,net_income,llm,1.8200504397779391
0000858877_0000858877-23-000023,eps_diluted,llm,1.8200504397779391
0000858877_0000858877-23-000023,eps_diluted,llm,1.8200504397779391
0000858877_0000858877-23-000023,eps_diluted,llm,1.8200504397779391
0000858877_0000858877-23-000023,total_assets,llm,1.8200504397779391
0000858877_0000858877-23-000023,total_assets,llm,1.8200504397779391
0000858877_0000858877-23-000023,total_assets,llm,1.8200504397779391
0000858877_0000858877-23-000023,total_liabilities,llm,1.8200504397779391
0000858877_0000858877-23-000023,total_liabilities,llm,1.8200504397779391
0000858877_0000858877-23-000023,total_liabilities,llm,1.8200504397779391
0000858877_0000858877-23-000023,stockholders_equity,llm,1.8200504397779391
0000858877_0000858877-23-000023,stockholders_equity,llm,1.8200504397779391
0000858877_0000858877-23-000023,stockholders_equity,llm,1.8200504397779391
0000858877_0000858877-23-000023,cash_and_equivalents,llm,1.8200504397779391
0000858877_0000858877-23-000023,cash_and_equivalents,llm,1.8200504397779391
0000858877_0000858877-23-000023,cash_and_equivalents,llm,1.8200504397779391
0000858877_0000858877-23-000023,operating_cash_flow,llm,1.8200504397779391
0000858877_0000858877-23-000023,operating_cash_flow,llm,1.8200504397779391
0000858877_0000858877-23-000023,operating_cash_flow,llm,1.8200504397779391
0000858877_0000858877-24-000017,revenue,llm,1.6534131479986374
0000858877_0000858877-24-000017,revenue,llm,1.6534131479986374
0000858877_0000858877-24-000017,revenue,llm,1.6534131479986374
0000858877_0000858877-24-000017,operating_income,llm,1.6534131479986374
0000858877_0000858877-24-000017,operating_income,llm,1.6534131479986374
0000858877_0000858877-24-000017,operating_income,llm,1.6534131479986374
0000858877_0000858877-24-000017,net_income,llm,1.6534131479986374
0000858877_0000858877-24-000017,net_income,llm,1.6534131479986374
0000858877_0000858877-24-000017,net_income,llm,1.6534131479986374
0000858877_0000858877-24-000017,eps_diluted,llm,1.6534131479986374
0000858877_0000858877-24-000017,eps_diluted,llm,1.6534131479986374
0000858877_0000858877-24-000017,eps_diluted,llm,1.6534131479986374
0000858877_0000858877-24-000017,total_assets,llm,1.6534131479986374
0000858877_0000858877-24-000017,total_assets,llm,1.6534131479986374
0000858877_0000858877-24-000017,total_assets,llm,1.6534131479986374
0000858877_0000858877-24-000017,total_liabilities,llm,1.6534131479986374
0000858877_0000858877-24-000017,total_liabilities,llm,1.6534131479986374
0000858877_0000858877-24-000017,total_liabilities,llm,1.6534131479986374
0000858877_0000858877-24-000017,stockholders_equity,llm,1.6534131479986374
0000858877_0000858877-24-000017,stockholders_equity,llm,1.6534131479986374
0000858877_0000858877-24-000017,stockholders_equity,llm,1.6534131479986374
0000858877_0000858877-24-000017,cash_and_equivalents,llm,1.6534131479986374
0000858877_0000858877-24-000017,cash_and_equivalents,llm,1.6534131479986374
0000858877_0000858877-24-000017,cash_and_equivalents,llm,1.6534131479986374
0000858877_0000858877-24-000017,operating_cash_flow,llm,1.6534131479986374
0000858877_0000858877-24-000017,operating_cash_flow,llm,1.6534131479986374
0000858877_0000858877-24-000017,operating_cash_flow,llm,1.6534131479986374
0000909832_0000909832-19-000019,revenue,llm,1.2839257732218052
0000909832_0000909832-19-000019,revenue,llm,1.2839257732218052
0000909832_0000909832-19-000019,revenue,llm,1.2839257732218052
0000909832_0000909832-19-000019,operating_income,llm,1.2839257732218052
0000909832_0000909832-19-000019,operating_income,llm,1.2839257732218052
0000909832_0000909832-19-000019,operating_income,llm,1.2839257732218052
0000909832_0000909832-19-000019,net_income,llm,1.2839257732218052
0000909832_0000909832-19-000019,net_income,llm,1.2839257732218052
0000909832_0000909832-19-000019,net_income,llm,1.2839257732218052
0000909832_0000909832-19-000019,eps_diluted,llm,1.2839257732218052
0000909832_0000909832-19-000019,eps_diluted,llm,1.2839257732218052
0000909832_0000909832-19-000019,eps_diluted,llm,1.2839257732218052
0000909832_0000909832-19-000019,total_assets,llm,1.2839257732218052
0000909832_0000909832-19-000019,total_assets,llm,1.2839257732218052
0000909832_0000909832-19-000019,total_assets,llm,1.2839257732218052
0000909832_0000909832-19-000019,total_liabilities,llm,1.2839257732218052
0000909832_0000909832-19-000019,total_liabilities,llm,1.2839257732218052
0000909832_0000909832-19-000019,total_liabilities,llm,1.2839257732218052
0000909832_0000909832-19-000019,stockholders_equity,llm,1.2839257732218052
0000909832_0000909832-19-000019,stockholders_equity,llm,1.2839257732218052
0000909832_0000909832-19-000019,stockholders_equity,llm,1.2839257732218052
0000909832_0000909832-19-000019,cash_and_equivalents,llm,1.2839257732218052
0000909832_0000909832-19-000019,cash_and_equivalents,llm,1.2839257732218052
0000909832_0000909832-19-000019,cash_and_equivalents,llm,1.2839257732218052
0000909832_0000909832-19-000019,operating_cash_flow,llm,1.2839257732218052
0000909832_0000909832-19-000019,operating_cash_flow,llm,1.2839257732218052
0000909832_0000909832-19-000019,operating_cash_flow,llm,1.2839257732218052
0000909832_0000909832-20-000017,revenue,llm,1.35847256022195
0000909832_0000909832-20-000017,revenue,llm,1.35847256022195
0000909832_0000909832-20-000017,revenue,llm,1.35847256022195
0000909832_0000909832-20-000017,operating_income,llm,1.35847256022195
0000909832_0000909832-20-000017,operating_income,llm,1.35847256022195
0000909832_0000909832-20-000017,operating_income,llm,1.35847256022195
0000909832_0000909832-20-000017,net_income,llm,1.35847256022195
0000909832_0000909832-20-000017,net_income,llm,1.35847256022195
0000909832_0000909832-20-000017,net_income,llm,1.35847256022195
0000909832_0000909832-20-000017,eps_diluted,llm,1.35847256022195
0000909832_0000909832-20-000017,eps_diluted,llm,1.35847256022195
0000909832_0000909832-20-000017,eps_diluted,llm,1.35847256022195
0000909832_0000909832-20-000017,total_assets,llm,1.35847256022195
0000909832_0000909832-20-000017,total_assets,llm,1.35847256022195
0000909832_0000909832-20-000017,total_assets,llm,1.35847256022195
0000909832_0000909832-20-000017,total_liabilities,llm,1.35847256022195
0000909832_0000909832-20-000017,total_liabilities,llm,1.35847256022195
0000909832_0000909832-20-000017,total_liabilities,llm,1.35847256022195
0000909832_0000909832-20-000017,stockholders_equity,llm,1.35847256022195
0000909832_0000909832-20-000017,stockholders_equity,llm,1.35847256022195
0000909832_0000909832-20-000017,stockholders_equity,llm,1.35847256022195
0000909832_0000909832-20-000017,cash_and_equivalents,llm,1.35847256022195
0000909832_0000909832-20-000017,cash_and_equivalents,llm,1.35847256022195
0000909832_0000909832-20-000017,cash_and_equivalents,llm,1.35847256022195
0000909832_0000909832-20-000017,operating_cash_flow,llm,1.35847256022195
0000909832_0000909832-20-000017,operating_cash_flow,llm,1.35847256022195
0000909832_0000909832-20-000017,operating_cash_flow,llm,1.35847256022195
0000909832_0000909832-21-000014,revenue,llm,1.3205923610011165
0000909832_0000909832-21-000014,revenue,llm,1.3205923610011165
0000909832_0000909832-21-000014,revenue,llm,1.3205923610011165
0000909832_0000909832-21-000014,operating_income,llm,1.3205923610011165
0000909832_0000909832-21-000014,operating_income,llm,1.3205923610011165
0000909832_0000909832-21-000014,operating_income,llm,1.3205923610011165
0000909832_0000909832-21-000014,net_income,llm,1.3205923610011165
0000909832_0000909832-21-000014,net_income,llm,1.3205923610011165
0000909832_0000909832-21-000014,net_income,llm,1.3205923610011165
0000909832_0000909832-21-000014,eps_diluted,llm,1.3205923610011165
0000909832_0000909832-21-000014,eps_diluted,llm,1.3205923610011165
0000909832_0000909832-21-000014,eps_diluted,llm,1.3205923610011165
0000909832_0000909832-21-000014,total_assets,llm,1.3205923610011165
0000909832_0000909832-21-000014,total_assets,llm,1.3205923610011165
0000909832_0000909832-21-000014,total_assets,llm,1.3205923610011165
0000909832_0000909832-21-000014,total_liabilities,llm,1.3205923610011165
0000909832_0000909832-21-000014,total_liabilities,llm,1.3205923610011165
0000909832_0000909832-21-000014,total_liabilities,llm,1.3205923610011165
0000909832_0000909832-21-000014,stockholders_equity,llm,1.3205923610011165
0000909832_0000909832-21-000014,stockholders_equity,llm,1.3205923610011165
0000909832_0000909832-21-000014,stockholders_equity,llm,1.3205923610011165
0000909832_0000909832-21-000014,cash_and_equivalents,llm,1.3205923610011165
0000909832_0000909832-21-000014,cash_and_equivalents,llm,1.3205923610011165
0000909832_0000909832-21-000014,cash_and_equivalents,llm,1.3205923610011165
0000909832_0000909832-21-000014,operating_cash_flow,llm,1.3205923610011165
0000909832_0000909832-21-000014,operating_cash_flow,llm,1.3205923610011165
0000909832_0000909832-21-000014,operating_cash_flow,llm,1.3205923610011165
0000909832_0000909832-22-000021,revenue,llm,1.3246896713325338
0000909832_0000909832-22-000021,revenue,llm,1.3246896713325338
0000909832_0000909832-22-000021,revenue,llm,1.3246896713325338
0000909832_0000909832-22-000021,operating_income,llm,1.3246896713325338
0000909832_0000909832-22-000021,operating_income,llm,1.3246896713325338
0000909832_0000909832-22-000021,operating_income,llm,1.3246896713325338
0000909832_0000909832-22-000021,net_income,llm,1.3246896713325338
0000909832_0000909832-22-000021,net_income,llm,1.3246896713325338
0000909832_0000909832-22-000021,net_income,llm,1.3246896713325338
0000909832_0000909832-22-000021,eps_diluted,llm,1.3246896713325338
0000909832_0000909832-22-000021,eps_diluted,llm,1.3246896713325338
0000909832_0000909832-22-000021,eps_diluted,llm,1.3246896713325338
0000909832_0000909832-22-000021,total_assets,llm,1.3246896713325338
0000909832_0000909832-22-000021,total_assets,llm,1.3246896713325338
0000909832_0000909832-22-000021,total_assets,llm,1.3246896713325338
0000909832_0000909832-22-000021,total_liabilities,llm,1.3246896713325338
0000909832_0000909832-22-000021,total_liabilities,llm,1.3246896713325338
0000909832_0000909832-22-000021,total_liabilities,llm,1.3246896713325338
0000909832_0000909832-22-000021,stockholders_equity,llm,1.3246896713325338
0000909832_0000909832-22-000021,stockholders_equity,llm,1.3246896713325338
0000909832_0000909832-22-000021,stockholders_equity,llm,1.3246896713325338
0000909832_0000909832-22-000021,cash_and_equivalents,llm,1.3246896713325338
0000909832_0000909832-22-000021,cash_and_equivalents,llm,1.3246896713325338
0000909832_0000909832-22-000021,cash_and_equivalents,llm,1.3246896713325338
0000909832_0000909832-22-000021,operating_cash_flow,llm,1.3246896713325338
0000909832_0000909832-22-000021,operating_cash_flow,llm,1.3246896713325338
0000909832_0000909832-22-000021,operating_cash_flow,llm,1.3246896713325338
0000909832_0000909832-23-000042,revenue,llm,1.2856386250027247
0000909832_0000909832-23-000042,revenue,llm,1.2856386250027247
0000909832_0000909832-23-000042,revenue,llm,1.2856386250027247
0000909832_0000909832-23-000042,operating_income,llm,1.2856386250027247
0000909832_0000909832-23-000042,operating_income,llm,1.2856386250027247
0000909832_0000909832-23-000042,operating_income,llm,1.2856386250027247
0000909832_0000909832-23-000042,net_income,llm,1.2856386250027247
0000909832_0000909832-23-000042,net_income,llm,1.2856386250027247
0000909832_0000909832-23-000042,net_income,llm,1.2856386250027247
0000909832_0000909832-23-000042,eps_diluted,llm,1.2856386250027247
0000909832_0000909832-23-000042,eps_diluted,llm,1.2856386250027247
0000909832_0000909832-23-000042,eps_diluted,llm,1.2856386250027247
0000909832_0000909832-23-000042,total_assets,llm,1.2856386250027247
0000909832_0000909832-23-000042,total_assets,llm,1.2856386250027247
0000909832_0000909832-23-000042,total_assets,llm,1.2856386250027247
0000909832_0000909832-23-000042,total_liabilities,llm,1.2856386250027247
0000909832_0000909832-23-000042,total_liabilities,llm,1.2856386250027247
0000909832_0000909832-23-000042,total_liabilities,llm,1.2856386250027247
0000909832_0000909832-23-000042,stockholders_equity,llm,1.2856386250027247
0000909832_0000909832-23-000042,stockholders_equity,llm,1.2856386250027247
0000909832_0000909832-23-000042,stockholders_equity,llm,1.2856386250027247
0000909832_0000909832-23-000042,cash_and_equivalents,llm,1.2856386250027247
0000909832_0000909832-23-000042,cash_and_equivalents,llm,1.2856386250027247
0000909832_0000909832-23-000042,cash_and_equivalents,llm,1.2856386250027247
0000909832_0000909832-23-000042,operating_cash_flow,llm,1.2856386250027247
0000909832_0000909832-23-000042,operating_cash_flow,llm,1.2856386250027247
0000909832_0000909832-23-000042,operating_cash_flow,llm,1.2856386250027247
0000909832_0000909832-24-000049,revenue,llm,1.3846197500000321
0000909832_0000909832-24-000049,revenue,llm,1.3846197500000321
0000909832_0000909832-24-000049,revenue,llm,1.3846197500000321
0000909832_0000909832-24-000049,operating_income,llm,1.3846197500000321
0000909832_0000909832-24-000049,operating_income,llm,1.3846197500000321
0000909832_0000909832-24-000049,operating_income,llm,1.3846197500000321
0000909832_0000909832-24-000049,net_income,llm,1.3846197500000321
0000909832_0000909832-24-000049,net_income,llm,1.3846197500000321
0000909832_0000909832-24-000049,net_income,llm,1.3846197500000321
0000909832_0000909832-24-000049,eps_diluted,llm,1.3846197500000321
0000909832_0000909832-24-000049,eps_diluted,llm,1.3846197500000321
0000909832_0000909832-24-000049,eps_diluted,llm,1.3846197500000321
0000909832_0000909832-24-000049,total_assets,llm,1.3846197500000321
0000909832_0000909832-24-000049,total_assets,llm,1.3846197500000321
0000909832_0000909832-24-000049,total_assets,llm,1.3846197500000321
0000909832_0000909832-24-000049,total_liabilities,llm,1.3846197500000321
0000909832_0000909832-24-000049,total_liabilities,llm,1.3846197500000321
0000909832_0000909832-24-000049,total_liabilities,llm,1.3846197500000321
0000909832_0000909832-24-000049,stockholders_equity,llm,1.3846197500000321
0000909832_0000909832-24-000049,stockholders_equity,llm,1.3846197500000321
0000909832_0000909832-24-000049,stockholders_equity,llm,1.3846197500000321
0000909832_0000909832-24-000049,cash_and_equivalents,llm,1.3846197500000321
0000909832_0000909832-24-000049,cash_and_equivalents,llm,1.3846197500000321
0000909832_0000909832-24-000049,cash_and_equivalents,llm,1.3846197500000321
0000909832_0000909832-24-000049,operating_cash_flow,llm,1.3846197500000321
0000909832_0000909832-24-000049,operating_cash_flow,llm,1.3846197500000321
0000909832_0000909832-24-000049,operating_cash_flow,llm,1.3846197500000321
0001018724_0001018724-20-000004,revenue,llm,1.4143548842225249
0001018724_0001018724-20-000004,revenue,llm,1.4143548842225249
0001018724_0001018724-20-000004,revenue,llm,1.4143548842225249
0001018724_0001018724-20-000004,operating_income,llm,1.4143548842225249
0001018724_0001018724-20-000004,operating_income,llm,1.4143548842225249
0001018724_0001018724-20-000004,operating_income,llm,1.4143548842225249
0001018724_0001018724-20-000004,net_income,llm,1.4143548842225249
0001018724_0001018724-20-000004,net_income,llm,1.4143548842225249
0001018724_0001018724-20-000004,net_income,llm,1.4143548842225249
0001018724_0001018724-20-000004,eps_diluted,llm,1.4143548842225249
0001018724_0001018724-20-000004,eps_diluted,llm,1.4143548842225249
0001018724_0001018724-20-000004,eps_diluted,llm,1.4143548842225249
0001018724_0001018724-20-000004,total_assets,llm,1.4143548842225249
0001018724_0001018724-20-000004,total_assets,llm,1.4143548842225249
0001018724_0001018724-20-000004,total_assets,llm,1.4143548842225249
0001018724_0001018724-20-000004,stockholders_equity,llm,1.4143548842225249
0001018724_0001018724-20-000004,stockholders_equity,llm,1.4143548842225249
0001018724_0001018724-20-000004,stockholders_equity,llm,1.4143548842225249
0001018724_0001018724-20-000004,cash_and_equivalents,llm,1.4143548842225249
0001018724_0001018724-20-000004,cash_and_equivalents,llm,1.4143548842225249
0001018724_0001018724-20-000004,cash_and_equivalents,llm,1.4143548842225249
0001018724_0001018724-20-000004,operating_cash_flow,llm,1.4143548842225249
0001018724_0001018724-20-000004,operating_cash_flow,llm,1.4143548842225249
0001018724_0001018724-20-000004,operating_cash_flow,llm,1.4143548842225249
0001018724_0001018724-21-000004,revenue,llm,1.4415765232228699
0001018724_0001018724-21-000004,revenue,llm,1.4415765232228699
0001018724_0001018724-21-000004,revenue,llm,1.4415765232228699
0001018724_0001018724-21-000004,operating_income,llm,1.4415765232228699
0001018724_0001018724-21-000004,operating_income,llm,1.4415765232228699
0001018724_0001018724-21-000004,operating_income,llm,1.4415765232228699
0001018724_0001018724-21-000004,net_income,llm,1.4415765232228699
0001018724_0001018724-21-000004,net_income,llm,1.4415765232228699
0001018724_0001018724-21-000004,net_income,llm,1.4415765232228699
0001018724_0001018724-21-000004,eps_diluted,llm,1.4415765232228699
0001018724_0001018724-21-000004,eps_diluted,llm,1.4415765232228699
0001018724_0001018724-21-000004,eps_diluted,llm,1.4415765232228699
0001018724_0001018724-21-000004,total_assets,llm,1.4415765232228699
0001018724_0001018724-21-000004,total_assets,llm,1.4415765232228699
0001018724_0001018724-21-000004,total_assets,llm,1.4415765232228699
0001018724_0001018724-21-000004,stockholders_equity,llm,1.4415765232228699
0001018724_0001018724-21-000004,stockholders_equity,llm,1.4415765232228699
0001018724_0001018724-21-000004,stockholders_equity,llm,1.4415765232228699
0001018724_0001018724-21-000004,cash_and_equivalents,llm,1.4415765232228699
0001018724_0001018724-21-000004,cash_and_equivalents,llm,1.4415765232228699
0001018724_0001018724-21-000004,cash_and_equivalents,llm,1.4415765232228699
0001018724_0001018724-21-000004,operating_cash_flow,llm,1.4415765232228699
0001018724_0001018724-21-000004,operating_cash_flow,llm,1.4415765232228699
0001018724_0001018724-21-000004,operating_cash_flow,llm,1.4415765232228699
0001018724_0001018724-22-000005,revenue,llm,1.4545966112232742
0001018724_0001018724-22-000005,revenue,llm,1.4545966112232742
0001018724_0001018724-22-000005,revenue,llm,1.4545966112232742
0001018724_0001018724-22-000005,operating_income,llm,1.4545966112232742
0001018724_0001018724-22-000005,operating_income,llm,1.4545966112232742
0001018724_0001018724-22-000005,operating_income,llm,1.4545966112232742
0001018724_0001018724-22-000005,net_income,llm,1.4545966112232742
0001018724_0001018724-22-000005,net_income,llm,1.4545966112232742
0001018724_0001018724-22-000005,net_income,llm,1.4545966112232742
0001018724_0001018724-22-000005,eps_diluted,llm,1.4545966112232742
0001018724_0001018724-22-000005,eps_diluted,llm,1.4545966112232742
0001018724_0001018724-22-000005,eps_diluted,llm,1.4545966112232742
0001018724_0001018724-22-000005,total_assets,llm,1.4545966112232742
0001018724_0001018724-22-000005,total_assets,llm,1.4545966112232742
0001018724_0001018724-22-000005,total_assets,llm,1.4545966112232742
0001018724_0001018724-22-000005,stockholders_equity,llm,1.4545966112232742
0001018724_0001018724-22-000005,stockholders_equity,llm,1.4545966112232742
0001018724_0001018724-22-000005,stockholders_equity,llm,1.4545966112232742
0001018724_0001018724-22-000005,cash_and_equivalents,llm,1.4545966112232742
0001018724_0001018724-22-000005,cash_and_equivalents,llm,1.4545966112232742
0001018724_0001018724-22-000005,cash_and_equivalents,llm,1.4545966112232742
0001018724_0001018724-22-000005,operating_cash_flow,llm,1.4545966112232742
0001018724_0001018724-22-000005,operating_cash_flow,llm,1.4545966112232742
0001018724_0001018724-22-000005,operating_cash_flow,llm,1.4545966112232742
0001018724_0001018724-23-000004,revenue,llm,9.159996527777468
0001018724_0001018724-23-000004,revenue,llm,9.159996527777468
0001018724_0001018724-23-000004,revenue,llm,9.159996527777468
0001018724_0001018724-23-000004,operating_income,llm,9.159996527777468
0001018724_0001018724-23-000004,operating_income,llm,9.159996527777468
0001018724_0001018724-23-000004,operating_income,llm,9.159996527777468
0001018724_0001018724-23-000004,net_income,llm,9.159996527777468
0001018724_0001018724-23-000004,net_income,llm,9.159996527777468
0001018724_0001018724-23-000004,net_income,llm,9.159996527777468
0001018724_0001018724-23-000004,eps_diluted,llm,9.159996527777468
0001018724_0001018724-23-000004,eps_diluted,llm,9.159996527777468
0001018724_0001018724-23-000004,eps_diluted,llm,9.159996527777468
0001018724_0001018724-23-000004,total_assets,llm,9.159996527777468
0001018724_0001018724-23-000004,total_assets,llm,9.159996527777468
0001018724_0001018724-23-000004,total_assets,llm,9.159996527777468
0001018724_0001018724-23-000004,stockholders_equity,llm,9.159996527777468
0001018724_0001018724-23-000004,stockholders_equity,llm,9.159996527777468
0001018724_0001018724-23-000004,stockholders_equity,llm,9.159996527777468
0001018724_0001018724-23-000004,cash_and_equivalents,llm,9.159996527777468
0001018724_0001018724-23-000004,cash_and_equivalents,llm,9.159996527777468
0001018724_0001018724-23-000004,cash_and_equivalents,llm,9.159996527777468
0001018724_0001018724-23-000004,operating_cash_flow,llm,9.159996527777468
0001018724_0001018724-23-000004,operating_cash_flow,llm,9.159996527777468
0001018724_0001018724-23-000004,operating_cash_flow,llm,9.159996527777468
0001018724_0001018724-24-000008,revenue,llm,1.416274694444534
0001018724_0001018724-24-000008,revenue,llm,1.416274694444534
0001018724_0001018724-24-000008,revenue,llm,1.416274694444534
0001018724_0001018724-24-000008,operating_income,llm,1.416274694444534
0001018724_0001018724-24-000008,operating_income,llm,1.416274694444534
0001018724_0001018724-24-000008,operating_income,llm,1.416274694444534
0001018724_0001018724-24-000008,net_income,llm,1.416274694444534
0001018724_0001018724-24-000008,net_income,llm,1.416274694444534
0001018724_0001018724-24-000008,net_income,llm,1.416274694444534
0001018724_0001018724-24-000008,eps_diluted,llm,1.416274694444534
0001018724_0001018724-24-000008,eps_diluted,llm,1.416274694444534
0001018724_0001018724-24-000008,eps_diluted,llm,1.416274694444534
0001018724_0001018724-24-000008,total_assets,llm,1.416274694444534
0001018724_0001018724-24-000008,total_assets,llm,1.416274694444534
0001018724_0001018724-24-000008,total_assets,llm,1.416274694444534
0001018724_0001018724-24-000008,stockholders_equity,llm,1.416274694444534
0001018724_0001018724-24-000008,stockholders_equity,llm,1.416274694444534
0001018724_0001018724-24-000008,stockholders_equity,llm,1.416274694444534
0001018724_0001018724-24-000008,cash_and_equivalents,llm,1.416274694444534
0001018724_0001018724-24-000008,cash_and_equivalents,llm,1.416274694444534
0001018724_0001018724-24-000008,cash_and_equivalents,llm,1.416274694444534
0001018724_0001018724-24-000008,operating_cash_flow,llm,1.416274694444534
0001018724_0001018724-24-000008,operating_cash_flow,llm,1.416274694444534
0001018724_0001018724-24-000008,operating_cash_flow,llm,1.416274694444534
0001018724_0001018724-25-000004,revenue,llm,1.4311773656696054
0001018724_0001018724-25-000004,revenue,llm,1.4311773656696054
0001018724_0001018724-25-000004,revenue,llm,1.4311773656696054
0001018724_0001018724-25-000004,operating_income,llm,1.4311773656696054
0001018724_0001018724-25-000004,operating_income,llm,1.4311773656696054
0001018724_0001018724-25-000004,operating_income,llm,1.4311773656696054
0001018724_0001018724-25-000004,net_income,llm,1.4311773656696054
0001018724_0001018724-25-000004,net_income,llm,1.4311773656696054
0001018724_0001018724-25-000004,net_income,llm,1.4311773656696054
0001018724_0001018724-25-000004,eps_diluted,llm,1.4311773656696054
0001018724_0001018724-25-000004,eps_diluted,llm,1.4311773656696054
0001018724_0001018724-25-000004,eps_diluted,llm,1.4311773656696054
0001018724_0001018724-25-000004,total_assets,llm,1.4311773656696054
0001018724_0001018724-25-000004,total_assets,llm,1.4311773656696054
0001018724_0001018724-25-000004,total_assets,llm,1.4311773656696054
0001018724_0001018724-25-000004,stockholders_equity,llm,1.4311773656696054
0001018724_0001018724-25-000004,stockholders_equity,llm,1.4311773656696054
0001018724_0001018724-25-000004,stockholders_equity,llm,1.4311773656696054
0001018724_0001018724-25-000004,cash_and_equivalents,llm,1.4311773656696054
0001018724_0001018724-25-000004,cash_and_equivalents,llm,1.4311773656696054
0001018724_0001018724-25-000004,cash_and_equivalents,llm,1.4311773656696054
0001018724_0001018724-25-000004,operating_cash_flow,llm,1.4311773656696054
0001018724_0001018724-25-000004,operating_cash_flow,llm,1.4311773656696054
0001018724_0001018724-25-000004,operating_cash_flow,llm,1.4311773656696054
0001045810_0001045810-19-000023,revenue,llm,1.4320463146674833
0001045810_0001045810-19-000023,revenue,llm,1.4320463146674833
0001045810_0001045810-19-000023,revenue,llm,1.4320463146674833
0001045810_0001045810-19-000023,operating_income,llm,1.4320463146674833
0001045810_0001045810-19-000023,operating_income,llm,1.4320463146674833
0001045810_0001045810-19-000023,operating_income,llm,1.4320463146674833
0001045810_0001045810-19-000023,net_income,llm,1.4320463146674833
0001045810_0001045810-19-000023,net_income,llm,1.4320463146674833
0001045810_0001045810-19-000023,net_income,llm,1.4320463146674833
0001045810_0001045810-19-000023,eps_diluted,llm,1.4320463146674833
0001045810_0001045810-19-000023,eps_diluted,llm,1.4320463146674833
0001045810_0001045810-19-000023,eps_diluted,llm,1.4320463146674833
0001045810_0001045810-19-000023,total_assets,llm,1.4320463146674833
0001045810_0001045810-19-000023,total_assets,llm,1.4320463146674833
0001045810_0001045810-19-000023,total_assets,llm,1.4320463146674833
0001045810_0001045810-19-000023,total_liabilities,llm,1.4320463146674833
0001045810_0001045810-19-000023,total_liabilities,llm,1.4320463146674833
0001045810_0001045810-19-000023,total_liabilities,llm,1.4320463146674833
0001045810_0001045810-19-000023,stockholders_equity,llm,1.4320463146674833
0001045810_0001045810-19-000023,stockholders_equity,llm,1.4320463146674833
0001045810_0001045810-19-000023,stockholders_equity,llm,1.4320463146674833
0001045810_0001045810-19-000023,cash_and_equivalents,llm,1.4320463146674833
0001045810_0001045810-19-000023,cash_and_equivalents,llm,1.4320463146674833
0001045810_0001045810-19-000023,cash_and_equivalents,llm,1.4320463146674833
0001045810_0001045810-19-000023,operating_cash_flow,llm,1.4320463146674833
0001045810_0001045810-19-000023,operating_cash_flow,llm,1.4320463146674833
0001045810_0001045810-19-000023,operating_cash_flow,llm,1.4320463146674833
0001045810_0001045810-20-000010,revenue,llm,1.2841538981107683
0001045810_0001045810-20-000010,revenue,llm,1.2841538981107683
0001045810_0001045810-20-000010,revenue,llm,1.2841538981107683
0001045810_0001045810-20-000010,operating_income,llm,1.2841538981107683
0001045810_0001045810-20-000010,operating_income,llm,1.2841538981107683
0001045810_0001045810-20-000010,operating_income,llm,1.2841538981107683
0001045810_0001045810-20-000010,net_income,llm,1.2841538981107683
0001045810_0001045810-20-000010,net_income,llm,1.2841538981107683
0001045810_0001045810-20-000010,net_income,llm,1.2841538981107683
0001045810_0001045810-20-000010,eps_diluted,llm,1.2841538981107683
0001045810_0001045810-20-000010,eps_diluted,llm,1.2841538981107683
0001045810_0001045810-20-000010,eps_diluted,llm,1.2841538981107683
0001045810_0001045810-20-000010,total_assets,llm,1.2841538981107683
0001045810_0001045810-20-000010,total_assets,llm,1.2841538981107683
0001045810_0001045810-20-000010,total_assets,llm,1.2841538981107683
0001045810_0001045810-20-000010,total_liabilities,llm,1.2841538981107683
0001045810_0001045810-20-000010,total_liabilities,llm,1.2841538981107683
0001045810_0001045810-20-000010,total_liabilities,llm,1.2841538981107683
0001045810_0001045810-20-000010,stockholders_equity,llm,1.2841538981107683
0001045810_0001045810-20-000010,stockholders_equity,llm,1.2841538981107683
0001045810_0001045810-20-000010,stockholders_equity,llm,1.2841538981107683
0001045810_0001045810-20-000010,cash_and_equivalents,llm,1.2841538981107683
0001045810_0001045810-20-000010,cash_and_equivalents,llm,1.2841538981107683
0001045810_0001045810-20-000010,cash_and_equivalents,llm,1.2841538981107683
0001045810_0001045810-20-000010,operating_cash_flow,llm,1.2841538981107683
0001045810_0001045810-20-000010,operating_cash_flow,llm,1.2841538981107683
0001045810_0001045810-20-000010,operating_cash_flow,llm,1.2841538981107683
0001045810_0001045810-21-000010,revenue,llm,1.5463214676646102
0001045810_0001045810-21-000010,revenue,llm,1.5463214676646102
0001045810_0001045810-21-000010,revenue,llm,1.5463214676646102
0001045810_0001045810-21-000010,operating_income,llm,1.5463214676646102
0001045810_0001045810-21-000010,operating_income,llm,1.5463214676646102
0001045810_0001045810-21-000010,operating_income,llm,1.5463214676646102
0001045810_0001045810-21-000010,net_income,llm,1.5463214676646102
0001045810_0001045810-21-000010,net_income,llm,1.5463214676646102
0001045810_0001045810-21-000010,net_income,llm,1.5463214676646102
0001045810_0001045810-21-000010,eps_diluted,llm,1.5463214676646102
0001045810_0001045810-21-000010,eps_diluted,llm,1.5463214676646102
0001045810_0001045810-21-000010,eps_diluted,llm,1.5463214676646102
0001045810_0001045810-21-000010,total_assets,llm,1.5463214676646102
0001045810_0001045810-21-000010,total_assets,llm,1.5463214676646102
0001045810_0001045810-21-000010,total_assets,llm,1.5463214676646102
0001045810_0001045810-21-000010,total_liabilities,llm,1.5463214676646102
0001045810_0001045810-21-000010,total_liabilities,llm,1.5463214676646102
0001045810_0001045810-21-000010,total_liabilities,llm,1.5463214676646102
0001045810_0001045810-21-000010,stockholders_equity,llm,1.5463214676646102
0001045810_0001045810-21-000010,stockholders_equity,llm,1.5463214676646102
0001045810_0001045810-21-000010,stockholders_equity,llm,1.5463214676646102
0001045810_0001045810-21-000010,cash_and_equivalents,llm,1.5463214676646102
0001045810_0001045810-21-000010,cash_and_equivalents,llm,1.5463214676646102
0001045810_0001045810-21-000010,cash_and_equivalents,llm,1.5463214676646102
0001045810_0001045810-21-000010,operating_cash_flow,llm,1.5463214676646102
0001045810_0001045810-21-000010,operating_cash_flow,llm,1.5463214676646102
0001045810_0001045810-21-000010,operating_cash_flow,llm,1.5463214676646102
0001045810_0001045810-22-000036,revenue,llm,3.3891035093337347
0001045810_0001045810-22-000036,revenue,llm,3.3891035093337347
0001045810_0001045810-22-000036,revenue,llm,3.3891035093337347
0001045810_0001045810-22-000036,operating_income,llm,3.3891035093337347
0001045810_0001045810-22-000036,operating_income,llm,3.3891035093337347
0001045810_0001045810-22-000036,operating_income,llm,3.3891035093337347
0001045810_0001045810-22-000036,net_income,llm,3.3891035093337347
0001045810_0001045810-22-000036,net_income,llm,3.3891035093337347
0001045810_0001045810-22-000036,net_income,llm,3.3891035093337347
0001045810_0001045810-22-000036,eps_diluted,llm,3.3891035093337347
0001045810_0001045810-22-000036,eps_diluted,llm,3.3891035093337347
0001045810_0001045810-22-000036,eps_diluted,llm,3.3891035093337347
0001045810_0001045810-22-000036,total_assets,llm,3.3891035093337347
0001045810_0001045810-22-000036,total_assets,llm,3.3891035093337347
0001045810_0001045810-22-000036,total_assets,llm,3.3891035093337347
0001045810_0001045810-22-000036,total_liabilities,llm,3.3891035093337347
0001045810_0001045810-22-000036,total_liabilities,llm,3.3891035093337347
0001045810_0001045810-22-000036,total_liabilities,llm,3.3891035093337347
0001045810_0001045810-22-000036,stockholders_equity,llm,3.3891035093337347
0001045810_0001045810-22-000036,stockholders_equity,llm,3.3891035093337347
0001045810_0001045810-22-000036,stockholders_equity,llm,3.3891035093337347
0001045810_0001045810-22-000036,cash_and_equivalents,llm,3.3891035093337347
0001045810_0001045810-22-000036,cash_and_equivalents,llm,3.3891035093337347
0001045810_0001045810-22-000036,cash_and_equivalents,llm,3.3891035093337347
0001045810_0001045810-22-000036,operating_cash_flow,llm,3.3891035093337347
0001045810_0001045810-22-000036,operating_cash_flow,llm,3.3891035093337347
0001045810_0001045810-22-000036,operating_cash_flow,llm,3.3891035093337347
0001045810_0001045810-23-000017,revenue,llm,1.5854769814436116
0001045810_0001045810-23-000017,revenue,llm,1.5854769814436116
0001045810_0001045810-23-000017,revenue,llm,1.5854769814436116
0001045810_0001045810-23-000017,operating_income,llm,1.5854769814436116
0001045810_0001045810-23-000017,operating_income,llm,1.5854769814436116
0001045810_0001045810-23-000017,operating_income,llm,1.5854769814436116
0001045810_0001045810-23-000017,net_income,llm,1.5854769814436116
0001045810_0001045810-23-000017,net_income,llm,1.5854769814436116
0001045810_0001045810-23-000017,net_income,llm,1.5854769814436116
0001045810_0001045810-23-000017,eps_diluted,llm,1.5854769814436116
0001045810_0001045810-23-000017,eps_diluted,llm,1.5854769814436116
0001045810_0001045810-23-000017,eps_diluted,llm,1.5854769814436116
0001045810_0001045810-23-000017,total_assets,llm,1.5854769814436116
0001045810_0001045810-23-000017,total_assets,llm,1.5854769814436116
0001045810_0001045810-23-000017,total_assets,llm,1.5854769814436116
0001045810_0001045810-23-000017,total_liabilities,llm,1.5854769814436116
0001045810_0001045810-23-000017,total_liabilities,llm,1.5854769814436116
0001045810_0001045810-23-000017,total_liabilities,llm,1.5854769814436116
0001045810_0001045810-23-000017,stockholders_equity,llm,1.5854769814436116
0001045810_0001045810-23-000017,stockholders_equity,llm,1.5854769814436116
0001045810_0001045810-23-000017,stockholders_equity,llm,1.5854769814436116
0001045810_0001045810-23-000017,cash_and_equivalents,llm,1.5854769814436116
0001045810_0001045810-23-000017,cash_and_equivalents,llm,1.5854769814436116
0001045810_0001045810-23-000017,cash_and_equivalents,llm,1.5854769814436116
0001045810_0001045810-23-000017,operating_cash_flow,llm,1.5854769814436116
0001045810_0001045810-23-000017,operating_cash_flow,llm,1.5854769814436116
0001045810_0001045810-23-000017,operating_cash_flow,llm,1.5854769814436116
0001045810_0001045810-24-000029,revenue,llm,1.5497850092199061
0001045810_0001045810-24-000029,revenue,llm,1.5497850092199061
0001045810_0001045810-24-000029,revenue,llm,1.5497850092199061
0001045810_0001045810-24-000029,operating_income,llm,1.5497850092199061
0001045810_0001045810-24-000029,operating_income,llm,1.5497850092199061
0001045810_0001045810-24-000029,operating_income,llm,1.5497850092199061
0001045810_0001045810-24-000029,net_income,llm,1.5497850092199061
0001045810_0001045810-24-000029,net_income,llm,1.5497850092199061
0001045810_0001045810-24-000029,net_income,llm,1.5497850092199061
0001045810_0001045810-24-000029,eps_diluted,llm,1.5497850092199061
0001045810_0001045810-24-000029,eps_diluted,llm,1.5497850092199061
0001045810_0001045810-24-000029,eps_diluted,llm,1.5497850092199061
0001045810_0001045810-24-000029,total_assets,llm,1.5497850092199061
0001045810_0001045810-24-000029,total_assets,llm,1.5497850092199061
0001045810_0001045810-24-000029,total_assets,llm,1.5497850092199061
0001045810_0001045810-24-000029,total_liabilities,llm,1.5497850092199061
0001045810_0001045810-24-000029,total_liabilities,llm,1.5497850092199061
0001045810_0001045810-24-000029,total_liabilities,llm,1.5497850092199061
0001045810_0001045810-24-000029,stockholders_equity,llm,1.5497850092199061
0001045810_0001045810-24-000029,stockholders_equity,llm,1.5497850092199061
0001045810_0001045810-24-000029,stockholders_equity,llm,1.5497850092199061
0001045810_0001045810-24-000029,cash_and_equivalents,llm,1.5497850092199061
0001045810_0001045810-24-000029,cash_and_equivalents,llm,1.5497850092199061
0001045810_0001045810-24-000029,cash_and_equivalents,llm,1.5497850092199061
0001045810_0001045810-24-000029,operating_cash_flow,llm,1.5497850092199061
0001045810_0001045810-24-000029,operating_cash_flow,llm,1.5497850092199061
0001045810_0001045810-24-000029,operating_cash_flow,llm,1.5497850092199061
0001318605_0001564590-20-004475,revenue,llm,1.8996245000016643
0001318605_0001564590-20-004475,revenue,llm,1.8996245000016643
0001318605_0001564590-20-004475,revenue,llm,1.8996245000016643
0001318605_0001564590-20-004475,operating_income,llm,1.8996245000016643
0001318605_0001564590-20-004475,operating_income,llm,1.8996245000016643
0001318605_0001564590-20-004475,operating_income,llm,1.8996245000016643
0001318605_0001564590-20-004475,net_income,llm,1.8996245000016643
0001318605_0001564590-20-004475,net_income,llm,1.8996245000016643
0001318605_0001564590-20-004475,net_income,llm,1.8996245000016643
0001318605_0001564590-20-004475,eps_diluted,llm,1.8996245000016643
0001318605_0001564590-20-004475,eps_diluted,llm,1.8996245000016643
0001318605_0001564590-20-004475,eps_diluted,llm,1.8996245000016643
0001318605_0001564590-20-004475,total_assets,llm,1.8996245000016643
0001318605_0001564590-20-004475,total_assets,llm,1.8996245000016643
0001318605_0001564590-20-004475,total_assets,llm,1.8996245000016643
0001318605_0001564590-20-004475,total_liabilities,llm,1.8996245000016643
0001318605_0001564590-20-004475,total_liabilities,llm,1.8996245000016643
0001318605_0001564590-20-004475,total_liabilities,llm,1.8996245000016643
0001318605_0001564590-20-004475,stockholders_equity,llm,1.8996245000016643
0001318605_0001564590-20-004475,stockholders_equity,llm,1.8996245000016643
0001318605_0001564590-20-004475,stockholders_equity,llm,1.8996245000016643
0001318605_0001564590-20-004475,cash_and_equivalents,llm,1.8996245000016643
0001318605_0001564590-20-004475,cash_and_equivalents,llm,1.8996245000016643
0001318605_0001564590-20-004475,cash_and_equivalents,llm,1.8996245000016643
0001318605_0001564590-20-004475,operating_cash_flow,llm,1.8996245000016643
0001318605_0001564590-20-004475,operating_cash_flow,llm,1.8996245000016643
0001318605_0001564590-20-004475,operating_cash_flow,llm,1.8996245000016643
0001318605_0001564590-21-004599,revenue,llm,1.9377435184449294
0001318605_0001564590-21-004599,revenue,llm,1.9377435184449294
0001318605_0001564590-21-004599,revenue,llm,1.9377435184449294
0001318605_0001564590-21-004599,operating_income,llm,1.9377435184449294
0001318605_0001564590-21-004599,operating_income,llm,1.9377435184449294
0001318605_0001564590-21-004599,operating_income,llm,1.9377435184449294
0001318605_0001564590-21-004599,net_income,llm,1.9377435184449294
0001318605_0001564590-21-004599,net_income,llm,1.9377435184449294
0001318605_0001564590-21-004599,net_income,llm,1.9377435184449294
0001318605_0001564590-21-004599,eps_diluted,llm,1.9377435184449294
0001318605_0001564590-21-004599,eps_diluted,llm,1.9377435184449294
0001318605_0001564590-21-004599,eps_diluted,llm,1.9377435184449294
0001318605_0001564590-21-004599,total_assets,llm,1.9377435184449294
0001318605_0001564590-21-004599,total_assets,llm,1.9377435184449294
0001318605_0001564590-21-004599,total_assets,llm,1.9377435184449294
0001318605_0001564590-21-004599,total_liabilities,llm,1.9377435184449294
0001318605_0001564590-21-004599,total_liabilities,llm,1.9377435184449294
0001318605_0001564590-21-004599,total_liabilities,llm,1.9377435184449294
0001318605_0001564590-21-004599,stockholders_equity,llm,1.9377435184449294
0001318605_0001564590-21-004599,stockholders_equity,llm,1.9377435184449294
0001318605_0001564590-21-004599,stockholders_equity,llm,1.9377435184449294
0001318605_0001564590-21-004599,cash_and_equivalents,llm,1.9377435184449294
0001318605_0001564590-21-004599,cash_and_equivalents,llm,1.9377435184449294
0001318605_0001564590-21-004599,cash_and_equivalents,llm,1.9377435184449294
0001318605_0001564590-21-004599,operating_cash_flow,llm,1.9377435184449294
0001318605_0001564590-21-004599,operating_cash_flow,llm,1.9377435184449294
0001318605_0001564590-21-004599,operating_cash_flow,llm,1.9377435184449294
0001318605_0000950170-22-000796,revenue,llm,1.7948636852217734
0001318605_0000950170-22-000796,revenue,llm,1.7948636852217734
0001318605_0000950170-22-000796,revenue,llm,1.7948636852217734
0001318605_0000950170-22-000796,operating_income,llm,1.7948636852217734
0001318605_0000950170-22-000796,operating_income,llm,1.7948636852217734
0001318605_0000950170-22-000796,operating_income,llm,1.7948636852217734
0001318605_0000950170-22-000796,net_income,llm,1.7948636852217734
0001318605_0000950170-22-000796,net_income,llm,1.7948636852217734
0001318605_0000950170-22-000796,net_income,llm,1.7948636852217734
0001318605_0000950170-22-000796,eps_diluted,llm,1.7948636852217734
0001318605_0000950170-22-000796,eps_diluted,llm,1.7948636852217734
0001318605_0000950170-22-000796,eps_diluted,llm,1.7948636852217734
0001318605_0000950170-22-000796,total_assets,llm,1.7948636852217734
0001318605_0000950170-22-000796,total_assets,llm,1.7948636852217734
0001318605_0000950170-22-000796,total_assets,llm,1.7948636852217734
0001318605_0000950170-22-000796,total_liabilities,llm,1.7948636852217734
0001318605_0000950170-22-000796,total_liabilities,llm,1.7948636852217734
0001318605_0000950170-22-000796,total_liabilities,llm,1.7948636852217734
0001318605_0000950170-22-000796,stockholders_equity,llm,1.7948636852217734
0001318605_0000950170-22-000796,stockholders_equity,llm,1.7948636852217734
0001318605_0000950170-22-000796,stockholders_equity,llm,1.7948636852217734
0001318605_0000950170-22-000796,cash_and_equivalents,llm,1.7948636852217734
0001318605_0000950170-22-000796,cash_and_equivalents,llm,1.7948636852217734
0001318605_0000950170-22-000796,cash_and_equivalents,llm,1.7948636852217734
0001318605_0000950170-22-000796,operating_cash_flow,llm,1.7948636852217734
0001318605_0000950170-22-000796,operating_cash_flow,llm,1.7948636852217734
0001318605_0000950170-22-000796,operating_cash_flow,llm,1.7948636852217734
0001318605_0000950170-23-001409,revenue,llm,1.7805644768878766
0001318605_0000950170-23-001409,revenue,llm,1.7805644768878766
0001318605_0000950170-23-001409,revenue,llm,1.7805644768878766
0001318605_0000950170-23-001409,operating_income,llm,1.7805644768878766
0001318605_0000950170-23-001409,operating_income,llm,1.7805644768878766
0001318605_0000950170-23-001409,operating_income,llm,1.7805644768878766
0001318605_0000950170-23-001409,net_income,llm,1.7805644768878766
0001318605_0000950170-23-001409,net_income,llm,1.7805644768878766
0001318605_0000950170-23-001409,net_income,llm,1.7805644768878766
0001318605_0000950170-23-001409,eps_diluted,llm,1.7805644768878766
0001318605_0000950170-23-001409,eps_diluted,llm,1.7805644768878766
0001318605_0000950170-23-001409,eps_diluted,llm,1.7805644768878766
0001318605_0000950170-23-001409,total_assets,llm,1.7805644768878766
0001318605_0000950170-23-001409,total_assets,llm,1.7805644768878766
0001318605_0000950170-23-001409,total_assets,llm,1.7805644768878766
0001318605_0000950170-23-001409,total_liabilities,llm,1.7805644768878766
0001318605_0000950170-23-001409,total_liabilities,llm,1.7805644768878766
0001318605_0000950170-23-001409,total_liabilities,llm,1.7805644768878766
0001318605_0000950170-23-001409,stockholders_equity,llm,1.7805644768878766
0001318605_0000950170-23-001409,stockholders_equity,llm,1.7805644768878766
0001318605_0000950170-23-001409,stockholders_equity,llm,1.7805644768878766
0001318605_0000950170-23-001409,cash_and_equivalents,llm,1.7805644768878766
0001318605_0000950170-23-001409,cash_and_equivalents,llm,1.7805644768878766
0001318605_0000950170-23-001409,cash_and_equivalents,llm,1.7805644768878766
0001318605_0000950170-23-001409,operating_cash_flow,llm,1.7805644768878766
0001318605_0000950170-23-001409,operating_cash_flow,llm,1.7805644768878766
0001318605_0000950170-23-001409,operating_cash_flow,llm,1.7805644768878766
0001318605_0001628280-24-002390,revenue,llm,1.6893058378886456
0001318605_0001628280-24-002390,revenue,llm,1.6893058378886456
0001318605_0001628280-24-002390,revenue,llm,1.6893058378886456
0001318605_0001628280-24-002390,operating_income,llm,1.6893058378886456
0001318605_0001628280-24-002390,operating_income,llm,1.6893058378886456
0001318605_0001628280-24-002390,operating_income,llm,1.6893058378886456
0001318605_0001628280-24-002390,net_income,llm,1.6893058378886456
0001318605_0001628280-24-002390,net_income,llm,1.6893058378886456
0001318605_0001628280-24-002390,net_income,llm,1.6893058378886456
0001318605_0001628280-24-002390,eps_diluted,llm,1.6893058378886456
0001318605_0001628280-24-002390,eps_diluted,llm,1.6893058378886456
0001318605_0001628280-24-002390,eps_diluted,llm,1.6893058378886456
0001318605_0001628280-24-002390,total_assets,llm,1.6893058378886456
0001318605_0001628280-24-002390,total_assets,llm,1.6893058378886456
0001318605_0001628280-24-002390,total_assets,llm,1.6893058378886456
0001318605_0001628280-24-002390,total_liabilities,llm,1.6893058378886456
0001318605_0001628280-24-002390,total_liabilities,llm,1.6893058378886456
0001318605_0001628280-24-002390,total_liabilities,llm,1.6893058378886456
0001318605_0001628280-24-002390,stockholders_equity,llm,1.6893058378886456
0001318605_0001628280-24-002390,stockholders_equity,llm,1.6893058378886456
0001318605_0001628280-24-002390,stockholders_equity,llm,1.6893058378886456
0001318605_0001628280-24-002390,cash_and_equivalents,llm,1.6893058378886456
0001318605_0001628280-24-002390,cash_and_equivalents,llm,1.6893058378886456
0001318605_0001628280-24-002390,cash_and_equivalents,llm,1.6893058378886456
0001318605_0001628280-24-002390,operating_cash_flow,llm,1.6893058378886456
0001318605_0001628280-24-002390,operating_cash_flow,llm,1.6893058378886456
0001318605_0001628280-24-002390,operating_cash_flow,llm,1.6893058378886456
0001318605_0001628280-25-003063,revenue,llm,1.6809720925553444
0001318605_0001628280-25-003063,revenue,llm,1.6809720925553444
0001318605_0001628280-25-003063,revenue,llm,1.6809720925553444
0001318605_0001628280-25-003063,operating_income,llm,1.6809720925553444
0001318605_0001628280-25-003063,operating_income,llm,1.6809720925553444
0001318605_0001628280-25-003063,operating_income,llm,1.6809720925553444
0001318605_0001628280-25-003063,net_income,llm,1.6809720925553444
0001318605_0001628280-25-003063,net_income,llm,1.6809720925553444
0001318605_0001628280-25-003063,net_income,llm,1.6809720925553444
0001318605_0001628280-25-003063,eps_diluted,llm,1.6809720925553444
0001318605_0001628280-25-003063,eps_diluted,llm,1.6809720925553444
0001318605_0001628280-25-003063,eps_diluted,llm,1.6809720925553444
0001318605_0001628280-25-003063,total_assets,llm,1.6809720925553444
0001318605_0001628280-25-003063,total_assets,llm,1.6809720925553444
0001318605_0001628280-25-003063,total_assets,llm,1.6809720925553444
0001318605_0001628280-25-003063,total_liabilities,llm,1.6809720925553444
0001318605_0001628280-25-003063,total_liabilities,llm,1.6809720925553444
0001318605_0001628280-25-003063,total_liabilities,llm,1.6809720925553444
0001318605_0001628280-25-003063,stockholders_equity,llm,1.6809720925553444
0001318605_0001628280-25-003063,stockholders_equity,llm,1.6809720925553444
0001318605_0001628280-25-003063,stockholders_equity,llm,1.6809720925553444
0001318605_0001628280-25-003063,cash_and_equivalents,llm,1.6809720925553444
0001318605_0001628280-25-003063,cash_and_equivalents,llm,1.6809720925553444
0001318605_0001628280-25-003063,cash_and_equivalents,llm,1.6809720925553444
0001318605_0001628280-25-003063,operating_cash_flow,llm,1.6809720925553444
0001318605_0001628280-25-003063,operating_cash_flow,llm,1.6809720925553444
0001318605_0001628280-25-003063,operating_cash_flow,llm,1.6809720925553444
0001326801_0001326801-20-000013,revenue,llm,1.7932122962213017
0001326801_0001326801-20-000013,revenue,llm,1.7932122962213017
0001326801_0001326801-20-000013,revenue,llm,1.7932122962213017
0001326801_0001326801-20-000013,operating_income,llm,1.7932122962213017
0001326801_0001326801-20-000013,operating_income,llm,1.7932122962213017
0001326801_0001326801-20-000013,operating_income,llm,1.7932122962213017
0001326801_0001326801-20-000013,net_income,llm,1.7932122962213017
0001326801_0001326801-20-000013,net_income,llm,1.7932122962213017
0001326801_0001326801-20-000013,net_income,llm,1.7932122962213017
0001326801_0001326801-20-000013,eps_diluted,llm,1.7932122962213017
0001326801_0001326801-20-000013,eps_diluted,llm,1.7932122962213017
0001326801_0001326801-20-000013,eps_diluted,llm,1.7932122962213017
0001326801_0001326801-20-000013,total_assets,llm,1.7932122962213017
0001326801_0001326801-20-000013,total_assets,llm,1.7932122962213017
0001326801_0001326801-20-000013,total_assets,llm,1.7932122962213017
0001326801_0001326801-20-000013,total_liabilities,llm,1.7932122962213017
0001326801_0001326801-20-000013,total_liabilities,llm,1.7932122962213017
0001326801_0001326801-20-000013,total_liabilities,llm,1.7932122962213017
0001326801_0001326801-20-000013,stockholders_equity,llm,1.7932122962213017
0001326801_0001326801-20-000013,stockholders_equity,llm,1.7932122962213017
0001326801_0001326801-20-000013,stockholders_equity,llm,1.7932122962213017
0001326801_0001326801-20-000013,cash_and_equivalents,llm,1.7932122962213017
0001326801_0001326801-20-000013,cash_and_equivalents,llm,1.7932122962213017
0001326801_0001326801-20-000013,cash_and_equivalents,llm,1.7932122962213017
0001326801_0001326801-20-000013,operating_cash_flow,llm,1.7932122962213017
0001326801_0001326801-20-000013,operating_cash_flow,llm,1.7932122962213017
0001326801_0001326801-20-000013,operating_cash_flow,llm,1.7932122962213017
0001326801_0001326801-21-000014,revenue,llm,1.6487903749997108
0001326801_0001326801-21-000014,revenue,llm,1.6487903749997108
0001326801_0001326801-21-000014,revenue,llm,1.6487903749997108
0001326801_0001326801-21-000014,operating_income,llm,1.6487903749997108
0001326801_0001326801-21-000014,operating_income,llm,1.6487903749997108
0001326801_0001326801-21-000014,operating_income,llm,1.6487903749997108
0001326801_0001326801-21-000014,net_income,llm,1.6487903749997108
0001326801_0001326801-21-000014,net_income,llm,1.6487903749997108
0001326801_0001326801-21-000014,net_income,llm,1.6487903749997108
0001326801_0001326801-21-000014,eps_diluted,llm,1.6487903749997108
0001326801_0001326801-21-000014,eps_diluted,llm,1.6487903749997108
0001326801_0001326801-21-000014,eps_diluted,llm,1.6487903749997108
0001326801_0001326801-21-000014,total_assets,llm,1.6487903749997108
0001326801_0001326801-21-000014,total_assets,llm,1.6487903749997108
0001326801_0001326801-21-000014,total_assets,llm,1.6487903749997108
0001326801_0001326801-21-000014,total_liabilities,llm,1.6487903749997108
0001326801_0001326801-21-000014,total_liabilities,llm,1.6487903749997108
0001326801_0001326801-21-000014,total_liabilities,llm,1.6487903749997108
0001326801_0001326801-21-000014,stockholders_equity,llm,1.6487903749997108
0001326801_0001326801-21-000014,stockholders_equity,llm,1.6487903749997108
0001326801_0001326801-21-000014,stockholders_equity,llm,1.6487903749997108
0001326801_0001326801-21-000014,cash_and_equivalents,llm,1.6487903749997108
0001326801_0001326801-21-000014,cash_and_equivalents,llm,1.6487903749997108
0001326801_0001326801-21-000014,cash_and_equivalents,llm,1.6487903749997108
0001326801_0001326801-21-000014,operating_cash_flow,llm,1.6487903749997108
0001326801_0001326801-21-000014,operating_cash_flow,llm,1.6487903749997108
0001326801_0001326801-21-000014,operating_cash_flow,llm,1.6487903749997108
0001326801_0001326801-22-000018,revenue,llm,1.6507643933307716
0001326801_0001326801-22-000018,revenue,llm,1.6507643933307716
0001326801_0001326801-22-000018,revenue,llm,1.6507643933307716
0001326801_0001326801-22-000018,operating_income,llm,1.6507643933307716
0001326801_0001326801-22-000018,operating_income,llm,1.6507643933307716
0001326801_0001326801-22-000018,operating_income,llm,1.6507643933307716
0001326801_0001326801-22-000018,net_income,llm,1.6507643933307716
0001326801_0001326801-22-000018,net_income,llm,1.6507643933307716
0001326801_0001326801-22-000018,net_income,llm,1.6507643933307716
0001326801_0001326801-22-000018,eps_diluted,llm,1.6507643933307716
0001326801_0001326801-22-000018,eps_diluted,llm,1.6507643933307716
0001326801_0001326801-22-000018,eps_diluted,llm,1.6507643933307716
0001326801_0001326801-22-000018,total_assets,llm,1.6507643933307716
0001326801_0001326801-22-000018,total_assets,llm,1.6507643933307716
0001326801_0001326801-22-000018,total_assets,llm,1.6507643933307716
0001326801_0001326801-22-000018,total_liabilities,llm,1.6507643933307716
0001326801_0001326801-22-000018,total_liabilities,llm,1.6507643933307716
0001326801_0001326801-22-000018,total_liabilities,llm,1.6507643933307716
0001326801_0001326801-22-000018,stockholders_equity,llm,1.6507643933307716
0001326801_0001326801-22-000018,stockholders_equity,llm,1.6507643933307716
0001326801_0001326801-22-000018,stockholders_equity,llm,1.6507643933307716
0001326801_0001326801-22-000018,cash_and_equivalents,llm,1.6507643933307716
0001326801_0001326801-22-000018,cash_and_equivalents,llm,1.6507643933307716
0001326801_0001326801-22-000018,cash_and_equivalents,llm,1.6507643933307716
0001326801_0001326801-22-000018,operating_cash_flow,llm,1.6507643933307716
0001326801_0001326801-22-000018,operating_cash_flow,llm,1.6507643933307716
0001326801_0001326801-22-000018,operating_cash_flow,llm,1.6507643933307716
0001326801_0001326801-23-000013,revenue,llm,1.8360510880027303
0001326801_0001326801-23-000013,revenue,llm,1.8360510880027303
0001326801_0001326801-23-000013,revenue,llm,1.8360510880027303
0001326801_0001326801-23-000013,operating_income,llm,1.8360510880027303
0001326801_0001326801-23-000013,operating_income,llm,1.8360510880027303
0001326801_0001326801-23-000013,operating_income,llm,1.8360510880027303
0001326801_0001326801-23-000013,net_income,llm,1.8360510880027303
0001326801_0001326801-23-000013,net_income,llm,1.8360510880027303
0001326801_0001326801-23-000013,net_income,llm,1.8360510880027303
0001326801_0001326801-23-000013,eps_diluted,llm,1.8360510880027303
0001326801_0001326801-23-000013,eps_diluted,llm,1.8360510880027303
0001326801_0001326801-23-000013,eps_diluted,llm,1.8360510880027303
0001326801_0001326801-23-000013,total_assets,llm,1.8360510880027303
0001326801_0001326801-23-000013,total_assets,llm,1.8360510880027303
0001326801_0001326801-23-000013,total_assets,llm,1.8360510880027303
0001326801_0001326801-23-000013,total_liabilities,llm,1.8360510880027303
0001326801_0001326801-23-000013,total_liabilities,llm,1.8360510880027303
0001326801_0001326801-23-000013,total_liabilities,llm,1.8360510880027303
0001326801_0001326801-23-000013,stockholders_equity,llm,1.8360510880027303
0001326801_0001326801-23-000013,stockholders_equity,llm,1.8360510880027303
0001326801_0001326801-23-000013,stockholders_equity,llm,1.8360510880027303
0001326801_0001326801-23-000013,cash_and_equivalents,llm,1.8360510880027303
0001326801_0001326801-23-000013,cash_and_equivalents,llm,1.8360510880027303
0001326801_0001326801-23-000013,cash_and_equivalents,llm,1.8360510880027303
0001326801_0001326801-23-000013,operating_cash_flow,llm,1.8360510880027303
0001326801_0001326801-23-000013,operating_cash_flow,llm,1.8360510880027303
0001326801_0001326801-23-000013,operating_cash_flow,llm,1.8360510880027303
0001326801_0001326801-24-000012,revenue,llm,2.0604770602221834
0001326801_0001326801-24-000012,revenue,llm,2.0604770602221834
0001326801_0001326801-24-000012,revenue,llm,2.0604770602221834
0001326801_0001326801-24-000012,operating_income,llm,2.0604770602221834
0001326801_0001326801-24-000012,operating_income,llm,2.0604770602221834
0001326801_0001326801-24-000012,operating_income,llm,2.0604770602221834
0001326801_0001326801-24-000012,net_income,llm,2.0604770602221834
0001326801_0001326801-24-000012,net_income,llm,2.0604770602221834
0001326801_0001326801-24-000012,net_income,llm,2.0604770602221834
0001326801_0001326801-24-000012,eps_diluted,llm,2.0604770602221834
0001326801_0001326801-24-000012,eps_diluted,llm,2.0604770602221834
0001326801_0001326801-24-000012,eps_diluted,llm,2.0604770602221834
0001326801_0001326801-24-000012,total_assets,llm,2.0604770602221834
0001326801_0001326801-24-000012,total_assets,llm,2.0604770602221834
0001326801_0001326801-24-000012,total_assets,llm,2.0604770602221834
0001326801_0001326801-24-000012,total_liabilities,llm,2.0604770602221834
0001326801_0001326801-24-000012,total_liabilities,llm,2.0604770602221834
0001326801_0001326801-24-000012,total_liabilities,llm,2.0604770602221834
0001326801_0001326801-24-000012,stockholders_equity,llm,2.0604770602221834
0001326801_0001326801-24-000012,stockholders_equity,llm,2.0604770602221834
0001326801_0001326801-24-000012,stockholders_equity,llm,2.0604770602221834
0001326801_0001326801-24-000012,cash_and_equivalents,llm,2.0604770602221834
0001326801_0001326801-24-000012,cash_and_equivalents,llm,2.0604770602221834
0001326801_0001326801-24-000012,cash_and_equivalents,llm,2.0604770602221834
0001326801_0001326801-24-000012,operating_cash_flow,llm,2.0604770602221834
0001326801_0001326801-24-000012,operating_cash_flow,llm,2.0604770602221834
0001326801_0001326801-24-000012,operating_cash_flow,llm,2.0604770602221834
0001326801_0001326801-25-000017,revenue,llm,1.7526448841122653
0001326801_0001326801-25-000017,revenue,llm,1.7526448841122653
0001326801_0001326801-25-000017,revenue,llm,1.7526448841122653
0001326801_0001326801-25-000017,operating_income,llm,1.7526448841122653
0001326801_0001326801-25-000017,operating_income,llm,1.7526448841122653
0001326801_0001326801-25-000017,operating_income,llm,1.7526448841122653
0001326801_0001326801-25-000017,net_income,llm,1.7526448841122653
0001326801_0001326801-25-000017,net_income,llm,1.7526448841122653
0001326801_0001326801-25-000017,net_income,llm,1.7526448841122653
0001326801_0001326801-25-000017,eps_diluted,llm,1.7526448841122653
0001326801_0001326801-25-000017,eps_diluted,llm,1.7526448841122653
0001326801_0001326801-25-000017,eps_diluted,llm,1.7526448841122653
0001326801_0001326801-25-000017,total_assets,llm,1.7526448841122653
0001326801_0001326801-25-000017,total_assets,llm,1.7526448841122653
0001326801_0001326801-25-000017,total_assets,llm,1.7526448841122653
0001326801_0001326801-25-000017,total_liabilities,llm,1.7526448841122653
0001326801_0001326801-25-000017,total_liabilities,llm,1.7526448841122653
0001326801_0001326801-25-000017,total_liabilities,llm,1.7526448841122653
0001326801_0001326801-25-000017,stockholders_equity,llm,1.7526448841122653
0001326801_0001326801-25-000017,stockholders_equity,llm,1.7526448841122653
0001326801_0001326801-25-000017,stockholders_equity,llm,1.7526448841122653
0001326801_0001326801-25-000017,cash_and_equivalents,llm,1.7526448841122653
0001326801_0001326801-25-000017,cash_and_equivalents,llm,1.7526448841122653
0001326801_0001326801-25-000017,cash_and_equivalents,llm,1.7526448841122653
0001326801_0001326801-25-000017,operating_cash_flow,llm,1.7526448841122653
0001326801_0001326801-25-000017,operating_cash_flow,llm,1.7526448841122653
0001326801_0001326801-25-000017,operating_cash_flow,llm,1.7526448841122653
0001341439_0001564590-19-023119,revenue,llm,1.8186956249992363
0001341439_0001564590-19-023119,revenue,llm,1.8186956249992363
0001341439_0001564590-19-023119,revenue,llm,1.8186956249992363
0001341439_0001564590-19-023119,operating_income,llm,1.8186956249992363
0001341439_0001564590-19-023119,operating_income,llm,1.8186956249992363
0001341439_0001564590-19-023119,operating_income,llm,1.8186956249992363
0001341439_0001564590-19-023119,net_income,llm,1.8186956249992363
0001341439_0001564590-19-023119,net_income,llm,1.8186956249992363
0001341439_0001564590-19-023119,net_income,llm,1.8186956249992363
0001341439_0001564590-19-023119,eps_diluted,llm,1.8186956249992363
0001341439_0001564590-19-023119,eps_diluted,llm,1.8186956249992363
0001341439_0001564590-19-023119,eps_diluted,llm,1.8186956249992363
0001341439_0001564590-19-023119,total_assets,llm,1.8186956249992363
0001341439_0001564590-19-023119,total_assets,llm,1.8186956249992363
0001341439_0001564590-19-023119,total_assets,llm,1.8186956249992363
0001341439_0001564590-19-023119,stockholders_equity,llm,1.8186956249992363
0001341439_0001564590-19-023119,stockholders_equity,llm,1.8186956249992363
0001341439_0001564590-19-023119,stockholders_equity,llm,1.8186956249992363
0001341439_0001564590-19-023119,cash_and_equivalents,llm,1.8186956249992363
0001341439_0001564590-19-023119,cash_and_equivalents,llm,1.8186956249992363
0001341439_0001564590-19-023119,cash_and_equivalents,llm,1.8186956249992363
0001341439_0001564590-19-023119,operating_cash_flow,llm,1.8186956249992363
0001341439_0001564590-19-023119,operating_cash_flow,llm,1.8186956249992363
0001341439_0001564590-19-023119,operating_cash_flow,llm,1.8186956249992363
0001341439_0001564590-20-030125,revenue,llm,1.6978282175534534
0001341439_0001564590-20-030125,revenue,llm,1.6978282175534534
0001341439_0001564590-20-030125,revenue,llm,1.6978282175534534
0001341439_0001564590-20-030125,operating_income,llm,1.6978282175534534
0001341439_0001564590-20-030125,operating_income,llm,1.6978282175534534
0001341439_0001564590-20-030125,operating_income,llm,1.6978282175534534
0001341439_0001564590-20-030125,net_income,llm,1.6978282175534534
0001341439_0001564590-20-030125,net_income,llm,1.6978282175534534
0001341439_0001564590-20-030125,net_income,llm,1.6978282175534534
0001341439_0001564590-20-030125,eps_diluted,llm,1.6978282175534534
0001341439_0001564590-20-030125,eps_diluted,llm,1.6978282175534534
0001341439_0001564590-20-030125,eps_diluted,llm,1.6978282175534534
0001341439_0001564590-20-030125,total_assets,llm,1.6978282175534534
0001341439_0001564590-20-030125,total_assets,llm,1.6978282175534534
0001341439_0001564590-20-030125,total_assets,llm,1.6978282175534534
0001341439_0001564590-20-030125,stockholders_equity,llm,1.6978282175534534
0001341439_0001564590-20-030125,stockholders_equity,llm,1.6978282175534534
0001341439_0001564590-20-030125,stockholders_equity,llm,1.6978282175534534
0001341439_0001564590-20-030125,cash_and_equivalents,llm,1.6978282175534534
0001341439_0001564590-20-030125,cash_and_equivalents,llm,1.6978282175534534
0001341439_0001564590-20-030125,cash_and_equivalents,llm,1.6978282175534534
0001341439_0001564590-20-030125,operating_cash_flow,llm,1.6978282175534534
0001341439_0001564590-20-030125,operating_cash_flow,llm,1.6978282175534534
0001341439_0001564590-20-030125,operating_cash_flow,llm,1.6978282175534534
0001341439_0001564590-21-033616,revenue,llm,2.338549893554753
0001341439_0001564590-21-033616,revenue,llm,2.338549893554753
0001341439_0001564590-21-033616,revenue,llm,2.338549893554753
0001341439_0001564590-21-033616,operating_income,llm,2.338549893554753
0001341439_0001564590-21-033616,operating_income,llm,2.338549893554753
0001341439_0001564590-21-033616,operating_income,llm,2.338549893554753
0001341439_0001564590-21-033616,net_income,llm,2.338549893554753
0001341439_0001564590-21-033616,net_income,llm,2.338549893554753
0001341439_0001564590-21-033616,net_income,llm,2.338549893554753
0001341439_0001564590-21-033616,eps_diluted,llm,2.338549893554753
0001341439_0001564590-21-033616,eps_diluted,llm,2.338549893554753
0001341439_0001564590-21-033616,eps_diluted,llm,2.338549893554753
0001341439_0001564590-21-033616,total_assets,llm,2.338549893554753
0001341439_0001564590-21-033616,total_assets,llm,2.338549893554753
0001341439_0001564590-21-033616,total_assets,llm,2.338549893554753
0001341439_0001564590-21-033616,stockholders_equity,llm,2.338549893554753
0001341439_0001564590-21-033616,stockholders_equity,llm,2.338549893554753
0001341439_0001564590-21-033616,stockholders_equity,llm,2.338549893554753
0001341439_0001564590-21-033616,cash_and_equivalents,llm,2.338549893554753
0001341439_0001564590-21-033616,cash_and_equivalents,llm,2.338549893554753
0001341439_0001564590-21-033616,cash_and_equivalents,llm,2.338549893554753
0001341439_0001564590-21-033616,operating_cash_flow,llm,2.338549893554753
0001341439_0001564590-21-033616,operating_cash_flow,llm,2.338549893554753
0001341439_0001564590-21-033616,operating_cash_flow,llm,2.338549893554753
0001341439_0001564590-22-023675,revenue,llm,1.7270801249995
0001341439_0001564590-22-023675,revenue,llm,1.7270801249995
0001341439_0001564590-22-023675,revenue,llm,1.7270801249995
0001341439_0001564590-22-023675,operating_income,llm,1.7270801249995
0001341439_0001564590-22-023675,operating_income,llm,1.7270801249995
0001341439_0001564590-22-023675,operating_income,llm,1.7270801249995
0001341439_0001564590-22-023675,net_income,llm,1.7270801249995
0001341439_0001564590-22-023675,net_income,llm,1.7270801249995
0001341439_0001564590-22-023675,net_income,llm,1.7270801249995
0001341439_0001564590-22-023675,eps_diluted,llm,1.7270801249995
0001341439_0001564590-22-023675,eps_diluted,llm,1.7270801249995
0001341439_0001564590-22-023675,eps_diluted,llm,1.7270801249995
0001341439_0001564590-22-023675,total_assets,llm,1.7270801249995
0001341439_0001564590-22-023675,total_assets,llm,1.7270801249995
0001341439_0001564590-22-023675,total_assets,llm,1.7270801249995
0001341439_0001564590-22-023675,stockholders_equity,llm,1.7270801249995
0001341439_0001564590-22-023675,stockholders_equity,llm,1.7270801249995
0001341439_0001564590-22-023675,stockholders_equity,llm,1.7270801249995
0001341439_0001564590-22-023675,cash_and_equivalents,llm,1.7270801249995
0001341439_0001564590-22-023675,cash_and_equivalents,llm,1.7270801249995
0001341439_0001564590-22-023675,cash_and_equivalents,llm,1.7270801249995
0001341439_0001564590-22-023675,operating_cash_flow,llm,1.7270801249995
0001341439_0001564590-22-023675,operating_cash_flow,llm,1.7270801249995
0001341439_0001564590-22-023675,operating_cash_flow,llm,1.7270801249995
0001341439_0000950170-23-028914,revenue,llm,1.6924259676662687
0001341439_0000950170-23-028914,revenue,llm,1.6924259676662687
0001341439_0000950170-23-028914,revenue,llm,1.6924259676662687
0001341439_0000950170-23-028914,operating_income,llm,1.6924259676662687
0001341439_0000950170-23-028914,operating_income,llm,1.6924259676662687
0001341439_0000950170-23-028914,operating_income,llm,1.6924259676662687
0001341439_0000950170-23-028914,net_income,llm,1.6924259676662687
0001341439_0000950170-23-028914,net_income,llm,1.6924259676662687
0001341439_0000950170-23-028914,net_income,llm,1.6924259676662687
0001341439_0000950170-23-028914,eps_diluted,llm,1.6924259676662687
0001341439_0000950170-23-028914,eps_diluted,llm,1.6924259676662687
0001341439_0000950170-23-028914,eps_diluted,llm,1.6924259676662687
0001341439_0000950170-23-028914,total_assets,llm,1.6924259676662687
0001341439_0000950170-23-028914,total_assets,llm,1.6924259676662687
0001341439_0000950170-23-028914,total_assets,llm,1.6924259676662687
0001341439_0000950170-23-028914,stockholders_equity,llm,1.6924259676662687
0001341439_0000950170-23-028914,stockholders_equity,llm,1.6924259676662687
0001341439_0000950170-23-028914,stockholders_equity,llm,1.6924259676662687
0001341439_0000950170-23-028914,cash_and_equivalents,llm,1.6924259676662687
0001341439_0000950170-23-028914,cash_and_equivalents,llm,1.6924259676662687
0001341439_0000950170-23-028914,cash_and_equivalents,llm,1.6924259676662687
0001341439_0000950170-23-028914,operating_cash_flow,llm,1.6924259676662687
0001341439_0000950170-23-028914,operating_cash_flow,llm,1.6924259676662687
0001341439_0000950170-23-028914,operating_cash_flow,llm,1.6924259676662687
0001341439_0000950170-24-075605,revenue,llm,1.6568349165576768
0001341439_0000950170-24-075605,revenue,llm,1.6568349165576768
0001341439_0000950170-24-075605,revenue,llm,1.6568349165576768
0001341439_0000950170-24-075605,operating_income,llm,1.6568349165576768
0001341439_0000950170-24-075605,operating_income,llm,1.6568349165576768
0001341439_0000950170-24-075605,operating_income,llm,1.6568349165576768
0001341439_0000950170-24-075605,net_income,llm,1.6568349165576768
0001341439_0000950170-24-075605,net_income,llm,1.6568349165576768
0001341439_0000950170-24-075605,net_income,llm,1.6568349165576768
0001341439_0000950170-24-075605,eps_diluted,llm,1.6568349165576768
0001341439_0000950170-24-075605,eps_diluted,llm,1.6568349165576768
0001341439_0000950170-24-075605,eps_diluted,llm,1.6568349165576768
0001341439_0000950170-24-075605,total_assets,llm,1.6568349165576768
0001341439_0000950170-24-075605,total_assets,llm,1.6568349165576768
0001341439_0000950170-24-075605,total_assets,llm,1.6568349165576768
0001341439_0000950170-24-075605,stockholders_equity,llm,1.6568349165576768
0001341439_0000950170-24-075605,stockholders_equity,llm,1.6568349165576768
0001341439_0000950170-24-075605,stockholders_equity,llm,1.6568349165576768
0001341439_0000950170-24-075605,cash_and_equivalents,llm,1.6568349165576768
0001341439_0000950170-24-075605,cash_and_equivalents,llm,1.6568349165576768
0001341439_0000950170-24-075605,cash_and_equivalents,llm,1.6568349165576768
0001341439_0000950170-24-075605,operating_cash_flow,llm,1.6568349165576768
0001341439_0000950170-24-075605,operating_cash_flow,llm,1.6568349165576768
0001341439_0000950170-24-075605,operating_cash_flow,llm,1.6568349165576768
0001652044_0001652044-20-000008,revenue,llm,1.5582810324429173
0001652044_0001652044-20-000008,revenue,llm,1.5582810324429173
0001652044_0001652044-20-000008,revenue,llm,1.5582810324429173
0001652044_0001652044-20-000008,operating_income,llm,1.5582810324429173
0001652044_0001652044-20-000008,operating_income,llm,1.5582810324429173
0001652044_0001652044-20-000008,operating_income,llm,1.5582810324429173
0001652044_0001652044-20-000008,net_income,llm,1.5582810324429173
0001652044_0001652044-20-000008,net_income,llm,1.5582810324429173
0001652044_0001652044-20-000008,net_income,llm,1.5582810324429173
0001652044_0001652044-20-000008,eps_diluted,llm,1.5582810324429173
0001652044_0001652044-20-000008,eps_diluted,llm,1.5582810324429173
0001652044_0001652044-20-000008,eps_diluted,llm,1.5582810324429173
0001652044_0001652044-20-000008,total_assets,llm,1.5582810324429173
0001652044_0001652044-20-000008,total_assets,llm,1.5582810324429173
0001652044_0001652044-20-000008,total_assets,llm,1.5582810324429173
0001652044_0001652044-20-000008,total_liabilities,llm,1.5582810324429173
0001652044_0001652044-20-000008,total_liabilities,llm,1.5582810324429173
0001652044_0001652044-20-000008,total_liabilities,llm,1.5582810324429173
0001652044_0001652044-20-000008,stockholders_equity,llm,1.5582810324429173
0001652044_0001652044-20-000008,stockholders_equity,llm,1.5582810324429173
0001652044_0001652044-20-000008,stockholders_equity,llm,1.5582810324429173
0001652044_0001652044-20-000008,cash_and_equivalents,llm,1.5582810324429173
0001652044_0001652044-20-000008,cash_and_equivalents,llm,1.5582810324429173
0001652044_0001652044-20-000008,cash_and_equivalents,llm,1.5582810324429173
0001652044_0001652044-20-000008,operating_cash_flow,llm,1.5582810324429173
0001652044_0001652044-20-000008,operating_cash_flow,llm,1.5582810324429173
0001652044_0001652044-20-000008,operating_cash_flow,llm,1.5582810324429173
0001652044_0001652044-21-000010,revenue,llm,1.5872287499983535
0001652044_0001652044-21-000010,revenue,llm,1.5872287499983535
0001652044_0001652044-21-000010,revenue,llm,1.5872287499983535
0001652044_0001652044-21-000010,operating_income,llm,1.5872287499983535
0001652044_0001652044-21-000010,operating_income,llm,1.5872287499983535
0001652044_0001652044-21-000010,operating_income,llm,1.5872287499983535
0001652044_0001652044-21-000010,net_income,llm,1.5872287499983535
0001652044_0001652044-21-000010,net_income,llm,1.5872287499983535
0001652044_0001652044-21-000010,net_income,llm,1.5872287499983535
0001652044_0001652044-21-000010,eps_diluted,llm,1.5872287499983535
0001652044_0001652044-21-000010,eps_diluted,llm,1.5872287499983535
0001652044_0001652044-21-000010,eps_diluted,llm,1.5872287499983535
0001652044_0001652044-21-000010,total_assets,llm,1.5872287499983535
0001652044_0001652044-21-000010,total_assets,llm,1.5872287499983535
0001652044_0001652044-21-000010,total_assets,llm,1.5872287499983535
0001652044_0001652044-21-000010,total_liabilities,llm,1.5872287499983535
0001652044_0001652044-21-000010,total_liabilities,llm,1.5872287499983535
0001652044_0001652044-21-000010,total_liabilities,llm,1.5872287499983535
0001652044_0001652044-21-000010,stockholders_equity,llm,1.5872287499983535
0001652044_0001652044-21-000010,stockholders_equity,llm,1.5872287499983535
0001652044_0001652044-21-000010,stockholders_equity,llm,1.5872287499983535
0001652044_0001652044-21-000010,cash_and_equivalents,llm,1.5872287499983535
0001652044_0001652044-21-000010,cash_and_equivalents,llm,1.5872287499983535
0001652044_0001652044-21-000010,cash_and_equivalents,llm,1.5872287499983535
0001652044_0001652044-21-000010,operating_cash_flow,llm,1.5872287499983535
0001652044_0001652044-21-000010,operating_cash_flow,llm,1.5872287499983535
0001652044_0001652044-21-000010,operating_cash_flow,llm,1.5872287499983535
0001652044_0001652044-22-000019,revenue,llm,1.5294817314441187
0001652044_0001652044-22-000019,revenue,llm,1.5294817314441187
0001652044_0001652044-22-000019,revenue,llm,1.5294817314441187
0001652044_0001652044-22-000019,operating_income,llm,1.5294817314441187
0001652044_0001652044-22-000019,operating_income,llm,1.5294817314441187
0001652044_0001652044-22-000019,operating_income,llm,1.5294817314441187
0001652044_0001652044-22-000019,net_income,llm,1.5294817314441187
0001652044_0001652044-22-000019,net_income,llm,1.5294817314441187
0001652044_0001652044-22-000019,net_income,llm,1.5294817314441187
0001652044_0001652044-22-000019,eps_diluted,llm,1.5294817314441187
0001652044_0001652044-22-000019,eps_diluted,llm,1.5294817314441187
0001652044_0001652044-22-000019,eps_diluted,llm,1.5294817314441187
0001652044_0001652044-22-000019,total_assets,llm,1.5294817314441187
0001652044_0001652044-22-000019,total_assets,llm,1.5294817314441187
0001652044_0001652044-22-000019,total_assets,llm,1.5294817314441187
0001652044_0001652044-22-000019,total_liabilities,llm,1.5294817314441187
0001652044_0001652044-22-000019,total_liabilities,llm,1.5294817314441187
0001652044_0001652044-22-000019,total_liabilities,llm,1.5294817314441187
0001652044_0001652044-22-000019,stockholders_equity,llm,1.5294817314441187
0001652044_0001652044-22-000019,stockholders_equity,llm,1.5294817314441187
0001652044_0001652044-22-000019,stockholders_equity,llm,1.5294817314441187
0001652044_0001652044-22-000019,cash_and_equivalents,llm,1.5294817314441187
0001652044_0001652044-22-000019,cash_and_equivalents,llm,1.5294817314441187
0001652044_0001652044-22-000019,cash_and_equivalents,llm,1.5294817314441187
0001652044_0001652044-22-000019,operating_cash_flow,llm,1.5294817314441187
0001652044_0001652044-22-000019,operating_cash_flow,llm,1.5294817314441187
0001652044_0001652044-22-000019,operating_cash_flow,llm,1.5294817314441187
0001652044_0001652044-23-000016,revenue,llm,1.5948321666671998
0001652044_0001652044-23-000016,revenue,llm,1.5948321666671998
0001652044_0001652044-23-000016,revenue,llm,1.5948321666671998
0001652044_0001652044-23-000016,operating_income,llm,1.5948321666671998
0001652044_0001652044-23-000016,operating_income,llm,1.5948321666671998
0001652044_0001652044-23-000016,operating_income,llm,1.5948321666671998
0001652044_0001652044-23-000016,net_income,llm,1.5948321666671998
0001652044_0001652044-23-000016,net_income,llm,1.5948321666671998
0001652044_0001652044-23-000016,net_income,llm,1.5948321666671998
0001652044_0001652044-23-000016,eps_diluted,llm,1.5948321666671998
0001652044_0001652044-23-000016,eps_diluted,llm,1.5948321666671998
0001652044_0001652044-23-000016,eps_diluted,llm,1.5948321666671998
0001652044_0001652044-23-000016,total_assets,llm,1.5948321666671998
0001652044_0001652044-23-000016,total_assets,llm,1.5948321666671998
0001652044_0001652044-23-000016,total_assets,llm,1.5948321666671998
0001652044_0001652044-23-000016,total_liabilities,llm,1.5948321666671998
0001652044_0001652044-23-000016,total_liabilities,llm,1.5948321666671998
0001652044_0001652044-23-000016,total_liabilities,llm,1.5948321666671998
0001652044_0001652044-23-000016,stockholders_equity,llm,1.5948321666671998
0001652044_0001652044-23-000016,stockholders_equity,llm,1.5948321666671998
0001652044_0001652044-23-000016,stockholders_equity,llm,1.5948321666671998
0001652044_0001652044-23-000016,cash_and_equivalents,llm,1.5948321666671998
0001652044_0001652044-23-000016,cash_and_equivalents,llm,1.5948321666671998
0001652044_0001652044-23-000016,cash_and_equivalents,llm,1.5948321666671998
0001652044_0001652044-23-000016,operating_cash_flow,llm,1.5948321666671998
0001652044_0001652044-23-000016,operating_cash_flow,llm,1.5948321666671998
0001652044_0001652044-23-000016,operating_cash_flow,llm,1.5948321666671998
0001652044_0001652044-24-000022,revenue,llm,1.5122803147775508
0001652044_0001652044-24-000022,revenue,llm,1.5122803147775508
0001652044_0001652044-24-000022,revenue,llm,1.5122803147775508
0001652044_0001652044-24-000022,operating_income,llm,1.5122803147775508
0001652044_0001652044-24-000022,operating_income,llm,1.5122803147775508
0001652044_0001652044-24-000022,operating_income,llm,1.5122803147775508
0001652044_0001652044-24-000022,net_income,llm,1.5122803147775508
0001652044_0001652044-24-000022,net_income,llm,1.5122803147775508
0001652044_0001652044-24-000022,net_income,llm,1.5122803147775508
0001652044_0001652044-24-000022,eps_diluted,llm,1.5122803147775508
0001652044_0001652044-24-000022,eps_diluted,llm,1.5122803147775508
0001652044_0001652044-24-000022,eps_diluted,llm,1.5122803147775508
0001652044_0001652044-24-000022,total_assets,llm,1.5122803147775508
0001652044_0001652044-24-000022,total_assets,llm,1.5122803147775508
0001652044_0001652044-24-000022,total_assets,llm,1.5122803147775508
0001652044_0001652044-24-000022,total_liabilities,llm,1.5122803147775508
0001652044_0001652044-24-000022,total_liabilities,llm,1.5122803147775508
0001652044_0001652044-24-000022,total_liabilities,llm,1.5122803147775508
0001652044_0001652044-24-000022,stockholders_equity,llm,1.5122803147775508
0001652044_0001652044-24-000022,stockholders_equity,llm,1.5122803147775508
0001652044_0001652044-24-000022,stockholders_equity,llm,1.5122803147775508
0001652044_0001652044-24-000022,cash_and_equivalents,llm,1.5122803147775508
0001652044_0001652044-24-000022,cash_and_equivalents,llm,1.5122803147775508
0001652044_0001652044-24-000022,cash_and_equivalents,llm,1.5122803147775508
0001652044_0001652044-24-000022,operating_cash_flow,llm,1.5122803147775508
0001652044_0001652044-24-000022,operating_cash_flow,llm,1.5122803147775508
0001652044_0001652044-24-000022,operating_cash_flow,llm,1.5122803147775508
0001652044_0001652044-25-000014,revenue,llm,1.736146805554098
0001652044_0001652044-25-000014,revenue,llm,1.736146805554098
0001652044_0001652044-25-000014,revenue,llm,1.736146805554098
0001652044_0001652044-25-000014,operating_income,llm,1.736146805554098
0001652044_0001652044-25-000014,operating_income,llm,1.736146805554098
0001652044_0001652044-25-000014,operating_income,llm,1.736146805554098
0001652044_0001652044-25-000014,net_income,llm,1.736146805554098
0001652044_0001652044-25-000014,net_income,llm,1.736146805554098
0001652044_0001652044-25-000014,net_income,llm,1.736146805554098
0001652044_0001652044-25-000014,eps_diluted,llm,1.736146805554098
0001652044_0001652044-25-000014,eps_diluted,llm,1.736146805554098
0001652044_0001652044-25-000014,eps_diluted,llm,1.736146805554098
0001652044_0001652044-25-000014,total_assets,llm,1.736146805554098
0001652044_0001652044-25-000014,total_assets,llm,1.736146805554098
0001652044_0001652044-25-000014,total_assets,llm,1.736146805554098
0001652044_0001652044-25-000014,total_liabilities,llm,1.736146805554098
0001652044_0001652044-25-000014,total_liabilities,llm,1.736146805554098
0001652044_0001652044-25-000014,total_liabilities,llm,1.736146805554098
0001652044_0001652044-25-000014,stockholders_equity,llm,1.736146805554098
0001652044_0001652044-25-000014,stockholders_equity,llm,1.736146805554098
0001652044_0001652044-25-000014,stockholders_equity,llm,1.736146805554098
0001652044_0001652044-25-000014,cash_and_equivalents,llm,1.736146805554098
0001652044_0001652044-25-000014,cash_and_equivalents,llm,1.736146805554098
0001652044_0001652044-25-000014,cash_and_equivalents,llm,1.736146805554098
0001652044_0001652044-25-000014,operating_cash_flow,llm,1.736146805554098
0001652044_0001652044-25-000014,operating_cash_flow,llm,1.736146805554098
0001652044_0001652044-25-000014,operating_cash_flow,llm,1.736146805554098
0001744489_0001744489-19-000225,revenue,llm,1.9093638657779795
0001744489_0001744489-19-000225,revenue,llm,1.9093638657779795
0001744489_0001744489-19-000225,revenue,llm,1.9093638657779795
0001744489_0001744489-19-000225,operating_income,llm,1.9093638657779795
0001744489_0001744489-19-000225,operating_income,llm,1.9093638657779795
0001744489_0001744489-19-000225,operating_income,llm,1.9093638657779795
0001744489_0001744489-19-000225,net_income,llm,1.9093638657779795
0001744489_0001744489-19-000225,net_income,llm,1.9093638657779795
0001744489_0001744489-19-000225,net_income,llm,1.9093638657779795
0001744489_0001744489-19-000225,eps_diluted,llm,1.9093638657779795
0001744489_0001744489-19-000225,eps_diluted,llm,1.9093638657779795
0001744489_0001744489-19-000225,eps_diluted,llm,1.9093638657779795
0001744489_0001744489-19-000225,total_assets,llm,1.9093638657779795
0001744489_0001744489-19-000225,total_assets,llm,1.9093638657779795
0001744489_0001744489-19-000225,total_assets,llm,1.9093638657779795
0001744489_0001744489-19-000225,stockholders_equity,llm,1.9093638657779795
0001744489_0001744489-19-000225,stockholders_equity,llm,1.9093638657779795
0001744489_0001744489-19-000225,stockholders_equity,llm,1.9093638657779795
0001744489_0001744489-19-000225,cash_and_equivalents,llm,1.9093638657779795
0001744489_0001744489-19-000225,cash_and_equivalents,llm,1.9093638657779795
0001744489_0001744489-19-000225,cash_and_equivalents,llm,1.9093638657779795
0001744489_0001744489-19-000225,operating_cash_flow,llm,1.9093638657779795
0001744489_0001744489-19-000225,operating_cash_flow,llm,1.9093638657779795
0001744489_0001744489-19-000225,operating_cash_flow,llm,1.9093638657779795
0001744489_0001744489-20-000197,revenue,llm,1.8515891018889508
0001744489_0001744489-20-000197,revenue,llm,1.8515891018889508
0001744489_0001744489-20-000197,revenue,llm,1.8515891018889508
0001744489_0001744489-20-000197,operating_income,llm,1.8515891018889508
0001744489_0001744489-20-000197,operating_income,llm,1.8515891018889508
0001744489_0001744489-20-000197,operating_income,llm,1.8515891018889508
0001744489_0001744489-20-000197,net_income,llm,1.8515891018889508
0001744489_0001744489-20-000197,net_income,llm,1.8515891018889508
0001744489_0001744489-20-000197,net_income,llm,1.8515891018889508
0001744489_0001744489-20-000197,eps_diluted,llm,1.8515891018889508
0001744489_0001744489-20-000197,eps_diluted,llm,1.8515891018889508
0001744489_0001744489-20-000197,eps_diluted,llm,1.8515891018889508
0001744489_0001744489-20-000197,total_assets,llm,1.8515891018889508
0001744489_0001744489-20-000197,total_assets,llm,1.8515891018889508
0001744489_0001744489-20-000197,total_assets,llm,1.8515891018889508
0001744489_0001744489-20-000197,stockholders_equity,llm,1.8515891018889508
0001744489_0001744489-20-000197,stockholders_equity,llm,1.8515891018889508
0001744489_0001744489-20-000197,stockholders_equity,llm,1.8515891018889508
0001744489_0001744489-20-000197,cash_and_equivalents,llm,1.8515891018889508
0001744489_0001744489-20-000197,cash_and_equivalents,llm,1.8515891018889508
0001744489_0001744489-20-000197,cash_and_equivalents,llm,1.8515891018889508
0001744489_0001744489-20-000197,operating_cash_flow,llm,1.8515891018889508
0001744489_0001744489-20-000197,operating_cash_flow,llm,1.8515891018889508
0001744489_0001744489-20-000197,operating_cash_flow,llm,1.8515891018889508
0001744489_0001744489-21-000220,revenue,llm,1.83205091677923
0001744489_0001744489-21-000220,revenue,llm,1.83205091677923
0001744489_0001744489-21-000220,revenue,llm,1.83205091677923
0001744489_0001744489-21-000220,operating_income,llm,1.83205091677923
0001744489_0001744489-21-000220,operating_income,llm,1.83205091677923
0001744489_0001744489-21-000220,operating_income,llm,1.83205091677923
0001744489_0001744489-21-000220,net_income,llm,1.83205091677923
0001744489_0001744489-21-000220,net_income,llm,1.83205091677923
0001744489_0001744489-21-000220,net_income,llm,1.83205091677923
0001744489_0001744489-21-000220,eps_diluted,llm,1.83205091677923
0001744489_0001744489-21-000220,eps_diluted,llm,1.83205091677923
0001744489_0001744489-21-000220,eps_diluted,llm,1.83205091677923
0001744489_0001744489-21-000220,total_assets,llm,1.83205091677923
0001744489_0001744489-21-000220,total_assets,llm,1.83205091677923
0001744489_0001744489-21-000220,total_assets,llm,1.83205091677923
0001744489_0001744489-21-000220,stockholders_equity,llm,1.83205091677923
0001744489_0001744489-21-000220,stockholders_equity,llm,1.83205091677923
0001744489_0001744489-21-000220,stockholders_equity,llm,1.83205091677923
0001744489_0001744489-21-000220,cash_and_equivalents,llm,1.83205091677923
0001744489_0001744489-21-000220,cash_and_equivalents,llm,1.83205091677923
0001744489_0001744489-21-000220,cash_and_equivalents,llm,1.83205091677923
0001744489_0001744489-21-000220,operating_cash_flow,llm,1.83205091677923
0001744489_0001744489-21-000220,operating_cash_flow,llm,1.83205091677923
0001744489_0001744489-21-000220,operating_cash_flow,llm,1.83205091677923
0001744489_0001744489-22-000213,revenue,llm,1.7186994212243007
0001744489_0001744489-22-000213,revenue,llm,1.7186994212243007
0001744489_0001744489-22-000213,revenue,llm,1.7186994212243007
0001744489_0001744489-22-000213,operating_income,llm,1.7186994212243007
0001744489_0001744489-22-000213,operating_income,llm,1.7186994212243007
0001744489_0001744489-22-000213,operating_income,llm,1.7186994212243007
0001744489_0001744489-22-000213,net_income,llm,1.7186994212243007
0001744489_0001744489-22-000213,net_income,llm,1.7186994212243007
0001744489_0001744489-22-000213,net_income,llm,1.7186994212243007
0001744489_0001744489-22-000213,eps_diluted,llm,1.7186994212243007
0001744489_0001744489-22-000213,eps_diluted,llm,1.7186994212243007
0001744489_0001744489-22-000213,eps_diluted,llm,1.7186994212243007
0001744489_0001744489-22-000213,total_assets,llm,1.7186994212243007
0001744489_0001744489-22-000213,total_assets,llm,1.7186994212243007
0001744489_0001744489-22-000213,total_assets,llm,1.7186994212243007
0001744489_0001744489-22-000213,stockholders_equity,llm,1.7186994212243007
0001744489_0001744489-22-000213,stockholders_equity,llm,1.7186994212243007
0001744489_0001744489-22-000213,stockholders_equity,llm,1.7186994212243007
0001744489_0001744489-22-000213,cash_and_equivalents,llm,1.7186994212243007
0001744489_0001744489-22-000213,cash_and_equivalents,llm,1.7186994212243007
0001744489_0001744489-22-000213,cash_and_equivalents,llm,1.7186994212243007
0001744489_0001744489-22-000213,operating_cash_flow,llm,1.7186994212243007
0001744489_0001744489-22-000213,operating_cash_flow,llm,1.7186994212243007
0001744489_0001744489-22-000213,operating_cash_flow,llm,1.7186994212243007
0001744489_0001744489-23-000216,revenue,llm,1.7306185508900347
0001744489_0001744489-23-000216,revenue,llm,1.7306185508900347
0001744489_0001744489-23-000216,revenue,llm,1.7306185508900347
0001744489_0001744489-23-000216,operating_income,llm,1.7306185508900347
0001744489_0001744489-23-000216,operating_income,llm,1.7306185508900347
0001744489_0001744489-23-000216,operating_income,llm,1.7306185508900347
0001744489_0001744489-23-000216,net_income,llm,1.7306185508900347
0001744489_0001744489-23-000216,net_income,llm,1.7306185508900347
0001744489_0001744489-23-000216,net_income,llm,1.7306185508900347
0001744489_0001744489-23-000216,eps_diluted,llm,1.7306185508900347
0001744489_0001744489-23-000216,eps_diluted,llm,1.7306185508900347
0001744489_0001744489-23-000216,eps_diluted,llm,1.7306185508900347
0001744489_0001744489-23-000216,total_assets,llm,1.7306185508900347
0001744489_0001744489-23-000216,total_assets,llm,1.7306185508900347
0001744489_0001744489-23-000216,total_assets,llm,1.7306185508900347
0001744489_0001744489-23-000216,stockholders_equity,llm,1.7306185508900347
0001744489_0001744489-23-000216,stockholders_equity,llm,1.7306185508900347
0001744489_0001744489-23-000216,stockholders_equity,llm,1.7306185508900347
0001744489_0001744489-23-000216,cash_and_equivalents,llm,1.7306185508900347
0001744489_0001744489-23-000216,cash_and_equivalents,llm,1.7306185508900347
0001744489_0001744489-23-000216,cash_and_equivalents,llm,1.7306185508900347
0001744489_0001744489-23-000216,operating_cash_flow,llm,1.7306185508900347
0001744489_0001744489-23-000216,operating_cash_flow,llm,1.7306185508900347
0001744489_0001744489-23-000216,operating_cash_flow,llm,1.7306185508900347
0001744489_0001744489-24-000276,revenue,llm,1.891700879665829
0001744489_0001744489-24-000276,revenue,llm,1.891700879665829
0001744489_0001744489-24-000276,revenue,llm,1.891700879665829
0001744489_0001744489-24-000276,operating_income,llm,1.891700879665829
0001744489_0001744489-24-000276,operating_income,llm,1.891700879665829
0001744489_0001744489-24-000276,operating_income,llm,1.891700879665829
0001744489_0001744489-24-000276,net_income,llm,1.891700879665829
0001744489_0001744489-24-000276,net_income,llm,1.891700879665829
0001744489_0001744489-24-000276,net_income,llm,1.891700879665829
0001744489_0001744489-24-000276,eps_diluted,llm,1.891700879665829
0001744489_0001744489-24-000276,eps_diluted,llm,1.891700879665829
0001744489_0001744489-24-000276,eps_diluted,llm,1.891700879665829
0001744489_0001744489-24-000276,total_assets,llm,1.891700879665829
0001744489_0001744489-24-000276,total_assets,llm,1.891700879665829
0001744489_0001744489-24-000276,total_assets,llm,1.891700879665829
0001744489_0001744489-24-000276,stockholders_equity,llm,1.891700879665829
0001744489_0001744489-24-000276,stockholders_equity,llm,1.891700879665829
0001744489_0001744489-24-000276,stockholders_equity,llm,1.891700879665829
0001744489_0001744489-24-000276,cash_and_equivalents,llm,1.891700879665829
0001744489_0001744489-24-000276,cash_and_equivalents,llm,1.891700879665829
0001744489_0001744489-24-000276,cash_and_equivalents,llm,1.891700879665829
0001744489_0001744489-24-000276,operating_cash_flow,llm,1.891700879665829
0001744489_0001744489-24-000276,operating_cash_flow,llm,1.891700879665829
0001744489_0001744489-24-000276,operating_cash_flow,llm,1.891700879665829
0000012927_0000012927-20-000014,revenue,hybrid,0.0428324397782691
0000012927_0000012927-20-000014,operating_income,hybrid,1.8755155231143967
0000012927_0000012927-20-000014,operating_income,hybrid,1.8755155231143967
0000012927_0000012927-20-000014,operating_income,hybrid,1.8755155231143967
0000012927_0000012927-20-000014,net_income,hybrid,1.8755155231143967
0000012927_0000012927-20-000014,net_income,hybrid,1.8755155231143967
0000012927_0000012927-20-000014,net_income,hybrid,1.8755155231143967
0000012927_0000012927-20-000014,eps_diluted,hybrid,0.0428324397782691
0000012927_0000012927-20-000014,total_assets,hybrid,0.0428324397782691
0000012927_0000012927-20-000014,stockholders_equity,hybrid,0.0428324397782691
0000012927_0000012927-20-000014,cash_and_equivalents,hybrid,0.0428324397782691
0000012927_0000012927-20-000014,operating_cash_flow,hybrid,1.8755155231143967
0000012927_0000012927-20-000014,operating_cash_flow,hybrid,1.8755155231143967
0000012927_0000012927-20-000014,operating_cash_flow,hybrid,1.8755155231143967
0000012927_0000012927-21-000011,revenue,hybrid,0.0464103333328643
0000012927_0000012927-21-000011,operating_income,hybrid,1.9137011435555498
0000012927_0000012927-21-000011,operating_income,hybrid,1.9137011435555498
0000012927_0000012927-21-000011,operating_income,hybrid,1.9137011435555498
0000012927_0000012927-21-000011,net_income,hybrid,1.9137011435555498
0000012927_0000012927-21-000011,net_income,hybrid,1.9137011435555498
0000012927_0000012927-21-000011,net_income,hybrid,1.9137011435555498
0000012927_0000012927-21-000011,eps_diluted,hybrid,0.0464103333328643
0000012927_0000012927-21-000011,total_assets,hybrid,0.0464103333328643
0000012927_0000012927-21-000011,total_liabilities,hybrid,0.0464103333328643
0000012927_0000012927-21-000011,stockholders_equity,hybrid,0.0464103333328643
0000012927_0000012927-21-000011,cash_and_equivalents,hybrid,0.0464103333328643
0000012927_0000012927-21-000011,operating_cash_flow,hybrid,1.9137011435555498
0000012927_0000012927-21-000011,operating_cash_flow,hybrid,1.9137011435555498
0000012927_0000012927-21-000011,operating_cash_flow,hybrid,1.9137011435555498
0000012927_0000012927-22-000010,revenue,hybrid,0.0447559352226865
0000012927_0000012927-22-000010,operating_income,hybrid,0.0447559352226865
0000012927_0000012927-22-000010,net_income,hybrid,0.0447559352226865
0000012927_0000012927-22-000010,eps_diluted,hybrid,0.0447559352226865
0000012927_0000012927-22-000010,total_assets,hybrid,0.0447559352226865
0000012927_0000012927-22-000010,total_liabilities,hybrid,0.0447559352226865
0000012927_0000012927-22-000010,stockholders_equity,hybrid,0.0447559352226865
0000012927_0000012927-22-000010,cash_and_equivalents,hybrid,0.0447559352226865
0000012927_0000012927-22-000010,operating_cash_flow,hybrid,1.950733139003407
0000012927_0000012927-22-000010,operating_cash_flow,hybrid,1.950733139003407
0000012927_0000012927-22-000010,operating_cash_flow,hybrid,1.950733139003407
0000012927_0000012927-23-000007,revenue,hybrid,0.0406457176626039
0000012927_0000012927-23-000007,operating_income,hybrid,0.0406457176626039
0000012927_0000012927-23-000007,net_income,hybrid,0.0406457176626039
0000012927_0000012927-23-000007,eps_diluted,hybrid,0.0406457176626039
0000012927_0000012927-23-000007,total_assets,hybrid,0.0406457176626039
0000012927_0000012927-23-000007,total_liabilities,hybrid,0.0406457176626039
0000012927_0000012927-23-000007,stockholders_equity,hybrid,0.0406457176626039
0000012927_0000012927-23-000007,cash_and_equivalents,hybrid,0.0406457176626039
0000012927_0000012927-23-000007,operating_cash_flow,hybrid,1.863835731653833
0000012927_0000012927-23-000007,operating_cash_flow,hybrid,1.863835731653833
0000012927_0000012927-23-000007,operating_cash_flow,hybrid,1.863835731653833
0000012927_0000012927-24-000010,revenue,hybrid,0.0425517777782968
0000012927_0000012927-24-000010,operating_income,hybrid,0.0425517777782968
0000012927_0000012927-24-000010,net_income,hybrid,0.0425517777782968
0000012927_0000012927-24-000010,eps_diluted,hybrid,0.0425517777782968
0000012927_0000012927-24-000010,total_assets,hybrid,0.0425517777782968
0000012927_0000012927-24-000010,total_liabilities,hybrid,0.0425517777782968
0000012927_0000012927-24-000010,stockholders_equity,hybrid,0.0425517777782968
0000012927_0000012927-24-000010,cash_and_equivalents,hybrid,0.0425517777782968
0000012927_0000012927-24-000010,operating_cash_flow,hybrid,1.8096551991119565
0000012927_0000012927-24-000010,operating_cash_flow,hybrid,1.8096551991119565
0000012927_0000012927-24-000010,operating_cash_flow,hybrid,1.8096551991119565
0000012927_0000012927-25-000015,revenue,hybrid,0.0410654768865141
0000012927_0000012927-25-000015,operating_income,hybrid,0.0410654768865141
0000012927_0000012927-25-000015,net_income,hybrid,0.0410654768865141
0000012927_0000012927-25-000015,eps_diluted,hybrid,0.0410654768865141
0000012927_0000012927-25-000015,total_assets,hybrid,0.0410654768865141
0000012927_0000012927-25-000015,total_liabilities,hybrid,0.0410654768865141
0000012927_0000012927-25-000015,stockholders_equity,hybrid,0.0410654768865141
0000012927_0000012927-25-000015,cash_and_equivalents,hybrid,0.0410654768865141
0000012927_0000012927-25-000015,operating_cash_flow,hybrid,1.914249467660233
0000012927_0000012927-25-000015,operating_cash_flow,hybrid,1.914249467660233
0000012927_0000012927-25-000015,operating_cash_flow,hybrid,1.914249467660233
0000018230_0000018230-20-000056,revenue,hybrid,2.0114946573287145
0000018230_0000018230-20-000056,revenue,hybrid,2.0114946573287145
0000018230_0000018230-20-000056,revenue,hybrid,2.0114946573287145
0000018230_0000018230-20-000056,operating_income,hybrid,0.072377009220266
0000018230_0000018230-20-000056,net_income,hybrid,2.0114946573287145
0000018230_0000018230-20-000056,net_income,hybrid,2.0114946573287145
0000018230_0000018230-20-000056,net_income,hybrid,2.0114946573287145
0000018230_0000018230-20-000056,eps_diluted,hybrid,2.0114946573287145
0000018230_0000018230-20-000056,eps_diluted,hybrid,2.0114946573287145
0000018230_0000018230-20-000056,eps_diluted,hybrid,2.0114946573287145
0000018230_0000018230-20-000056,total_assets,hybrid,0.072377009220266
0000018230_0000018230-20-000056,total_liabilities,hybrid,0.072377009220266
0000018230_0000018230-20-000056,stockholders_equity,hybrid,0.072377009220266
0000018230_0000018230-20-000056,cash_and_equivalents,hybrid,2.0114946573287145
0000018230_0000018230-20-000056,cash_and_equivalents,hybrid,2.0114946573287145
0000018230_0000018230-20-000056,cash_and_equivalents,hybrid,2.0114946573287145
0000018230_0000018230-20-000056,operating_cash_flow,hybrid,0.072377009220266
0000018230_0000018230-21-000063,revenue,hybrid,2.022799569330851
0000018230_0000018230-21-000063,revenue,hybrid,2.022799569330851
0000018230_0000018230-21-000063,revenue,hybrid,2.022799569330851
0000018230_0000018230-21-000063,operating_income,hybrid,0.0728710508879481
0000018230_0000018230-21-000063,net_income,hybrid,2.022799569330851
0000018230_0000018230-21-000063,net_income,hybrid,2.022799569330851
0000018230_0000018230-21-000063,net_income,hybrid,2.022799569330851
0000018230_0000018230-21-000063,eps_diluted,hybrid,2.022799569330851
0000018230_0000018230-21-000063,eps_diluted,hybrid,2.022799569330851
0000018230_0000018230-21-000063,eps_diluted,hybrid,2.022799569330851
0000018230_0000018230-21-000063,total_assets,hybrid,0.0728710508879481
0000018230_0000018230-21-000063,total_liabilities,hybrid,0.0728710508879481
0000018230_0000018230-21-000063,stockholders_equity,hybrid,0.0728710508879481
0000018230_0000018230-21-000063,cash_and_equivalents,hybrid,2.022799569330851
0000018230_0000018230-21-000063,cash_and_equivalents,hybrid,2.022799569330851
0000018230_0000018230-21-000063,cash_and_equivalents,hybrid,2.022799569330851
0000018230_0000018230-21-000063,operating_cash_flow,hybrid,0.0728710508879481
0000018230_0000018230-22-000050,revenue,hybrid,1.9314418056811617
0000018230_0000018230-22-000050,revenue,hybrid,1.9314418056811617
0000018230_0000018230-22-000050,revenue,hybrid,1.9314418056811617
0000018230_0000018230-22-000050,operating_income,hybrid,0.0605832361163468
0000018230_0000018230-22-000050,net_income,hybrid,1.9314418056811617
0000018230_0000018230-22-000050,net_income,hybrid,1.9314418056811617
0000018230_0000018230-22-000050,net_income,hybrid,1.9314418056811617
0000018230_0000018230-22-000050,eps_diluted,hybrid,1.9314418056811617
0000018230_0000018230-22-000050,eps_diluted,hybrid,1.9314418056811617
0000018230_0000018230-22-000050,eps_diluted,hybrid,1.9314418056811617
0000018230_0000018230-22-000050,total_assets,hybrid,0.0605832361163468
0000018230_0000018230-22-000050,total_liabilities,hybrid,0.0605832361163468
0000018230_0000018230-22-000050,stockholders_equity,hybrid,0.0605832361163468
0000018230_0000018230-22-000050,cash_and_equivalents,hybrid,0.0605832361163468
0000018230_0000018230-22-000050,operating_cash_flow,hybrid,0.0605832361163468
0000018230_0000018230-23-000011,revenue,hybrid,1.9083817914490484
0000018230_0000018230-23-000011,revenue,hybrid,1.9083817914490484
0000018230_0000018230-23-000011,revenue,hybrid,1.9083817914490484
0000018230_0000018230-23-000011,operating_income,hybrid,0.054469782335218
0000018230_0000018230-23-000011,net_income,hybrid,1.9083817914490484
0000018230_0000018230-23-000011,net_income,hybrid,1.9083817914490484
0000018230_0000018230-23-000011,net_income,hybrid,1.9083817914490484
0000018230_0000018230-23-000011,eps_diluted,hybrid,1.9083817914490484
0000018230_0000018230-23-000011,eps_diluted,hybrid,1.9083817914490484
0000018230_0000018230-23-000011,eps_diluted,hybrid,1.9083817914490484
0000018230_0000018230-23-000011,total_assets,hybrid,0.054469782335218
0000018230_0000018230-23-000011,total_liabilities,hybrid,0.054469782335218
0000018230_0000018230-23-000011,stockholders_equity,hybrid,0.054469782335218
0000018230_0000018230-23-000011,cash_and_equivalents,hybrid,0.054469782335218
0000018230_0000018230-23-000011,operating_cash_flow,hybrid,0.054469782335218
0000018230_0000018230-24-000009,revenue,hybrid,1.9119679305472852
0000018230_0000018230-24-000009,revenue,hybrid,1.9119679305472852
0000018230_0000018230-24-000009,revenue,hybrid,1.9119679305472852
0000018230_0000018230-24-000009,operating_income,hybrid,0.0562966481084004
0000018230_0000018230-24-000009,net_income,hybrid,1.9119679305472852
0000018230_0000018230-24-000009,net_income,hybrid,1.9119679305472852
0000018230_0000018230-24-000009,net_income,hybrid,1.9119679305472852
0000018230_0000018230-24-000009,eps_diluted,hybrid,1.9119679305472852
0000018230_0000018230-24-000009,eps_diluted,hybrid,1.9119679305472852
0000018230_0000018230-24-000009,eps_diluted,hybrid,1.9119679305472852
0000018230_0000018230-24-000009,total_assets,hybrid,0.0562966481084004
0000018230_0000018230-24-000009,total_liabilities,hybrid,0.0562966481084004
0000018230_0000018230-24-000009,stockholders_equity,hybrid,0.0562966481084004
0000018230_0000018230-24-000009,cash_and_equivalents,hybrid,0.0562966481084004
0000018230_0000018230-24-000009,operating_cash_flow,hybrid,0.0562966481084004
0000018230_0000018230-25-000008,revenue,hybrid,1.8762123008750171
0000018230_0000018230-25-000008,revenue,hybrid,1.8762123008750171
0000018230_0000018230-25-000008,revenue,hybrid,1.8762123008750171
0000018230_0000018230-25-000008,operating_income,hybrid,0.0548771111061796
0000018230_0000018230-25-000008,net_income,hybrid,1.8762123008750171
0000018230_0000018230-25-000008,net_income,hybrid,1.8762123008750171
0000018230_0000018230-25-000008,net_income,hybrid,1.8762123008750171
0000018230_0000018230-25-000008,eps_diluted,hybrid,1.8762123008750171
0000018230_0000018230-25-000008,eps_diluted,hybrid,1.8762123008750171
0000018230_0000018230-25-000008,eps_diluted,hybrid,1.8762123008750171
0000018230_0000018230-25-000008,total_assets,hybrid,0.0548771111061796
0000018230_0000018230-25-000008,total_liabilities,hybrid,0.0548771111061796
0000018230_0000018230-25-000008,stockholders_equity,hybrid,0.0548771111061796
0000018230_0000018230-25-000008,cash_and_equivalents,hybrid,0.0548771111061796
0000018230_0000018230-25-000008,operating_cash_flow,hybrid,0.0548771111061796
0000021344_0000021344-20-000006,revenue,hybrid,0.0475745879941516
0000021344_0000021344-20-000006,operating_income,hybrid,0.0475745879941516
0000021344_0000021344-20-000006,net_income,hybrid,0.0475745879941516
0000021344_0000021344-20-000006,eps_diluted,hybrid,0.0475745879941516
0000021344_0000021344-20-000006,total_assets,hybrid,0.0475745879941516
0000021344_0000021344-20-000006,stockholders_equity,hybrid,0.0475745879941516
0000021344_0000021344-20-000006,cash_and_equivalents,hybrid,0.0475745879941516
0000021344_0000021344-20-000006,operating_cash_flow,hybrid,0.0475745879941516
0000021344_0000021344-21-000008,revenue,hybrid,0.0498140925580325
0000021344_0000021344-21-000008,operating_income,hybrid,0.0498140925580325
0000021344_0000021344-21-000008,net_income,hybrid,0.0498140925580325
0000021344_0000021344-21-000008,eps_diluted,hybrid,0.0498140925580325
0000021344_0000021344-21-000008,total_assets,hybrid,0.0498140925580325
0000021344_0000021344-21-000008,stockholders_equity,hybrid,0.0498140925580325
0000021344_0000021344-21-000008,cash_and_equivalents,hybrid,0.0498140925580325
0000021344_0000021344-21-000008,operating_cash_flow,hybrid,0.0498140925580325
0000021344_0000021344-22-000009,revenue,hybrid,0.0493225231119948
0000021344_0000021344-22-000009,operating_income,hybrid,0.0493225231119948
0000021344_0000021344-22-000009,net_income,hybrid,0.0493225231119948
0000021344_0000021344-22-000009,eps_diluted,hybrid,0.0493225231119948
0000021344_0000021344-22-000009,total_assets,hybrid,0.0493225231119948
0000021344_0000021344-22-000009,stockholders_equity,hybrid,0.0493225231119948
0000021344_0000021344-22-000009,cash_and_equivalents,hybrid,0.0493225231119948
0000021344_0000021344-22-000009,operating_cash_flow,hybrid,0.0493225231119948
0000021344_0000021344-23-000011,revenue,hybrid,0.042373013889624
0000021344_0000021344-23-000011,operating_income,hybrid,0.042373013889624
0000021344_0000021344-23-000011,net_income,hybrid,0.042373013889624
0000021344_0000021344-23-000011,eps_diluted,hybrid,0.042373013889624
0000021344_0000021344-23-000011,total_assets,hybrid,0.042373013889624
0000021344_0000021344-23-000011,stockholders_equity,hybrid,0.042373013889624
0000021344_0000021344-23-000011,cash_and_equivalents,hybrid,0.042373013889624
0000021344_0000021344-23-000011,operating_cash_flow,hybrid,0.042373013889624
0000021344_0000021344-24-000009,revenue,hybrid,0.0456494491081684
0000021344_0000021344-24-000009,operating_income,hybrid,0.0456494491081684
0000021344_0000021344-24-000009,net_income,hybrid,0.0456494491081684
0000021344_0000021344-24-000009,eps_diluted,hybrid,0.0456494491081684
0000021344_0000021344-24-000009,total_assets,hybrid,0.0456494491081684
0000021344_0000021344-24-000009,stockholders_equity,hybrid,0.0456494491081684
0000021344_0000021344-24-000009,cash_and_equivalents,hybrid,0.0456494491081684
0000021344_0000021344-24-000009,operating_cash_flow,hybrid,0.0456494491081684
0000021344_0000021344-25-000011,revenue,hybrid,0.0435010972174091
0000021344_0000021344-25-000011,operating_income,hybrid,0.0435010972174091
0000021344_0000021344-25-000011,net_income,hybrid,0.0435010972174091
0000021344_0000021344-25-000011,eps_diluted,hybrid,0.0435010972174091
0000021344_0000021344-25-000011,total_assets,hybrid,0.0435010972174091
0000021344_0000021344-25-000011,stockholders_equity,hybrid,0.0435010972174091
0000021344_0000021344-25-000011,cash_and_equivalents,hybrid,0.0435010972174091
0000021344_0000021344-25-000011,operating_cash_flow,hybrid,0.0435010972174091
0000050863_0000050863-20-000011,revenue,hybrid,0.038248217664659
0000050863_0000050863-20-000011,operating_income,hybrid,0.038248217664659
0000050863_0000050863-20-000011,net_income,hybrid,0.038248217664659
0000050863_0000050863-20-000011,eps_diluted,hybrid,0.038248217664659
0000050863_0000050863-20-000011,total_assets,hybrid,0.038248217664659
0000050863_0000050863-20-000011,stockholders_equity,hybrid,0.038248217664659
0000050863_0000050863-20-000011,cash_and_equivalents,hybrid,0.038248217664659
0000050863_0000050863-20-000011,operating_cash_flow,hybrid,0.038248217664659
0000050863_0000050863-21-000010,revenue,hybrid,0.0361344398827188
0000050863_0000050863-21-000010,operating_income,hybrid,0.0361344398827188
0000050863_0000050863-21-000010,net_income,hybrid,0.0361344398827188
0000050863_0000050863-21-000010,eps_diluted,hybrid,0.0361344398827188
0000050863_0000050863-21-000010,total_assets,hybrid,0.0361344398827188
0000050863_0000050863-21-000010,stockholders_equity,hybrid,0.0361344398827188
0000050863_0000050863-21-000010,cash_and_equivalents,hybrid,0.0361344398827188
0000050863_0000050863-21-000010,operating_cash_flow,hybrid,0.0361344398827188
0000050863_0000050863-22-000007,revenue,hybrid,0.0326495092206945
0000050863_0000050863-22-000007,operating_income,hybrid,0.0326495092206945
0000050863_0000050863-22-000007,net_income,hybrid,0.0326495092206945
0000050863_0000050863-22-000007,eps_diluted,hybrid,0.0326495092206945
0000050863_0000050863-22-000007,total_assets,hybrid,0.0326495092206945
0000050863_0000050863-22-000007,stockholders_equity,hybrid,0.0326495092206945
0000050863_0000050863-22-000007,cash_and_equivalents,hybrid,0.0326495092206945
0000050863_0000050863-22-000007,operating_cash_flow,hybrid,0.0326495092206945
0000050863_0000050863-23-000006,revenue,hybrid,0.0342128102266643
0000050863_0000050863-23-000006,operating_income,hybrid,0.0342128102266643
0000050863_0000050863-23-000006,net_income,hybrid,0.0342128102266643
0000050863_0000050863-23-000006,eps_diluted,hybrid,0.0342128102266643
0000050863_0000050863-23-000006,total_assets,hybrid,0.0342128102266643
0000050863_0000050863-23-000006,stockholders_equity,hybrid,0.0342128102266643
0000050863_0000050863-23-000006,cash_and_equivalents,hybrid,0.0342128102266643
0000050863_0000050863-23-000006,operating_cash_flow,hybrid,0.0342128102266643
0000050863_0000050863-24-000010,revenue,hybrid,0.0358542499986166
0000050863_0000050863-24-000010,operating_income,hybrid,0.0358542499986166
0000050863_0000050863-24-000010,net_income,hybrid,0.0358542499986166
0000050863_0000050863-24-000010,eps_diluted,hybrid,0.0358542499986166
0000050863_0000050863-24-000010,total_assets,hybrid,0.0358542499986166
0000050863_0000050863-24-000010,stockholders_equity,hybrid,0.0358542499986166
0000050863_0000050863-24-000010,cash_and_equivalents,hybrid,0.0358542499986166
0000050863_0000050863-24-000010,operating_cash_flow,hybrid,0.0358542499986166
0000050863_0000050863-25-000009,revenue,hybrid,0.0409946760046295
0000050863_0000050863-25-000009,operating_income,hybrid,0.0409946760046295
0000050863_0000050863-25-000009,net_income,hybrid,0.0409946760046295
0000050863_0000050863-25-000009,eps_diluted,hybrid,0.0409946760046295
0000050863_0000050863-25-000009,total_assets,hybrid,0.0409946760046295
0000050863_0000050863-25-000009,stockholders_equity,hybrid,0.0409946760046295
0000050863_0000050863-25-000009,cash_and_equivalents,hybrid,0.0409946760046295
0000050863_0000050863-25-000009,operating_cash_flow,hybrid,0.0409946760046295
0000066740_0001558370-20-000581,revenue,hybrid,0.0630074166692793
0000066740_0001558370-20-000581,operating_income,hybrid,0.0630074166692793
0000066740_0001558370-20-000581,net_income,hybrid,0.0630074166692793
0000066740_0001558370-20-000581,eps_diluted,hybrid,0.0630074166692793
0000066740_0001558370-20-000581,total_assets,hybrid,0.0630074166692793
0000066740_0001558370-20-000581,total_liabilities,hybrid,0.0630074166692793
0000066740_0001558370-20-000581,stockholders_equity,hybrid,0.0630074166692793
0000066740_0001558370-20-000581,operating_cash_flow,hybrid,0.0630074166692793
0000066740_0001558370-21-000737,revenue,hybrid,0.0604781342165855
0000066740_0001558370-21-000737,operating_income,hybrid,0.0604781342165855
0000066740_0001558370-21-000737,net_income,hybrid,0.0604781342165855
0000066740_0001558370-21-000737,eps_diluted,hybrid,0.0604781342165855
0000066740_0001558370-21-000737,total_assets,hybrid,0.0604781342165855
0000066740_0001558370-21-000737,total_liabilities,hybrid,0.0604781342165855
0000066740_0001558370-21-000737,stockholders_equity,hybrid,0.0604781342165855
0000066740_0001558370-21-000737,operating_cash_flow,hybrid,0.0604781342165855
0000066740_0000066740-22-000010,revenue,hybrid,0.048150222224649
0000066740_0000066740-22-000010,operating_income,hybrid,0.048150222224649
0000066740_0000066740-22-000010,net_income,hybrid,0.048150222224649
0000066740_0000066740-22-000010,eps_diluted,hybrid,0.048150222224649
0000066740_0000066740-22-000010,total_assets,hybrid,0.048150222224649
0000066740_0000066740-22-000010,total_liabilities,hybrid,0.048150222224649
0000066740_0000066740-22-000010,stockholders_equity,hybrid,0.048150222224649
0000066740_0000066740-22-000010,operating_cash_flow,hybrid,0.048150222224649
0000066740_0000066740-23-000014,revenue,hybrid,0.0439303888900515
0000066740_0000066740-23-000014,operating_income,hybrid,0.0439303888900515
0000066740_0000066740-23-000014,net_income,hybrid,0.0439303888900515
0000066740_0000066740-23-000014,eps_diluted,hybrid,0.0439303888900515
0000066740_0000066740-23-000014,total_assets,hybrid,0.0439303888900515
0000066740_0000066740-23-000014,total_liabilities,hybrid,0.0439303888900515
0000066740_0000066740-23-000014,stockholders_equity,hybrid,0.0439303888900515
0000066740_0000066740-23-000014,operating_cash_flow,hybrid,0.0439303888900515
0000066740_0000066740-24-000016,revenue,hybrid,0.0396866203324558
0000066740_0000066740-24-000016,operating_income,hybrid,0.0396866203324558
0000066740_0000066740-24-000016,net_income,hybrid,0.0396866203324558
0000066740_0000066740-24-000016,eps_diluted,hybrid,0.0396866203324558
0000066740_0000066740-24-000016,total_assets,hybrid,0.0396866203324558
0000066740_0000066740-24-000016,total_liabilities,hybrid,0.0396866203324558
0000066740_0000066740-24-000016,stockholders_equity,hybrid,0.0396866203324558
0000066740_0000066740-24-000016,cash_and_equivalents,hybrid,0.0396866203324558
0000066740_0000066740-24-000016,operating_cash_flow,hybrid,0.0396866203324558
0000066740_0000066740-25-000006,revenue,hybrid,0.0433485647792824
0000066740_0000066740-25-000006,operating_income,hybrid,0.0433485647792824
0000066740_0000066740-25-000006,net_income,hybrid,0.0433485647792824
0000066740_0000066740-25-000006,eps_diluted,hybrid,0.0433485647792824
0000066740_0000066740-25-000006,total_assets,hybrid,0.0433485647792824
0000066740_0000066740-25-000006,total_liabilities,hybrid,0.0433485647792824
0000066740_0000066740-25-000006,stockholders_equity,hybrid,0.0433485647792824
0000066740_0000066740-25-000006,cash_and_equivalents,hybrid,0.0433485647792824
0000066740_0000066740-25-000006,operating_cash_flow,hybrid,0.0433485647792824
0000077476_0000077476-20-000015,revenue,hybrid,0.0546462870034803
0000077476_0000077476-20-000015,operating_income,hybrid,0.0546462870034803
0000077476_0000077476-20-000015,net_income,hybrid,0.0546462870034803
0000077476_0000077476-20-000015,eps_diluted,hybrid,0.0546462870034803
0000077476_0000077476-20-000015,total_assets,hybrid,0.0546462870034803
0000077476_0000077476-20-000015,total_liabilities,hybrid,0.0546462870034803
0000077476_0000077476-20-000015,stockholders_equity,hybrid,0.0546462870034803
0000077476_0000077476-20-000015,cash_and_equivalents,hybrid,0.0546462870034803
0000077476_0000077476-20-000015,operating_cash_flow,hybrid,0.0546462870034803
0000077476_0000077476-21-000007,revenue,hybrid,0.0422917823307216
0000077476_0000077476-21-000007,operating_income,hybrid,0.0422917823307216
0000077476_0000077476-21-000007,net_income,hybrid,0.0422917823307216
0000077476_0000077476-21-000007,eps_diluted,hybrid,0.0422917823307216
0000077476_0000077476-21-000007,total_assets,hybrid,0.0422917823307216
0000077476_0000077476-21-000007,total_liabilities,hybrid,0.0422917823307216
0000077476_0000077476-21-000007,stockholders_equity,hybrid,0.0422917823307216
0000077476_0000077476-21-000007,cash_and_equivalents,hybrid,0.0422917823307216
0000077476_0000077476-21-000007,operating_cash_flow,hybrid,0.0422917823307216
0000077476_0000077476-22-000010,revenue,hybrid,0.0451093981133049
0000077476_0000077476-22-000010,operating_income,hybrid,0.0451093981133049
0000077476_0000077476-22-000010,net_income,hybrid,0.0451093981133049
0000077476_0000077476-22-000010,eps_diluted,hybrid,0.0451093981133049
0000077476_0000077476-22-000010,total_assets,hybrid,0.0451093981133049
0000077476_0000077476-22-000010,total_liabilities,hybrid,0.0451093981133049
0000077476_0000077476-22-000010,stockholders_equity,hybrid,0.0451093981133049
0000077476_0000077476-22-000010,cash_and_equivalents,hybrid,0.0451093981133049
0000077476_0000077476-22-000010,operating_cash_flow,hybrid,0.0451093981133049
0000077476_0000077476-23-000007,revenue,hybrid,0.0480992037789999
0000077476_0000077476-23-000007,operating_income,hybrid,0.0480992037789999
0000077476_0000077476-23-000007,net_income,hybrid,0.0480992037789999
0000077476_0000077476-23-000007,eps_diluted,hybrid,0.0480992037789999
0000077476_0000077476-23-000007,total_assets,hybrid,0.0480992037789999
0000077476_0000077476-23-000007,total_liabilities,hybrid,0.0480992037789999
0000077476_0000077476-23-000007,stockholders_equity,hybrid,0.0480992037789999
0000077476_0000077476-23-000007,cash_and_equivalents,hybrid,0.0480992037789999
0000077476_0000077476-23-000007,operating_cash_flow,hybrid,0.0480992037789999
0000077476_0000077476-24-000008,revenue,hybrid,0.0449855833301424
0000077476_0000077476-24-000008,operating_income,hybrid,0.0449855833301424
0000077476_0000077476-24-000008,net_income,hybrid,0.0449855833301424
0000077476_0000077476-24-000008,eps_diluted,hybrid,0.0449855833301424
0000077476_0000077476-24-000008,total_assets,hybrid,0.0449855833301424
0000077476_0000077476-24-000008,total_liabilities,hybrid,0.0449855833301424
0000077476_0000077476-24-000008,stockholders_equity,hybrid,0.0449855833301424
0000077476_0000077476-24-000008,cash_and_equivalents,hybrid,0.0449855833301424
0000077476_0000077476-24-000008,operating_cash_flow,hybrid,0.0449855833301424
0000077476_0000077476-25-000007,revenue,hybrid,0.0436620370019227
0000077476_0000077476-25-000007,operating_income,hybrid,0.0436620370019227
0000077476_0000077476-25-000007,net_income,hybrid,0.0436620370019227
0000077476_0000077476-25-000007,eps_diluted,hybrid,0.0436620370019227
0000077476_0000077476-25-000007,total_assets,hybrid,0.0436620370019227
0000077476_0000077476-25-000007,total_liabilities,hybrid,0.0436620370019227
0000077476_0000077476-25-000007,stockholders_equity,hybrid,0.0436620370019227
0000077476_0000077476-25-000007,cash_and_equivalents,hybrid,0.0436620370019227
0000077476_0000077476-25-000007,operating_cash_flow,hybrid,0.0436620370019227
0000078003_0000078003-20-000014,revenue,hybrid,1.4866665186661217
0000078003_0000078003-20-000014,revenue,hybrid,1.4866665186661217
0000078003_0000078003-20-000014,revenue,hybrid,1.4866665186661217
0000078003_0000078003-20-000014,net_income,hybrid,1.4866665186661217
0000078003_0000078003-20-000014,net_income,hybrid,1.4866665186661217
0000078003_0000078003-20-000014,net_income,hybrid,1.4866665186661217
0000078003_0000078003-20-000014,eps_diluted,hybrid,1.4866665186661217
0000078003_0000078003-20-000014,eps_diluted,hybrid,1.4866665186661217
0000078003_0000078003-20-000014,eps_diluted,hybrid,1.4866665186661217
0000078003_0000078003-20-000014,total_assets,hybrid,1.4866665186661217
0000078003_0000078003-20-000014,total_assets,hybrid,1.4866665186661217
0000078003_0000078003-20-000014,total_assets,hybrid,1.4866665186661217
0000078003_0000078003-20-000014,total_liabilities,hybrid,1.4866665186661217
0000078003_0000078003-20-000014,total_liabilities,hybrid,1.4866665186661217
0000078003_0000078003-20-000014,total_liabilities,hybrid,1.4866665186661217
0000078003_0000078003-20-000014,stockholders_equity,hybrid,1.4866665186661217
0000078003_0000078003-20-000014,stockholders_equity,hybrid,1.4866665186661217
0000078003_0000078003-20-000014,stockholders_equity,hybrid,1.4866665186661217
0000078003_0000078003-20-000014,cash_and_equivalents,hybrid,1.4866665186661217
0000078003_0000078003-20-000014,cash_and_equivalents,hybrid,1.4866665186661217
0000078003_0000078003-20-000014,cash_and_equivalents,hybrid,1.4866665186661217
0000078003_0000078003-20-000014,operating_cash_flow,hybrid,1.4866665186661217
0000078003_0000078003-20-000014,operating_cash_flow,hybrid,1.4866665186661217
0000078003_0000078003-20-000014,operating_cash_flow,hybrid,1.4866665186661217
0000078003_0000078003-21-000038,revenue,hybrid,0.0693953842209238
0000078003_0000078003-21-000038,net_income,hybrid,0.0693953842209238
0000078003_0000078003-21-000038,eps_diluted,hybrid,0.0693953842209238
0000078003_0000078003-21-000038,total_assets,hybrid,0.0693953842209238
0000078003_0000078003-21-000038,total_liabilities,hybrid,0.0693953842209238
0000078003_0000078003-21-000038,stockholders_equity,hybrid,0.0693953842209238
0000078003_0000078003-21-000038,cash_and_equivalents,hybrid,0.0693953842209238
0000078003_0000078003-21-000038,operating_cash_flow,hybrid,0.0693953842209238
0000078003_0000078003-22-000027,revenue,hybrid,0.0661344027741708
0000078003_0000078003-22-000027,net_income,hybrid,0.0661344027741708
0000078003_0000078003-22-000027,eps_diluted,hybrid,0.0661344027741708
0000078003_0000078003-22-000027,total_assets,hybrid,0.0661344027741708
0000078003_0000078003-22-000027,total_liabilities,hybrid,0.0661344027741708
0000078003_0000078003-22-000027,stockholders_equity,hybrid,0.0661344027741708
0000078003_0000078003-22-000027,cash_and_equivalents,hybrid,0.0661344027741708
0000078003_0000078003-22-000027,operating_cash_flow,hybrid,0.0661344027741708
0000078003_0000078003-23-000024,revenue,hybrid,0.0595620508861935
0000078003_0000078003-23-000024,net_income,hybrid,0.0595620508861935
0000078003_0000078003-23-000024,eps_diluted,hybrid,0.0595620508861935
0000078003_0000078003-23-000024,total_assets,hybrid,0.0595620508861935
0000078003_0000078003-23-000024,total_liabilities,hybrid,0.0595620508861935
0000078003_0000078003-23-000024,stockholders_equity,hybrid,0.0595620508861935
0000078003_0000078003-23-000024,cash_and_equivalents,hybrid,0.0595620508861935
0000078003_0000078003-23-000024,operating_cash_flow,hybrid,0.0595620508861935
0000078003_0000078003-24-000039,revenue,hybrid,0.0586047499996816
0000078003_0000078003-24-000039,net_income,hybrid,0.0586047499996816
0000078003_0000078003-24-000039,eps_diluted,hybrid,0.0586047499996816
0000078003_0000078003-24-000039,total_assets,hybrid,0.0586047499996816
0000078003_0000078003-24-000039,total_liabilities,hybrid,0.0586047499996816
0000078003_0000078003-24-000039,stockholders_equity,hybrid,0.0586047499996816
0000078003_0000078003-24-000039,cash_and_equivalents,hybrid,0.0586047499996816
0000078003_0000078003-24-000039,operating_cash_flow,hybrid,2.1673001713336104
0000078003_0000078003-24-000039,operating_cash_flow,hybrid,2.1673001713336104
0000078003_0000078003-24-000039,operating_cash_flow,hybrid,2.1673001713336104
0000078003_0000078003-25-000054,revenue,hybrid,0.0628971852194
0000078003_0000078003-25-000054,net_income,hybrid,0.0628971852194
0000078003_0000078003-25-000054,eps_diluted,hybrid,13.125448263992439
0000078003_0000078003-25-000054,eps_diluted,hybrid,13.125448263992439
0000078003_0000078003-25-000054,eps_diluted,hybrid,13.125448263992439
0000078003_0000078003-25-000054,total_assets,hybrid,0.0628971852194
0000078003_0000078003-25-000054,total_liabilities,hybrid,0.0628971852194
0000078003_0000078003-25-000054,stockholders_equity,hybrid,0.0628971852194
0000078003_0000078003-25-000054,cash_and_equivalents,hybrid,0.0628971852194
0000078003_0000078003-25-000054,operating_cash_flow,hybrid,13.125448263992439
0000078003_0000078003-25-000054,operating_cash_flow,hybrid,13.125448263992439
0000078003_0000078003-25-000054,operating_cash_flow,hybrid,13.125448263992439
0000080424_0000080424-19-000050,revenue,hybrid,0.0350104166686327
0000080424_0000080424-19-000050,operating_income,hybrid,0.0350104166686327
0000080424_0000080424-19-000050,net_income,hybrid,0.0350104166686327
0000080424_0000080424-19-000050,eps_diluted,hybrid,0.0350104166686327
0000080424_0000080424-19-000050,total_assets,hybrid,0.0350104166686327
0000080424_0000080424-19-000050,total_liabilities,hybrid,0.0350104166686327
0000080424_0000080424-19-000050,stockholders_equity,hybrid,0.0350104166686327
0000080424_0000080424-19-000050,cash_and_equivalents,hybrid,0.0350104166686327
0000080424_0000080424-19-000050,operating_cash_flow,hybrid,0.0350104166686327
0000080424_0000080424-20-000053,revenue,hybrid,0.0319578611136724
0000080424_0000080424-20-000053,operating_income,hybrid,0.0319578611136724
0000080424_0000080424-20-000053,net_income,hybrid,0.0319578611136724
0000080424_0000080424-20-000053,eps_diluted,hybrid,0.0319578611136724
0000080424_0000080424-20-000053,total_assets,hybrid,0.0319578611136724
0000080424_0000080424-20-000053,total_liabilities,hybrid,0.0319578611136724
0000080424_0000080424-20-000053,stockholders_equity,hybrid,0.0319578611136724
0000080424_0000080424-20-000053,cash_and_equivalents,hybrid,0.0319578611136724
0000080424_0000080424-20-000053,operating_cash_flow,hybrid,0.0319578611136724
0000080424_0000080424-21-000100,revenue,hybrid,0.0293362453360007
0000080424_0000080424-21-000100,operating_income,hybrid,0.0293362453360007
0000080424_0000080424-21-000100,net_income,hybrid,0.0293362453360007
0000080424_0000080424-21-000100,eps_diluted,hybrid,0.0293362453360007
0000080424_0000080424-21-000100,total_assets,hybrid,0.0293362453360007
0000080424_0000080424-21-000100,total_liabilities,hybrid,0.0293362453360007
0000080424_0000080424-21-000100,stockholders_equity,hybrid,0.0293362453360007
0000080424_0000080424-21-000100,cash_and_equivalents,hybrid,0.0293362453360007
0000080424_0000080424-21-000100,operating_cash_flow,hybrid,0.0293362453360007
0000080424_0000080424-22-000064,revenue,hybrid,0.0287405416666944
0000080424_0000080424-22-000064,operating_income,hybrid,0.0287405416666944
0000080424_0000080424-22-000064,net_income,hybrid,0.0287405416666944
0000080424_0000080424-22-000064,eps_diluted,hybrid,0.0287405416666944
0000080424_0000080424-22-000064,total_assets,hybrid,0.0287405416666944
0000080424_0000080424-22-000064,total_liabilities,hybrid,0.0287405416666944
0000080424_0000080424-22-000064,stockholders_equity,hybrid,0.0287405416666944
0000080424_0000080424-22-000064,cash_and_equivalents,hybrid,0.0287405416666944
0000080424_0000080424-22-000064,operating_cash_flow,hybrid,0.0287405416666944
0000080424_0000080424-23-000073,revenue,hybrid,0.0274246203350938
0000080424_0000080424-23-000073,operating_income,hybrid,0.0274246203350938
0000080424_0000080424-23-000073,net_income,hybrid,0.0274246203350938
0000080424_0000080424-23-000073,eps_diluted,hybrid,0.0274246203350938
0000080424_0000080424-23-000073,total_assets,hybrid,0.0274246203350938
0000080424_0000080424-23-000073,total_liabilities,hybrid,0.0274246203350938
0000080424_0000080424-23-000073,stockholders_equity,hybrid,0.0274246203350938
0000080424_0000080424-23-000073,cash_and_equivalents,hybrid,0.0274246203350938
0000080424_0000080424-23-000073,operating_cash_flow,hybrid,0.0274246203350938
0000080424_0000080424-24-000083,revenue,hybrid,0.0334595972219378
0000080424_0000080424-24-000083,operating_income,hybrid,0.0334595972219378
0000080424_0000080424-24-000083,net_income,hybrid,0.0334595972219378
0000080424_0000080424-24-000083,eps_diluted,hybrid,0.0334595972219378
0000080424_0000080424-24-000083,total_assets,hybrid,0.0334595972219378
0000080424_0000080424-24-000083,total_liabilities,hybrid,0.0334595972219378
0000080424_0000080424-24-000083,stockholders_equity,hybrid,0.0334595972219378
0000080424_0000080424-24-000083,cash_and_equivalents,hybrid,0.0334595972219378
0000080424_0000080424-24-000083,operating_cash_flow,hybrid,0.0334595972219378
0000104169_0000104169-19-000016,revenue,hybrid,0.0572003379994486
0000104169_0000104169-19-000016,operating_income,hybrid,0.0572003379994486
0000104169_0000104169-19-000016,net_income,hybrid,0.0572003379994486
0000104169_0000104169-19-000016,eps_diluted,hybrid,1.7667484723319324
0000104169_0000104169-19-000016,eps_diluted,hybrid,1.7667484723319324
0000104169_0000104169-19-000016,eps_diluted,hybrid,1.7667484723319324
0000104169_0000104169-19-000016,total_assets,hybrid,0.0572003379994486
0000104169_0000104169-19-000016,stockholders_equity,hybrid,0.0572003379994486
0000104169_0000104169-19-000016,cash_and_equivalents,hybrid,0.0572003379994486
0000104169_0000104169-19-000016,operating_cash_flow,hybrid,0.0572003379994486
0000104169_0000104169-20-000011,revenue,hybrid,0.0660310647799633
0000104169_0000104169-20-000011,operating_income,hybrid,0.0660310647799633
0000104169_0000104169-20-000011,net_income,hybrid,0.0660310647799633
0000104169_0000104169-20-000011,eps_diluted,hybrid,2.4160262453402135
0000104169_0000104169-20-000011,eps_diluted,hybrid,2.4160262453402135
0000104169_0000104169-20-000011,eps_diluted,hybrid,2.4160262453402135
0000104169_0000104169-20-000011,total_assets,hybrid,0.0660310647799633
0000104169_0000104169-20-000011,stockholders_equity,hybrid,0.0660310647799633
0000104169_0000104169-20-000011,cash_and_equivalents,hybrid,0.0660310647799633
0000104169_0000104169-20-000011,operating_cash_flow,hybrid,0.0660310647799633
0000104169_0000104169-21-000033,revenue,hybrid,0.0672323611151013
0000104169_0000104169-21-000033,operating_income,hybrid,0.0672323611151013
0000104169_0000104169-21-000033,net_income,hybrid,0.0672323611151013
0000104169_0000104169-21-000033,eps_diluted,hybrid,1.8825735833427948
0000104169_0000104169-21-000033,eps_diluted,hybrid,1.8825735833427948
0000104169_0000104169-21-000033,eps_diluted,hybrid,1.8825735833427948
0000104169_0000104169-21-000033,total_assets,hybrid,0.0672323611151013
0000104169_0000104169-21-000033,stockholders_equity,hybrid,0.0672323611151013
0000104169_0000104169-21-000033,cash_and_equivalents,hybrid,0.0672323611151013
0000104169_0000104169-21-000033,operating_cash_flow,hybrid,0.0672323611151013
0000104169_0000104169-22-000012,revenue,hybrid,0.0707799212218055
0000104169_0000104169-22-000012,operating_income,hybrid,0.0707799212218055
0000104169_0000104169-22-000012,net_income,hybrid,0.0707799212218055
0000104169_0000104169-22-000012,eps_diluted,hybrid,1.8548360091097291
0000104169_0000104169-22-000012,eps_diluted,hybrid,1.8548360091097291
0000104169_0000104169-22-000012,eps_diluted,hybrid,1.8548360091097291
0000104169_0000104169-22-000012,total_assets,hybrid,0.0707799212218055
0000104169_0000104169-22-000012,stockholders_equity,hybrid,0.0707799212218055
0000104169_0000104169-22-000012,cash_and_equivalents,hybrid,0.0707799212218055
0000104169_0000104169-22-000012,operating_cash_flow,hybrid,0.0707799212218055
0000104169_0000104169-23-000020,revenue,hybrid,0.0502904489985667
0000104169_0000104169-23-000020,operating_income,hybrid,0.0502904489985667
0000104169_0000104169-23-000020,net_income,hybrid,0.0502904489985667
0000104169_0000104169-23-000020,eps_diluted,hybrid,1.7657503747727281
0000104169_0000104169-23-000020,eps_diluted,hybrid,1.7657503747727281
0000104169_0000104169-23-000020,eps_diluted,hybrid,1.7657503747727281
0000104169_0000104169-23-000020,total_assets,hybrid,0.0502904489985667
0000104169_0000104169-23-000020,stockholders_equity,hybrid,0.0502904489985667
0000104169_0000104169-23-000020,cash_and_equivalents,hybrid,0.0502904489985667
0000104169_0000104169-23-000020,operating_cash_flow,hybrid,0.0502904489985667
0000104169_0000104169-24-000056,revenue,hybrid,0.0444670555556917
0000104169_0000104169-24-000056,operating_income,hybrid,0.0444670555556917
0000104169_0000104169-24-000056,net_income,hybrid,0.0444670555556917
0000104169_0000104169-24-000056,eps_diluted,hybrid,1.7493578379993173
0000104169_0000104169-24-000056,eps_diluted,hybrid,1.7493578379993173
0000104169_0000104169-24-000056,eps_diluted,hybrid,1.7493578379993173
0000104169_0000104169-24-000056,total_assets,hybrid,0.0444670555556917
0000104169_0000104169-24-000056,stockholders_equity,hybrid,0.0444670555556917
0000104169_0000104169-24-000056,cash_and_equivalents,hybrid,0.0444670555556917
0000104169_0000104169-24-000056,operating_cash_flow,hybrid,0.0444670555556917
0000200406_0000200406-20-000010,revenue,hybrid,1.9010941203305263
0000200406_0000200406-20-000010,revenue,hybrid,1.9010941203305263
0000200406_0000200406-20-000010,revenue,hybrid,1.9010941203305263
0000200406_0000200406-20-000010,net_income,hybrid,0.0430892499991589
0000200406_0000200406-20-000010,eps_diluted,hybrid,0.0430892499991589
0000200406_0000200406-20-000010,total_assets,hybrid,0.0430892499991589
0000200406_0000200406-20-000010,total_liabilities,hybrid,0.0430892499991589
0000200406_0000200406-20-000010,stockholders_equity,hybrid,0.0430892499991589
0000200406_0000200406-20-000010,cash_and_equivalents,hybrid,0.0430892499991589
0000200406_0000200406-20-000010,operating_cash_flow,hybrid,0.0430892499991589
0000200406_0000200406-21-000008,revenue,hybrid,1.9040686480131828
0000200406_0000200406-21-000008,revenue,hybrid,1.9040686480131828
0000200406_0000200406-21-000008,revenue,hybrid,1.9040686480131828
0000200406_0000200406-21-000008,net_income,hybrid,0.0410357083375048
0000200406_0000200406-21-000008,eps_diluted,hybrid,0.0410357083375048
0000200406_0000200406-21-000008,total_assets,hybrid,0.0410357083375048
0000200406_0000200406-21-000008,total_liabilities,hybrid,0.0410357083375048
0000200406_0000200406-21-000008,stockholders_equity,hybrid,0.0410357083375048
0000200406_0000200406-21-000008,cash_and_equivalents,hybrid,0.0410357083375048
0000200406_0000200406-21-000008,operating_cash_flow,hybrid,0.0410357083375048
0000200406_0000200406-22-000022,revenue,hybrid,1.8722023703481279
0000200406_0000200406-22-000022,revenue,hybrid,1.8722023703481279
0000200406_0000200406-22-000022,revenue,hybrid,1.8722023703481279
0000200406_0000200406-22-000022,net_income,hybrid,0.041473930559328
0000200406_0000200406-22-000022,eps_diluted,hybrid,0.041473930559328
0000200406_0000200406-22-000022,total_assets,hybrid,0.041473930559328
0000200406_0000200406-22-000022,total_liabilities,hybrid,0.041473930559328
0000200406_0000200406-22-000022,stockholders_equity,hybrid,0.041473930559328
0000200406_0000200406-22-000022,cash_and_equivalents,hybrid,0.041473930559328
0000200406_0000200406-22-000022,operating_cash_flow,hybrid,0.041473930559328
0000200406_0000200406-23-000016,revenue,hybrid,1.843446347217347
0000200406_0000200406-23-000016,revenue,hybrid,1.843446347217347
0000200406_0000200406-23-000016,revenue,hybrid,1.843446347217347
0000200406_0000200406-23-000016,net_income,hybrid,0.0417284166647328
0000200406_0000200406-23-000016,eps_diluted,hybrid,0.0417284166647328
0000200406_0000200406-23-000016,total_assets,hybrid,0.0417284166647328
0000200406_0000200406-23-000016,total_liabilities,hybrid,0.0417284166647328
0000200406_0000200406-23-000016,stockholders_equity,hybrid,0.0417284166647328
0000200406_0000200406-23-000016,cash_and_equivalents,hybrid,0.0417284166647328
0000200406_0000200406-23-000016,operating_cash_flow,hybrid,0.0417284166647328
0000200406_0000200406-24-000013,revenue,hybrid,1.7645204582173997
0000200406_0000200406-24-000013,revenue,hybrid,1.7645204582173997
0000200406_0000200406-24-000013,revenue,hybrid,1.7645204582173997
0000200406_0000200406-24-000013,net_income,hybrid,0.0394283333314686
0000200406_0000200406-24-000013,eps_diluted,hybrid,1.7645204582173997
0000200406_0000200406-24-000013,eps_diluted,hybrid,1.7645204582173997
0000200406_0000200406-24-000013,eps_diluted,hybrid,1.7645204582173997
0000200406_0000200406-24-000013,total_assets,hybrid,0.0394283333314686
0000200406_0000200406-24-000013,total_liabilities,hybrid,0.0394283333314686
0000200406_0000200406-24-000013,stockholders_equity,hybrid,0.0394283333314686
0000200406_0000200406-24-000013,cash_and_equivalents,hybrid,0.0394283333314686
0000200406_0000200406-24-000013,operating_cash_flow,hybrid,0.0394283333314686
0000200406_0000200406-25-000038,revenue,hybrid,1.7992358519889724
0000200406_0000200406-25-000038,revenue,hybrid,1.7992358519889724
0000200406_0000200406-25-000038,revenue,hybrid,1.7992358519889724
0000200406_0000200406-25-000038,net_income,hybrid,0.0434113565521935
0000200406_0000200406-25-000038,eps_diluted,hybrid,1.7992358519889724
0000200406_0000200406-25-000038,eps_diluted,hybrid,1.7992358519889724
0000200406_0000200406-25-000038,eps_diluted,hybrid,1.7992358519889724
0000200406_0000200406-25-000038,total_assets,hybrid,0.0434113565521935
0000200406_0000200406-25-000038,total_liabilities,hybrid,0.0434113565521935
0000200406_0000200406-25-000038,stockholders_equity,hybrid,0.0434113565521935
0000200406_0000200406-25-000038,cash_and_equivalents,hybrid,0.0434113565521935
0000200406_0000200406-25-000038,operating_cash_flow,hybrid,0.0434113565521935
0000310158_0000310158-20-000005,revenue,hybrid,2.0662570832306906
0000310158_0000310158-20-000005,revenue,hybrid,2.0662570832306906
0000310158_0000310158-20-000005,revenue,hybrid,2.0662570832306906
0000310158_0000310158-20-000005,net_income,hybrid,0.0453091666697421
0000310158_0000310158-20-000005,eps_diluted,hybrid,2.0662570832306906
0000310158_0000310158-20-000005,eps_diluted,hybrid,2.0662570832306906
0000310158_0000310158-20-000005,eps_diluted,hybrid,2.0662570832306906
0000310158_0000310158-20-000005,total_assets,hybrid,2.0662570832306906
0000310158_0000310158-20-000005,total_assets,hybrid,2.0662570832306906
0000310158_0000310158-20-000005,total_assets,hybrid,2.0662570832306906
0000310158_0000310158-20-000005,stockholders_equity,hybrid,0.0453091666697421
0000310158_0000310158-20-000005,cash_and_equivalents,hybrid,0.0453091666697421
0000310158_0000310158-20-000005,operating_cash_flow,hybrid,0.0453091666697421
0000310158_0000310158-21-000004,revenue,hybrid,2.148389870111714
0000310158_0000310158-21-000004,revenue,hybrid,2.148389870111714
0000310158_0000310158-21-000004,revenue,hybrid,2.148389870111714
0000310158_0000310158-21-000004,net_income,hybrid,0.0427003425558925
0000310158_0000310158-21-000004,eps_diluted,hybrid,2.148389870111714
0000310158_0000310158-21-000004,eps_diluted,hybrid,2.148389870111714
0000310158_0000310158-21-000004,eps_diluted,hybrid,2.148389870111714
0000310158_0000310158-21-000004,total_assets,hybrid,2.148389870111714
0000310158_0000310158-21-000004,total_assets,hybrid,2.148389870111714
0000310158_0000310158-21-000004,total_assets,hybrid,2.148389870111714
0000310158_0000310158-21-000004,stockholders_equity,hybrid,0.0427003425558925
0000310158_0000310158-21-000004,cash_and_equivalents,hybrid,0.0427003425558925
0000310158_0000310158-21-000004,operating_cash_flow,hybrid,0.0427003425558925
0000310158_0000310158-22-000003,revenue,hybrid,2.050995328984249
0000310158_0000310158-22-000003,revenue,hybrid,2.050995328984249
0000310158_0000310158-22-000003,revenue,hybrid,2.050995328984249
0000310158_0000310158-22-000003,net_income,hybrid,0.0441517732170824
0000310158_0000310158-22-000003,eps_diluted,hybrid,2.050995328984249
0000310158_0000310158-22-000003,eps_diluted,hybrid,2.050995328984249
0000310158_0000310158-22-000003,eps_diluted,hybrid,2.050995328984249
0000310158_0000310158-22-000003,total_assets,hybrid,2.050995328984249
0000310158_0000310158-22-000003,total_assets,hybrid,2.050995328984249
0000310158_0000310158-22-000003,total_assets,hybrid,2.050995328984249
0000310158_0000310158-22-000003,stockholders_equity,hybrid,0.0441517732170824
0000310158_0000310158-22-000003,cash_and_equivalents,hybrid,0.0441517732170824
0000310158_0000310158-22-000003,operating_cash_flow,hybrid,0.0441517732170824
0000310158_0001628280-23-005061,revenue,hybrid,2.023857773346309
0000310158_0001628280-23-005061,revenue,hybrid,2.023857773346309
0000310158_0001628280-23-005061,revenue,hybrid,2.023857773346309
0000310158_0001628280-23-005061,net_income,hybrid,0.0413127176709369
0000310158_0001628280-23-005061,eps_diluted,hybrid,2.023857773346309
0000310158_0001628280-23-005061,eps_diluted,hybrid,2.023857773346309
0000310158_0001628280-23-005061,eps_diluted,hybrid,2.023857773346309
0000310158_0001628280-23-005061,total_assets,hybrid,2.023857773346309
0000310158_0001628280-23-005061,total_assets,hybrid,2.023857773346309
0000310158_0001628280-23-005061,total_assets,hybrid,2.023857773346309
0000310158_0001628280-23-005061,stockholders_equity,hybrid,0.0413127176709369
0000310158_0001628280-23-005061,cash_and_equivalents,hybrid,0.0413127176709369
0000310158_0001628280-23-005061,operating_cash_flow,hybrid,0.0413127176709369
0000310158_0001628280-24-006850,revenue,hybrid,2.0226734166757927
0000310158_0001628280-24-006850,revenue,hybrid,2.0226734166757927
0000310158_0001628280-24-006850,revenue,hybrid,2.0226734166757927
0000310158_0001628280-24-006850,net_income,hybrid,0.0425444444473315
0000310158_0001628280-24-006850,eps_diluted,hybrid,2.0226734166757927
0000310158_0001628280-24-006850,eps_diluted,hybrid,2.0226734166757927
0000310158_0001628280-24-006850,eps_diluted,hybrid,2.0226734166757927
0000310158_0001628280-24-006850,total_assets,hybrid,2.0226734166757927
0000310158_0001628280-24-006850,total_assets,hybrid,2.0226734166757927
0000310158_0001628280-24-006850,total_assets,hybrid,2.0226734166757927
0000310158_0001628280-24-006850,stockholders_equity,hybrid,0.0425444444473315
0000310158_0001628280-24-006850,cash_and_equivalents,hybrid,0.0425444444473315
0000310158_0001628280-24-006850,operating_cash_flow,hybrid,0.0425444444473315
0000310158_0001628280-25-007732,revenue,hybrid,2.884523379433732
0000310158_0001628280-25-007732,revenue,hybrid,2.884523379433732
0000310158_0001628280-25-007732,revenue,hybrid,2.884523379433732
0000310158_0001628280-25-007732,net_income,hybrid,0.0418113703296209
0000310158_0001628280-25-007732,eps_diluted,hybrid,2.884523379433732
0000310158_0001628280-25-007732,eps_diluted,hybrid,2.884523379433732
0000310158_0001628280-25-007732,eps_diluted,hybrid,2.884523379433732
0000310158_0001628280-25-007732,total_assets,hybrid,2.884523379433732
0000310158_0001628280-25-007732,total_assets,hybrid,2.884523379433732
0000310158_0001628280-25-007732,total_assets,hybrid,2.884523379433732
0000310158_0001628280-25-007732,stockholders_equity,hybrid,0.0418113703296209
0000310158_0001628280-25-007732,cash_and_equivalents,hybrid,0.0418113703296209
0000310158_0001628280-25-007732,operating_cash_flow,hybrid,0.0418113703296209
0000320193_0000320193-19-000119,revenue,hybrid,0.0220370555568176
0000320193_0000320193-19-000119,operating_income,hybrid,0.0220370555568176
0000320193_0000320193-19-000119,net_income,hybrid,0.0220370555568176
0000320193_0000320193-19-000119,eps_diluted,hybrid,0.0220370555568176
0000320193_0000320193-19-000119,total_assets,hybrid,0.0220370555568176
0000320193_0000320193-19-000119,total_liabilities,hybrid,0.0220370555568176
0000320193_0000320193-19-000119,stockholders_equity,hybrid,0.0220370555568176
0000320193_0000320193-19-000119,cash_and_equivalents,hybrid,0.0220370555568176
0000320193_0000320193-19-000119,operating_cash_flow,hybrid,0.0220370555568176
0000320193_0000320193-20-000096,revenue,hybrid,0.031100874999538
0000320193_0000320193-20-000096,operating_income,hybrid,0.031100874999538
0000320193_0000320193-20-000096,net_income,hybrid,0.031100874999538
0000320193_0000320193-20-000096,eps_diluted,hybrid,0.031100874999538
0000320193_0000320193-20-000096,total_assets,hybrid,0.031100874999538
0000320193_0000320193-20-000096,total_liabilities,hybrid,0.031100874999538
0000320193_0000320193-20-000096,stockholders_equity,hybrid,0.031100874999538
0000320193_0000320193-20-000096,cash_and_equivalents,hybrid,0.031100874999538
0000320193_0000320193-20-000096,operating_cash_flow,hybrid,0.031100874999538
0000320193_0000320193-21-000105,revenue,hybrid,0.0194224027800373
0000320193_0000320193-21-000105,operating_income,hybrid,0.0194224027800373
0000320193_0000320193-21-000105,net_income,hybrid,0.0194224027800373
0000320193_0000320193-21-000105,eps_diluted,hybrid,0.0194224027800373
0000320193_0000320193-21-000105,total_assets,hybrid,0.0194224027800373
0000320193_0000320193-21-000105,total_liabilities,hybrid,0.0194224027800373
0000320193_0000320193-21-000105,stockholders_equity,hybrid,0.0194224027800373
0000320193_0000320193-21-000105,cash_and_equivalents,hybrid,0.0194224027800373
0000320193_0000320193-21-000105,operating_cash_flow,hybrid,0.0194224027800373
0000320193_0000320193-22-000108,revenue,hybrid,0.018657324111296
0000320193_0000320193-22-000108,operating_income,hybrid,0.018657324111296
0000320193_0000320193-22-000108,net_income,hybrid,0.018657324111296
0000320193_0000320193-22-000108,eps_diluted,hybrid,0.018657324111296
0000320193_0000320193-22-000108,total_assets,hybrid,0.018657324111296
0000320193_0000320193-22-000108,total_liabilities,hybrid,0.018657324111296
0000320193_0000320193-22-000108,stockholders_equity,hybrid,0.018657324111296
0000320193_0000320193-22-000108,cash_and_equivalents,hybrid,0.018657324111296
0000320193_0000320193-22-000108,operating_cash_flow,hybrid,0.018657324111296
0000320193_0000320193-23-000106,revenue,hybrid,0.0169367962258143
0000320193_0000320193-23-000106,operating_income,hybrid,0.0169367962258143
0000320193_0000320193-23-000106,net_income,hybrid,0.0169367962258143
0000320193_0000320193-23-000106,eps_diluted,hybrid,0.0169367962258143
0000320193_0000320193-23-000106,total_assets,hybrid,0.0169367962258143
0000320193_0000320193-23-000106,total_liabilities,hybrid,0.0169367962258143
0000320193_0000320193-23-000106,stockholders_equity,hybrid,0.0169367962258143
0000320193_0000320193-23-000106,cash_and_equivalents,hybrid,0.0169367962258143
0000320193_0000320193-23-000106,operating_cash_flow,hybrid,0.0169367962258143
0000320193_0000320193-24-000123,revenue,hybrid,0.0173231619992293
0000320193_0000320193-24-000123,operating_income,hybrid,0.0173231619992293
0000320193_0000320193-24-000123,net_income,hybrid,0.0173231619992293
0000320193_0000320193-24-000123,eps_diluted,hybrid,0.0173231619992293
0000320193_0000320193-24-000123,total_assets,hybrid,0.0173231619992293
0000320193_0000320193-24-000123,total_liabilities,hybrid,0.0173231619992293
0000320193_0000320193-24-000123,stockholders_equity,hybrid,0.0173231619992293
0000320193_0000320193-24-000123,cash_and_equivalents,hybrid,0.0173231619992293
0000320193_0000320193-24-000123,operating_cash_flow,hybrid,0.0173231619992293
0000354950_0000354950-19-000010,revenue,hybrid,0.0304935000021941
0000354950_0000354950-19-000010,operating_income,hybrid,0.0304935000021941
0000354950_0000354950-19-000010,net_income,hybrid,0.0304935000021941
0000354950_0000354950-19-000010,eps_diluted,hybrid,0.0304935000021941
0000354950_0000354950-19-000010,total_assets,hybrid,0.0304935000021941
0000354950_0000354950-19-000010,total_liabilities,hybrid,0.0304935000021941
0000354950_0000354950-19-000010,stockholders_equity,hybrid,0.0304935000021941
0000354950_0000354950-19-000010,cash_and_equivalents,hybrid,0.0304935000021941
0000354950_0000354950-19-000010,operating_cash_flow,hybrid,0.0304935000021941
0000354950_0000354950-20-000015,revenue,hybrid,0.0242482315516099
0000354950_0000354950-20-000015,operating_income,hybrid,0.0242482315516099
0000354950_0000354950-20-000015,net_income,hybrid,0.0242482315516099
0000354950_0000354950-20-000015,eps_diluted,hybrid,0.0242482315516099
0000354950_0000354950-20-000015,total_assets,hybrid,0.0242482315516099
0000354950_0000354950-20-000015,total_liabilities,hybrid,0.0242482315516099
0000354950_0000354950-20-000015,stockholders_equity,hybrid,0.0242482315516099
0000354950_0000354950-20-000015,cash_and_equivalents,hybrid,0.0242482315516099
0000354950_0000354950-20-000015,operating_cash_flow,hybrid,0.0242482315516099
0000354950_0000354950-21-000089,revenue,hybrid,0.0269159722245401
0000354950_0000354950-21-000089,operating_income,hybrid,0.0269159722245401
0000354950_0000354950-21-000089,net_income,hybrid,0.0269159722245401
0000354950_0000354950-21-000089,eps_diluted,hybrid,0.0269159722245401
0000354950_0000354950-21-000089,total_assets,hybrid,0.0269159722245401
0000354950_0000354950-21-000089,total_liabilities,hybrid,0.0269159722245401
0000354950_0000354950-21-000089,stockholders_equity,hybrid,0.0269159722245401
0000354950_0000354950-21-000089,cash_and_equivalents,hybrid,0.0269159722245401
0000354950_0000354950-21-000089,operating_cash_flow,hybrid,0.0269159722245401
0000354950_0000354950-22-000070,revenue,hybrid,0.0250897175541871
0000354950_0000354950-22-000070,operating_income,hybrid,0.0250897175541871
0000354950_0000354950-22-000070,net_income,hybrid,0.0250897175541871
0000354950_0000354950-22-000070,eps_diluted,hybrid,0.0250897175541871
0000354950_0000354950-22-000070,total_assets,hybrid,0.0250897175541871
0000354950_0000354950-22-000070,total_liabilities,hybrid,0.0250897175541871
0000354950_0000354950-22-000070,stockholders_equity,hybrid,0.0250897175541871
0000354950_0000354950-22-000070,cash_and_equivalents,hybrid,0.0250897175541871
0000354950_0000354950-22-000070,operating_cash_flow,hybrid,0.0250897175541871
0000354950_0000354950-23-000059,revenue,hybrid,0.0260469119982897
0000354950_0000354950-23-000059,operating_income,hybrid,0.0260469119982897
0000354950_0000354950-23-000059,net_income,hybrid,0.0260469119982897
0000354950_0000354950-23-000059,eps_diluted,hybrid,0.0260469119982897
0000354950_0000354950-23-000059,total_assets,hybrid,0.0260469119982897
0000354950_0000354950-23-000059,total_liabilities,hybrid,0.0260469119982897
0000354950_0000354950-23-000059,stockholders_equity,hybrid,0.0260469119982897
0000354950_0000354950-23-000059,cash_and_equivalents,hybrid,0.0260469119982897
0000354950_0000354950-23-000059,operating_cash_flow,hybrid,0.0260469119982897
0000354950_0000354950-24-000062,revenue,hybrid,0.0321908333312927
0000354950_0000354950-24-000062,operating_income,hybrid,0.0321908333312927
0000354950_0000354950-24-000062,net_income,hybrid,0.0321908333312927
0000354950_0000354950-24-000062,eps_diluted,hybrid,0.0321908333312927
0000354950_0000354950-24-000062,total_assets,hybrid,0.0321908333312927
0000354950_0000354950-24-000062,total_liabilities,hybrid,0.0321908333312927
0000354950_0000354950-24-000062,stockholders_equity,hybrid,0.0321908333312927
0000354950_0000354950-24-000062,cash_and_equivalents,hybrid,0.0321908333312927
0000354950_0000354950-24-000062,operating_cash_flow,hybrid,0.0321908333312927
0000732712_0000732712-20-000014,revenue,hybrid,1.265751662329421
0000732712_0000732712-20-000014,revenue,hybrid,1.265751662329421
0000732712_0000732712-20-000014,revenue,hybrid,1.265751662329421
0000732712_0000732712-20-000014,operating_income,hybrid,1.265751662329421
0000732712_0000732712-20-000014,operating_income,hybrid,1.265751662329421
0000732712_0000732712-20-000014,operating_income,hybrid,1.265751662329421
0000732712_0000732712-20-000014,net_income,hybrid,1.265751662329421
0000732712_0000732712-20-000014,net_income,hybrid,1.265751662329421
0000732712_0000732712-20-000014,net_income,hybrid,1.265751662329421
0000732712_0000732712-20-000014,eps_diluted,hybrid,1.265751662329421
0000732712_0000732712-20-000014,eps_diluted,hybrid,1.265751662329421
0000732712_0000732712-20-000014,eps_diluted,hybrid,1.265751662329421
0000732712_0000732712-20-000014,total_assets,hybrid,1.265751662329421
0000732712_0000732712-20-000014,total_assets,hybrid,1.265751662329421
0000732712_0000732712-20-000014,total_assets,hybrid,1.265751662329421
0000732712_0000732712-20-000014,stockholders_equity,hybrid,1.265751662329421
0000732712_0000732712-20-000014,stockholders_equity,hybrid,1.265751662329421
0000732712_0000732712-20-000014,stockholders_equity,hybrid,1.265751662329421
0000732712_0000732712-20-000014,cash_and_equivalents,hybrid,1.265751662329421
0000732712_0000732712-20-000014,cash_and_equivalents,hybrid,1.265751662329421
0000732712_0000732712-20-000014,cash_and_equivalents,hybrid,1.265751662329421
0000732712_0000732712-20-000014,operating_cash_flow,hybrid,1.265751662329421
0000732712_0000732712-20-000014,operating_cash_flow,hybrid,1.265751662329421
0000732712_0000732712-20-000014,operating_cash_flow,hybrid,1.265751662329421
0000732712_0000732712-21-000012,revenue,hybrid,2.0347373147766725
0000732712_0000732712-21-000012,revenue,hybrid,2.0347373147766725
0000732712_0000732712-21-000012,revenue,hybrid,2.0347373147766725
0000732712_0000732712-21-000012,operating_income,hybrid,0.0487796805553241
0000732712_0000732712-21-000012,net_income,hybrid,0.0487796805553241
0000732712_0000732712-21-000012,eps_diluted,hybrid,0.0487796805553241
0000732712_0000732712-21-000012,total_assets,hybrid,0.0487796805553241
0000732712_0000732712-21-000012,stockholders_equity,hybrid,0.0487796805553241
0000732712_0000732712-21-000012,cash_and_equivalents,hybrid,0.0487796805553241
0000732712_0000732712-21-000012,operating_cash_flow,hybrid,0.0487796805553241
0000732712_0000732712-22-000008,revenue,hybrid,2.0058719816750252
0000732712_0000732712-22-000008,revenue,hybrid,2.0058719816750252
0000732712_0000732712-22-000008,revenue,hybrid,2.0058719816750252
0000732712_0000732712-22-000008,operating_income,hybrid,0.0629336760030128
0000732712_0000732712-22-000008,net_income,hybrid,0.0629336760030128
0000732712_0000732712-22-000008,eps_diluted,hybrid,0.0629336760030128
0000732712_0000732712-22-000008,total_assets,hybrid,0.0629336760030128
0000732712_0000732712-22-000008,stockholders_equity,hybrid,0.0629336760030128
0000732712_0000732712-22-000008,cash_and_equivalents,hybrid,0.0629336760030128
0000732712_0000732712-22-000008,operating_cash_flow,hybrid,0.0629336760030128
0000732712_0000732712-23-000012,revenue,hybrid,2.026357013565656
0000732712_0000732712-23-000012,revenue,hybrid,2.026357013565656
0000732712_0000732712-23-000012,revenue,hybrid,2.026357013565656
0000732712_0000732712-23-000012,operating_income,hybrid,0.0750828795587747
0000732712_0000732712-23-000012,net_income,hybrid,0.0750828795587747
0000732712_0000732712-23-000012,eps_diluted,hybrid,0.0750828795587747
0000732712_0000732712-23-000012,total_assets,hybrid,0.0750828795587747
0000732712_0000732712-23-000012,stockholders_equity,hybrid,0.0750828795587747
0000732712_0000732712-23-000012,cash_and_equivalents,hybrid,0.0750828795587747
0000732712_0000732712-23-000012,operating_cash_flow,hybrid,0.0750828795587747
0000732712_0000732712-24-000010,revenue,hybrid,2.1773930602325384
0000732712_0000732712-24-000010,revenue,hybrid,2.1773930602325384
0000732712_0000732712-24-000010,revenue,hybrid,2.1773930602325384
0000732712_0000732712-24-000010,operating_income,hybrid,0.1218721388916795
0000732712_0000732712-24-000010,net_income,hybrid,0.1218721388916795
0000732712_0000732712-24-000010,eps_diluted,hybrid,0.1218721388916795
0000732712_0000732712-24-000010,total_assets,hybrid,0.1218721388916795
0000732712_0000732712-24-000010,stockholders_equity,hybrid,0.1218721388916795
0000732712_0000732712-24-000010,cash_and_equivalents,hybrid,0.1218721388916795
0000732712_0000732712-24-000010,operating_cash_flow,hybrid,0.1218721388916795
0000732712_0000732712-25-000006,revenue,hybrid,1.9748057917749973
0000732712_0000732712-25-000006,revenue,hybrid,1.9748057917749973
0000732712_0000732712-25-000006,revenue,hybrid,1.9748057917749973
0000732712_0000732712-25-000006,operating_income,hybrid,0.0696846944435189
0000732712_0000732712-25-000006,net_income,hybrid,0.0696846944435189
0000732712_0000732712-25-000006,eps_diluted,hybrid,0.0696846944435189
0000732712_0000732712-25-000006,total_assets,hybrid,0.0696846944435189
0000732712_0000732712-25-000006,stockholders_equity,hybrid,0.0696846944435189
0000732712_0000732712-25-000006,cash_and_equivalents,hybrid,0.0696846944435189
0000732712_0000732712-25-000006,operating_cash_flow,hybrid,0.0696846944435189
0000789019_0001564590-19-027952,revenue,hybrid,0.0355032870041516
0000789019_0001564590-19-027952,operating_income,hybrid,0.0355032870041516
0000789019_0001564590-19-027952,net_income,hybrid,0.0355032870041516
0000789019_0001564590-19-027952,eps_diluted,hybrid,0.0355032870041516
0000789019_0001564590-19-027952,total_assets,hybrid,1.6949289257900086
0000789019_0001564590-19-027952,total_assets,hybrid,1.6949289257900086
0000789019_0001564590-19-027952,total_assets,hybrid,1.6949289257900086
0000789019_0001564590-19-027952,total_liabilities,hybrid,1.6949289257900086
0000789019_0001564590-19-027952,total_liabilities,hybrid,1.6949289257900086
0000789019_0001564590-19-027952,total_liabilities,hybrid,1.6949289257900086
0000789019_0001564590-19-027952,stockholders_equity,hybrid,1.6949289257900086
0000789019_0001564590-19-027952,stockholders_equity,hybrid,1.6949289257900086
0000789019_0001564590-19-027952,stockholders_equity,hybrid,1.6949289257900086
0000789019_0001564590-19-027952,cash_and_equivalents,hybrid,1.6949289257900086
0000789019_0001564590-19-027952,cash_and_equivalents,hybrid,1.6949289257900086
0000789019_0001564590-19-027952,cash_and_equivalents,hybrid,1.6949289257900086
0000789019_0001564590-19-027952,operating_cash_flow,hybrid,1.6949289257900086
0000789019_0001564590-19-027952,operating_cash_flow,hybrid,1.6949289257900086
0000789019_0001564590-19-027952,operating_cash_flow,hybrid,1.6949289257900086
0000789019_0001564590-20-034944,revenue,hybrid,0.0325238750018696
0000789019_0001564590-20-034944,operating_income,hybrid,0.0325238750018696
0000789019_0001564590-20-034944,net_income,hybrid,0.0325238750018696
0000789019_0001564590-20-034944,eps_diluted,hybrid,0.0325238750018696
0000789019_0001564590-20-034944,total_assets,hybrid,1.7156767314510133
0000789019_0001564590-20-034944,total_assets,hybrid,1.7156767314510133
0000789019_0001564590-20-034944,total_assets,hybrid,1.7156767314510133
0000789019_0001564590-20-034944,total_liabilities,hybrid,1.7156767314510133
0000789019_0001564590-20-034944,total_liabilities,hybrid,1.7156767314510133
0000789019_0001564590-20-034944,total_liabilities,hybrid,1.7156767314510133
0000789019_0001564590-20-034944,stockholders_equity,hybrid,1.7156767314510133
0000789019_0001564590-20-034944,stockholders_equity,hybrid,1.7156767314510133
0000789019_0001564590-20-034944,stockholders_equity,hybrid,1.7156767314510133
0000789019_0001564590-20-034944,cash_and_equivalents,hybrid,1.7156767314510133
0000789019_0001564590-20-034944,cash_and_equivalents,hybrid,1.7156767314510133
0000789019_0001564590-20-034944,cash_and_equivalents,hybrid,1.7156767314510133
0000789019_0001564590-20-034944,operating_cash_flow,hybrid,1.7156767314510133
0000789019_0001564590-20-034944,operating_cash_flow,hybrid,1.7156767314510133
0000789019_0001564590-20-034944,operating_cash_flow,hybrid,1.7156767314510133
0000789019_0001564590-21-039151,revenue,hybrid,0.0309784027760744
0000789019_0001564590-21-039151,operating_income,hybrid,0.0309784027760744
0000789019_0001564590-21-039151,net_income,hybrid,0.0309784027760744
0000789019_0001564590-21-039151,eps_diluted,hybrid,0.0309784027760744
0000789019_0001564590-21-039151,total_assets,hybrid,1.7159681713286166
0000789019_0001564590-21-039151,total_assets,hybrid,1.7159681713286166
0000789019_0001564590-21-039151,total_assets,hybrid,1.7159681713286166
0000789019_0001564590-21-039151,total_liabilities,hybrid,1.7159681713286166
0000789019_0001564590-21-039151,total_liabilities,hybrid,1.7159681713286166
0000789019_0001564590-21-039151,total_liabilities,hybrid,1.7159681713286166
0000789019_0001564590-21-039151,stockholders_equity,hybrid,1.7159681713286166
0000789019_0001564590-21-039151,stockholders_equity,hybrid,1.7159681713286166
0000789019_0001564590-21-039151,stockholders_equity,hybrid,1.7159681713286166
0000789019_0001564590-21-039151,cash_and_equivalents,hybrid,1.7159681713286166
0000789019_0001564590-21-039151,cash_and_equivalents,hybrid,1.7159681713286166
0000789019_0001564590-21-039151,cash_and_equivalents,hybrid,1.7159681713286166
0000789019_0001564590-21-039151,operating_cash_flow,hybrid,1.7159681713286166
0000789019_0001564590-21-039151,operating_cash_flow,hybrid,1.7159681713286166
0000789019_0001564590-21-039151,operating_cash_flow,hybrid,1.7159681713286166
0000789019_0001564590-22-026876,revenue,hybrid,0.0463814489970294
0000789019_0001564590-22-026876,operating_income,hybrid,0.0463814489970294
0000789019_0001564590-22-026876,net_income,hybrid,0.0463814489970294
0000789019_0001564590-22-026876,eps_diluted,hybrid,0.0463814489970294
0000789019_0001564590-22-026876,total_assets,hybrid,1.7181753471021595
0000789019_0001564590-22-026876,total_assets,hybrid,1.7181753471021595
0000789019_0001564590-22-026876,total_assets,hybrid,1.7181753471021595
0000789019_0001564590-22-026876,total_liabilities,hybrid,1.7181753471021595
0000789019_0001564590-22-026876,total_liabilities,hybrid,1.7181753471021595
0000789019_0001564590-22-026876,total_liabilities,hybrid,1.7181753471021595
0000789019_0001564590-22-026876,stockholders_equity,hybrid,1.7181753471021595
0000789019_0001564590-22-026876,stockholders_equity,hybrid,1.7181753471021595
0000789019_0001564590-22-026876,stockholders_equity,hybrid,1.7181753471021595
0000789019_0001564590-22-026876,cash_and_equivalents,hybrid,1.7181753471021595
0000789019_0001564590-22-026876,cash_and_equivalents,hybrid,1.7181753471021595
0000789019_0001564590-22-026876,cash_and_equivalents,hybrid,1.7181753471021595
0000789019_0001564590-22-026876,operating_cash_flow,hybrid,1.7181753471021595
0000789019_0001564590-22-026876,operating_cash_flow,hybrid,1.7181753471021595
0000789019_0001564590-22-026876,operating_cash_flow,hybrid,1.7181753471021595
0000789019_0000950170-23-035122,revenue,hybrid,0.0305170232249009
0000789019_0000950170-23-035122,operating_income,hybrid,0.0305170232249009
0000789019_0000950170-23-035122,net_income,hybrid,0.0305170232249009
0000789019_0000950170-23-035122,eps_diluted,hybrid,0.0305170232249009
0000789019_0000950170-23-035122,total_assets,hybrid,1.6454340233402842
0000789019_0000950170-23-035122,total_assets,hybrid,1.6454340233402842
0000789019_0000950170-23-035122,total_assets,hybrid,1.6454340233402842
0000789019_0000950170-23-035122,total_liabilities,hybrid,1.6454340233402842
0000789019_0000950170-23-035122,total_liabilities,hybrid,1.6454340233402842
0000789019_0000950170-23-035122,total_liabilities,hybrid,1.6454340233402842
0000789019_0000950170-23-035122,stockholders_equity,hybrid,1.6454340233402842
0000789019_0000950170-23-035122,stockholders_equity,hybrid,1.6454340233402842
0000789019_0000950170-23-035122,stockholders_equity,hybrid,1.6454340233402842
0000789019_0000950170-23-035122,cash_and_equivalents,hybrid,1.6454340233402842
0000789019_0000950170-23-035122,cash_and_equivalents,hybrid,1.6454340233402842
0000789019_0000950170-23-035122,cash_and_equivalents,hybrid,1.6454340233402842
0000789019_0000950170-23-035122,operating_cash_flow,hybrid,1.6454340233402842
0000789019_0000950170-23-035122,operating_cash_flow,hybrid,1.6454340233402842
0000789019_0000950170-23-035122,operating_cash_flow,hybrid,1.6454340233402842
0000789019_0000950170-24-087843,revenue,hybrid,0.0323631990015403
0000789019_0000950170-24-087843,operating_income,hybrid,0.0323631990015403
0000789019_0000950170-24-087843,net_income,hybrid,0.0323631990015403
0000789019_0000950170-24-087843,eps_diluted,hybrid,0.0323631990015403
0000789019_0000950170-24-087843,total_assets,hybrid,1.701956435004831
0000789019_0000950170-24-087843,total_assets,hybrid,1.701956435004831
0000789019_0000950170-24-087843,total_assets,hybrid,1.701956435004831
0000789019_0000950170-24-087843,total_liabilities,hybrid,1.701956435004831
0000789019_0000950170-24-087843,total_liabilities,hybrid,1.701956435004831
0000789019_0000950170-24-087843,total_liabilities,hybrid,1.701956435004831
0000789019_0000950170-24-087843,stockholders_equity,hybrid,1.701956435004831
0000789019_0000950170-24-087843,stockholders_equity,hybrid,1.701956435004831
0000789019_0000950170-24-087843,stockholders_equity,hybrid,1.701956435004831
0000789019_0000950170-24-087843,cash_and_equivalents,hybrid,1.701956435004831
0000789019_0000950170-24-087843,cash_and_equivalents,hybrid,1.701956435004831
0000789019_0000950170-24-087843,cash_and_equivalents,hybrid,1.701956435004831
0000789019_0000950170-24-087843,operating_cash_flow,hybrid,1.701956435004831
0000789019_0000950170-24-087843,operating_cash_flow,hybrid,1.701956435004831
0000789019_0000950170-24-087843,operating_cash_flow,hybrid,1.701956435004831
0000858877_0000858877-19-000012,revenue,hybrid,0.0524746018862869
0000858877_0000858877-19-000012,operating_income,hybrid,0.0524746018862869
0000858877_0000858877-19-000012,net_income,hybrid,0.0524746018862869
0000858877_0000858877-19-000012,eps_diluted,hybrid,0.0524746018862869
0000858877_0000858877-19-000012,total_assets,hybrid,0.0524746018862869
0000858877_0000858877-19-000012,total_liabilities,hybrid,0.0524746018862869
0000858877_0000858877-19-000012,stockholders_equity,hybrid,0.0524746018862869
0000858877_0000858877-19-000012,cash_and_equivalents,hybrid,0.0524746018862869
0000858877_0000858877-19-000012,operating_cash_flow,hybrid,0.0524746018862869
0000858877_0000858877-20-000010,revenue,hybrid,0.0482460925575449
0000858877_0000858877-20-000010,operating_income,hybrid,0.0482460925575449
0000858877_0000858877-20-000010,net_income,hybrid,0.0482460925575449
0000858877_0000858877-20-000010,eps_diluted,hybrid,0.0482460925575449
0000858877_0000858877-20-000010,total_assets,hybrid,0.0482460925575449
0000858877_0000858877-20-000010,total_liabilities,hybrid,0.0482460925575449
0000858877_0000858877-20-000010,stockholders_equity,hybrid,0.0482460925575449
0000858877_0000858877-20-000010,cash_and_equivalents,hybrid,0.0482460925575449
0000858877_0000858877-20-000010,operating_cash_flow,hybrid,0.0482460925575449
0000858877_0000858877-21-000013,revenue,hybrid,0.0450038472190499
0000858877_0000858877-21-000013,operating_income,hybrid,0.0450038472190499
0000858877_0000858877-21-000013,net_income,hybrid,0.0450038472190499
0000858877_0000858877-21-000013,eps_diluted,hybrid,0.0450038472190499
0000858877_0000858877-21-000013,total_assets,hybrid,0.0450038472190499
0000858877_0000858877-21-000013,total_liabilities,hybrid,0.0450038472190499
0000858877_0000858877-21-000013,stockholders_equity,hybrid,0.0450038472190499
0000858877_0000858877-21-000013,cash_and_equivalents,hybrid,0.0450038472190499
0000858877_0000858877-21-000013,operating_cash_flow,hybrid,0.0450038472190499
0000858877_0000858877-22-000013,revenue,hybrid,0.045967962890346
0000858877_0000858877-22-000013,operating_income,hybrid,0.045967962890346
0000858877_0000858877-22-000013,net_income,hybrid,0.045967962890346
0000858877_0000858877-22-000013,eps_diluted,hybrid,0.045967962890346
0000858877_0000858877-22-000013,total_assets,hybrid,0.045967962890346
0000858877_0000858877-22-000013,total_liabilities,hybrid,0.045967962890346
0000858877_0000858877-22-000013,stockholders_equity,hybrid,0.045967962890346
0000858877_0000858877-22-000013,cash_and_equivalents,hybrid,0.045967962890346
0000858877_0000858877-22-000013,operating_cash_flow,hybrid,0.045967962890346
0000858877_0000858877-23-000023,revenue,hybrid,0.065389476774726
0000858877_0000858877-23-000023,operating_income,hybrid,0.065389476774726
0000858877_0000858877-23-000023,net_income,hybrid,0.065389476774726
0000858877_0000858877-23-000023,eps_diluted,hybrid,0.065389476774726
0000858877_0000858877-23-000023,total_assets,hybrid,0.065389476774726
0000858877_0000858877-23-000023,total_liabilities,hybrid,0.065389476774726
0000858877_0000858877-23-000023,stockholders_equity,hybrid,0.065389476774726
0000858877_0000858877-23-000023,cash_and_equivalents,hybrid,0.065389476774726
0000858877_0000858877-23-000023,operating_cash_flow,hybrid,0.065389476774726
0000858877_0000858877-24-000017,revenue,hybrid,0.0477122593308902
0000858877_0000858877-24-000017,operating_income,hybrid,0.0477122593308902
0000858877_0000858877-24-000017,net_income,hybrid,0.0477122593308902
0000858877_0000858877-24-000017,eps_diluted,hybrid,0.0477122593308902
0000858877_0000858877-24-000017,total_assets,hybrid,0.0477122593308902
0000858877_0000858877-24-000017,total_liabilities,hybrid,0.0477122593308902
0000858877_0000858877-24-000017,stockholders_equity,hybrid,0.0477122593308902
0000858877_0000858877-24-000017,cash_and_equivalents,hybrid,0.0477122593308902
0000858877_0000858877-24-000017,operating_cash_flow,hybrid,0.0477122593308902
0000909832_0000909832-19-000019,revenue,hybrid,0.0258423333353776
0000909832_0000909832-19-000019,operating_income,hybrid,0.0258423333353776
0000909832_0000909832-19-000019,net_income,hybrid,0.0258423333353776
0000909832_0000909832-19-000019,eps_diluted,hybrid,0.0258423333353776
0000909832_0000909832-19-000019,total_assets,hybrid,0.0258423333353776
0000909832_0000909832-19-000019,total_liabilities,hybrid,0.0258423333353776
0000909832_0000909832-19-000019,stockholders_equity,hybrid,0.0258423333353776
0000909832_0000909832-19-000019,cash_and_equivalents,hybrid,0.0258423333353776
0000909832_0000909832-19-000019,operating_cash_flow,hybrid,0.0258423333353776
0000909832_0000909832-20-000017,revenue,hybrid,0.0257416944433417
0000909832_0000909832-20-000017,operating_income,hybrid,0.0257416944433417
0000909832_0000909832-20-000017,net_income,hybrid,0.0257416944433417
0000909832_0000909832-20-000017,eps_diluted,hybrid,0.0257416944433417
0000909832_0000909832-20-000017,total_assets,hybrid,0.0257416944433417
0000909832_0000909832-20-000017,total_liabilities,hybrid,0.0257416944433417
0000909832_0000909832-20-000017,stockholders_equity,hybrid,0.0257416944433417
0000909832_0000909832-20-000017,cash_and_equivalents,hybrid,0.0257416944433417
0000909832_0000909832-20-000017,operating_cash_flow,hybrid,0.0257416944433417
0000909832_0000909832-21-000014,revenue,hybrid,0.0217799814417958
0000909832_0000909832-21-000014,operating_income,hybrid,0.0217799814417958
0000909832_0000909832-21-000014,net_income,hybrid,0.0217799814417958
0000909832_0000909832-21-000014,eps_diluted,hybrid,0.0217799814417958
0000909832_0000909832-21-000014,total_assets,hybrid,0.0217799814417958
0000909832_0000909832-21-000014,total_liabilities,hybrid,0.0217799814417958
0000909832_0000909832-21-000014,stockholders_equity,hybrid,0.0217799814417958
0000909832_0000909832-21-000014,cash_and_equivalents,hybrid,0.0217799814417958
0000909832_0000909832-21-000014,operating_cash_flow,hybrid,0.0217799814417958
0000909832_0000909832-22-000021,revenue,hybrid,0.0221991666670267
0000909832_0000909832-22-000021,operating_income,hybrid,0.0221991666670267
0000909832_0000909832-22-000021,net_income,hybrid,0.0221991666670267
0000909832_0000909832-22-000021,eps_diluted,hybrid,0.0221991666670267
0000909832_0000909832-22-000021,total_assets,hybrid,0.0221991666670267
0000909832_0000909832-22-000021,total_liabilities,hybrid,0.0221991666670267
0000909832_0000909832-22-000021,stockholders_equity,hybrid,0.0221991666670267
0000909832_0000909832-22-000021,cash_and_equivalents,hybrid,0.0221991666670267
0000909832_0000909832-22-000021,operating_cash_flow,hybrid,0.0221991666670267
0000909832_0000909832-23-000042,revenue,hybrid,0.0212601296694224
0000909832_0000909832-23-000042,operating_income,hybrid,0.0212601296694224
0000909832_0000909832-23-000042,net_income,hybrid,0.0212601296694224
0000909832_0000909832-23-000042,eps_diluted,hybrid,0.0212601296694224
0000909832_0000909832-23-000042,total_assets,hybrid,0.0212601296694224
0000909832_0000909832-23-000042,total_liabilities,hybrid,0.0212601296694224
0000909832_0000909832-23-000042,stockholders_equity,hybrid,0.0212601296694224
0000909832_0000909832-23-000042,cash_and_equivalents,hybrid,0.0212601296694224
0000909832_0000909832-23-000042,operating_cash_flow,hybrid,0.0212601296694224
0000909832_0000909832-24-000049,revenue,hybrid,0.0202920370049671
0000909832_0000909832-24-000049,operating_income,hybrid,0.0202920370049671
0000909832_0000909832-24-000049,net_income,hybrid,0.0202920370049671
0000909832_0000909832-24-000049,eps_diluted,hybrid,0.0202920370049671
0000909832_0000909832-24-000049,total_assets,hybrid,0.0202920370049671
0000909832_0000909832-24-000049,total_liabilities,hybrid,0.0202920370049671
0000909832_0000909832-24-000049,stockholders_equity,hybrid,0.0202920370049671
0000909832_0000909832-24-000049,cash_and_equivalents,hybrid,0.0202920370049671
0000909832_0000909832-24-000049,operating_cash_flow,hybrid,0.0202920370049671
0001018724_0001018724-20-000004,revenue,hybrid,0.0249014953280695
0001018724_0001018724-20-000004,operating_income,hybrid,0.0249014953280695
0001018724_0001018724-20-000004,net_income,hybrid,0.0249014953280695
0001018724_0001018724-20-000004,eps_diluted,hybrid,0.0249014953280695
0001018724_0001018724-20-000004,total_assets,hybrid,0.0249014953280695
0001018724_0001018724-20-000004,stockholders_equity,hybrid,0.0249014953280695
0001018724_0001018724-20-000004,cash_and_equivalents,hybrid,0.0249014953280695
0001018724_0001018724-20-000004,operating_cash_flow,hybrid,0.0249014953280695
0001018724_0001018724-21-000004,revenue,hybrid,0.0218472407820324
0001018724_0001018724-21-000004,operating_income,hybrid,0.0218472407820324
0001018724_0001018724-21-000004,net_income,hybrid,0.0218472407820324
0001018724_0001018724-21-000004,eps_diluted,hybrid,0.0218472407820324
0001018724_0001018724-21-000004,total_assets,hybrid,0.0218472407820324
0001018724_0001018724-21-000004,stockholders_equity,hybrid,0.0218472407820324
0001018724_0001018724-21-000004,cash_and_equivalents,hybrid,0.0218472407820324
0001018724_0001018724-21-000004,operating_cash_flow,hybrid,0.0218472407820324
0001018724_0001018724-22-000005,revenue,hybrid,0.0222881574429468
0001018724_0001018724-22-000005,operating_income,hybrid,0.0222881574429468
0001018724_0001018724-22-000005,net_income,hybrid,0.0222881574429468
0001018724_0001018724-22-000005,eps_diluted,hybrid,0.0222881574429468
0001018724_0001018724-22-000005,total_assets,hybrid,0.0222881574429468
0001018724_0001018724-22-000005,stockholders_equity,hybrid,0.0222881574429468
0001018724_0001018724-22-000005,cash_and_equivalents,hybrid,0.0222881574429468
0001018724_0001018724-22-000005,operating_cash_flow,hybrid,0.0222881574429468
0001018724_0001018724-23-000004,revenue,hybrid,0.0233073286621624
0001018724_0001018724-23-000004,operating_income,hybrid,0.0233073286621624
0001018724_0001018724-23-000004,net_income,hybrid,0.0233073286621624
0001018724_0001018724-23-000004,eps_diluted,hybrid,0.0233073286621624
0001018724_0001018724-23-000004,total_assets,hybrid,0.0233073286621624
0001018724_0001018724-23-000004,stockholders_equity,hybrid,0.0233073286621624
0001018724_0001018724-23-000004,cash_and_equivalents,hybrid,0.0233073286621624
0001018724_0001018724-23-000004,operating_cash_flow,hybrid,0.0233073286621624
0001018724_0001018724-24-000008,revenue,hybrid,0.0226420092254152
0001018724_0001018724-24-000008,operating_income,hybrid,0.0226420092254152
0001018724_0001018724-24-000008,net_income,hybrid,0.0226420092254152
0001018724_0001018724-24-000008,eps_diluted,hybrid,0.0226420092254152
0001018724_0001018724-24-000008,total_assets,hybrid,0.0226420092254152
0001018724_0001018724-24-000008,stockholders_equity,hybrid,0.0226420092254152
0001018724_0001018724-24-000008,cash_and_equivalents,hybrid,0.0226420092254152
0001018724_0001018724-24-000008,operating_cash_flow,hybrid,0.0226420092254152
0001018724_0001018724-25-000004,revenue,hybrid,0.0210173517763097
0001018724_0001018724-25-000004,operating_income,hybrid,0.0210173517763097
0001018724_0001018724-25-000004,net_income,hybrid,0.0210173517763097
0001018724_0001018724-25-000004,eps_diluted,hybrid,0.0210173517763097
0001018724_0001018724-25-000004,total_assets,hybrid,0.0210173517763097
0001018724_0001018724-25-000004,stockholders_equity,hybrid,0.0210173517763097
0001018724_0001018724-25-000004,cash_and_equivalents,hybrid,0.0210173517763097
0001018724_0001018724-25-000004,operating_cash_flow,hybrid,0.0210173517763097
0001045810_0001045810-19-000023,revenue,hybrid,0.027192962996196
0001045810_0001045810-19-000023,operating_income,hybrid,0.027192962996196
0001045810_0001045810-19-000023,net_income,hybrid,0.027192962996196
0001045810_0001045810-19-000023,eps_diluted,hybrid,0.027192962996196
0001045810_0001045810-19-000023,total_assets,hybrid,0.027192962996196
0001045810_0001045810-19-000023,total_liabilities,hybrid,0.027192962996196
0001045810_0001045810-19-000023,stockholders_equity,hybrid,0.027192962996196
0001045810_0001045810-19-000023,cash_and_equivalents,hybrid,0.027192962996196
0001045810_0001045810-19-000023,operating_cash_flow,hybrid,0.027192962996196
0001045810_0001045810-20-000010,revenue,hybrid,0.0275718426694058
0001045810_0001045810-20-000010,operating_income,hybrid,0.0275718426694058
0001045810_0001045810-20-000010,net_income,hybrid,0.0275718426694058
0001045810_0001045810-20-000010,eps_diluted,hybrid,0.0275718426694058
0001045810_0001045810-20-000010,total_assets,hybrid,0.0275718426694058
0001045810_0001045810-20-000010,total_liabilities,hybrid,0.0275718426694058
0001045810_0001045810-20-000010,stockholders_equity,hybrid,0.0275718426694058
0001045810_0001045810-20-000010,cash_and_equivalents,hybrid,0.0275718426694058
0001045810_0001045810-20-000010,operating_cash_flow,hybrid,0.0275718426694058
0001045810_0001045810-21-000010,revenue,hybrid,0.0234203425546487
0001045810_0001045810-21-000010,operating_income,hybrid,0.0234203425546487
0001045810_0001045810-21-000010,net_income,hybrid,0.0234203425546487
0001045810_0001045810-21-000010,eps_diluted,hybrid,0.0234203425546487
0001045810_0001045810-21-000010,total_assets,hybrid,0.0234203425546487
0001045810_0001045810-21-000010,total_liabilities,hybrid,0.0234203425546487
0001045810_0001045810-21-000010,stockholders_equity,hybrid,0.0234203425546487
0001045810_0001045810-21-000010,cash_and_equivalents,hybrid,0.0234203425546487
0001045810_0001045810-21-000010,operating_cash_flow,hybrid,0.0234203425546487
0001045810_0001045810-22-000036,revenue,hybrid,0.024173384228359
0001045810_0001045810-22-000036,operating_income,hybrid,0.024173384228359
0001045810_0001045810-22-000036,net_income,hybrid,0.024173384228359
0001045810_0001045810-22-000036,eps_diluted,hybrid,0.024173384228359
0001045810_0001045810-22-000036,total_assets,hybrid,0.024173384228359
0001045810_0001045810-22-000036,total_liabilities,hybrid,0.024173384228359
0001045810_0001045810-22-000036,stockholders_equity,hybrid,0.024173384228359
0001045810_0001045810-22-000036,cash_and_equivalents,hybrid,0.024173384228359
0001045810_0001045810-22-000036,operating_cash_flow,hybrid,0.024173384228359
0001045810_0001045810-23-000017,revenue,hybrid,0.0256502314457773
0001045810_0001045810-23-000017,operating_income,hybrid,0.0256502314457773
0001045810_0001045810-23-000017,net_income,hybrid,0.0256502314457773
0001045810_0001045810-23-000017,eps_diluted,hybrid,0.0256502314457773
0001045810_0001045810-23-000017,total_assets,hybrid,0.0256502314457773
0001045810_0001045810-23-000017,total_liabilities,hybrid,0.0256502314457773
0001045810_0001045810-23-000017,stockholders_equity,hybrid,0.0256502314457773
0001045810_0001045810-23-000017,cash_and_equivalents,hybrid,0.0256502314457773
0001045810_0001045810-23-000017,operating_cash_flow,hybrid,0.0256502314457773
0001045810_0001045810-24-000029,revenue,hybrid,0.027343745330452
0001045810_0001045810-24-000029,operating_income,hybrid,0.027343745330452
0001045810_0001045810-24-000029,net_income,hybrid,0.027343745330452
0001045810_0001045810-24-000029,eps_diluted,hybrid,0.027343745330452
0001045810_0001045810-24-000029,total_assets,hybrid,0.027343745330452
0001045810_0001045810-24-000029,total_liabilities,hybrid,0.027343745330452
0001045810_0001045810-24-000029,stockholders_equity,hybrid,0.027343745330452
0001045810_0001045810-24-000029,cash_and_equivalents,hybrid,0.027343745330452
0001045810_0001045810-24-000029,operating_cash_flow,hybrid,0.027343745330452
0001318605_0001564590-20-004475,revenue,hybrid,0.0450098564486122
0001318605_0001564590-20-004475,operating_income,hybrid,0.0450098564486122
0001318605_0001564590-20-004475,net_income,hybrid,0.0450098564486122
0001318605_0001564590-20-004475,eps_diluted,hybrid,0.0450098564486122
0001318605_0001564590-20-004475,total_assets,hybrid,0.0450098564486122
0001318605_0001564590-20-004475,total_liabilities,hybrid,0.0450098564486122
0001318605_0001564590-20-004475,stockholders_equity,hybrid,0.0450098564486122
0001318605_0001564590-20-004475,cash_and_equivalents,hybrid,0.0450098564486122
0001318605_0001564590-20-004475,operating_cash_flow,hybrid,0.0450098564486122
0001318605_0001564590-21-004599,revenue,hybrid,0.0349398008871099
0001318605_0001564590-21-004599,operating_income,hybrid,2.042562921106259
0001318605_0001564590-21-004599,operating_income,hybrid,2.042562921106259
0001318605_0001564590-21-004599,operating_income,hybrid,2.042562921106259
0001318605_0001564590-21-004599,net_income,hybrid,0.0349398008871099
0001318605_0001564590-21-004599,eps_diluted,hybrid,0.0349398008871099
0001318605_0001564590-21-004599,total_assets,hybrid,0.0349398008871099
0001318605_0001564590-21-004599,total_liabilities,hybrid,0.0349398008871099
0001318605_0001564590-21-004599,stockholders_equity,hybrid,0.0349398008871099
0001318605_0001564590-21-004599,cash_and_equivalents,hybrid,0.0349398008871099
0001318605_0001564590-21-004599,operating_cash_flow,hybrid,0.0349398008871099
0001318605_0000950170-22-000796,revenue,hybrid,0.035296861114653
0001318605_0000950170-22-000796,operating_income,hybrid,1.9007542685657324
0001318605_0000950170-22-000796,operating_income,hybrid,1.9007542685657324
0001318605_0000950170-22-000796,operating_income,hybrid,1.9007542685657324
0001318605_0000950170-22-000796,net_income,hybrid,0.035296861114653
0001318605_0000950170-22-000796,eps_diluted,hybrid,0.035296861114653
0001318605_0000950170-22-000796,total_assets,hybrid,0.035296861114653
0001318605_0000950170-22-000796,total_liabilities,hybrid,0.035296861114653
0001318605_0000950170-22-000796,stockholders_equity,hybrid,0.035296861114653
0001318605_0000950170-22-000796,cash_and_equivalents,hybrid,0.035296861114653
0001318605_0000950170-22-000796,operating_cash_flow,hybrid,0.035296861114653
0001318605_0000950170-23-001409,revenue,hybrid,0.0338813611112224
0001318605_0000950170-23-001409,operating_income,hybrid,0.0338813611112224
0001318605_0000950170-23-001409,net_income,hybrid,0.0338813611112224
0001318605_0000950170-23-001409,eps_diluted,hybrid,0.0338813611112224
0001318605_0000950170-23-001409,total_assets,hybrid,0.0338813611112224
0001318605_0000950170-23-001409,total_liabilities,hybrid,0.0338813611112224
0001318605_0000950170-23-001409,stockholders_equity,hybrid,0.0338813611112224
0001318605_0000950170-23-001409,cash_and_equivalents,hybrid,0.0338813611112224
0001318605_0000950170-23-001409,operating_cash_flow,hybrid,0.0338813611112224
0001318605_0001628280-24-002390,revenue,hybrid,0.030789763886585
0001318605_0001628280-24-002390,operating_income,hybrid,0.030789763886585
0001318605_0001628280-24-002390,net_income,hybrid,0.030789763886585
0001318605_0001628280-24-002390,eps_diluted,hybrid,0.030789763886585
0001318605_0001628280-24-002390,total_assets,hybrid,0.030789763886585
0001318605_0001628280-24-002390,total_liabilities,hybrid,0.030789763886585
0001318605_0001628280-24-002390,stockholders_equity,hybrid,0.030789763886585
0001318605_0001628280-24-002390,cash_and_equivalents,hybrid,0.030789763886585
0001318605_0001628280-24-002390,operating_cash_flow,hybrid,0.030789763886585
0001318605_0001628280-25-003063,revenue,hybrid,0.0302045138863225
0001318605_0001628280-25-003063,operating_income,hybrid,0.0302045138863225
0001318605_0001628280-25-003063,net_income,hybrid,0.0302045138863225
0001318605_0001628280-25-003063,eps_diluted,hybrid,0.0302045138863225
0001318605_0001628280-25-003063,total_assets,hybrid,0.0302045138863225
0001318605_0001628280-25-003063,total_liabilities,hybrid,0.0302045138863225
0001318605_0001628280-25-003063,stockholders_equity,hybrid,0.0302045138863225
0001318605_0001628280-25-003063,cash_and_equivalents,hybrid,0.0302045138863225
0001318605_0001628280-25-003063,operating_cash_flow,hybrid,0.0302045138863225
0001326801_0001326801-20-000013,revenue,hybrid,0.026284398110066
0001326801_0001326801-20-000013,operating_income,hybrid,0.026284398110066
0001326801_0001326801-20-000013,net_income,hybrid,0.026284398110066
0001326801_0001326801-20-000013,eps_diluted,hybrid,0.026284398110066
0001326801_0001326801-20-000013,total_assets,hybrid,0.026284398110066
0001326801_0001326801-20-000013,total_liabilities,hybrid,0.026284398110066
0001326801_0001326801-20-000013,stockholders_equity,hybrid,0.026284398110066
0001326801_0001326801-20-000013,cash_and_equivalents,hybrid,0.026284398110066
0001326801_0001326801-20-000013,operating_cash_flow,hybrid,0.026284398110066
0001326801_0001326801-21-000014,revenue,hybrid,0.0249007037814913
0001326801_0001326801-21-000014,operating_income,hybrid,0.0249007037814913
0001326801_0001326801-21-000014,net_income,hybrid,0.0249007037814913
0001326801_0001326801-21-000014,eps_diluted,hybrid,0.0249007037814913
0001326801_0001326801-21-000014,total_assets,hybrid,0.0249007037814913
0001326801_0001326801-21-000014,total_liabilities,hybrid,0.0249007037814913
0001326801_0001326801-21-000014,stockholders_equity,hybrid,0.0249007037814913
0001326801_0001326801-21-000014,cash_and_equivalents,hybrid,0.0249007037814913
0001326801_0001326801-21-000014,operating_cash_flow,hybrid,0.0249007037814913
0001326801_0001326801-22-000018,revenue,hybrid,0.0248950601089745
0001326801_0001326801-22-000018,operating_income,hybrid,0.0248950601089745
0001326801_0001326801-22-000018,net_income,hybrid,0.0248950601089745
0001326801_0001326801-22-000018,eps_diluted,hybrid,0.0248950601089745
0001326801_0001326801-22-000018,total_assets,hybrid,0.0248950601089745
0001326801_0001326801-22-000018,total_liabilities,hybrid,0.0248950601089745
0001326801_0001326801-22-000018,stockholders_equity,hybrid,0.0248950601089745
0001326801_0001326801-22-000018,cash_and_equivalents,hybrid,0.0248950601089745
0001326801_0001326801-22-000018,operating_cash_flow,hybrid,0.0248950601089745
0001326801_0001326801-23-000013,revenue,hybrid,0.0268732546699336
0001326801_0001326801-23-000013,operating_income,hybrid,0.0268732546699336
0001326801_0001326801-23-000013,net_income,hybrid,0.0268732546699336
0001326801_0001326801-23-000013,eps_diluted,hybrid,0.0268732546699336
0001326801_0001326801-23-000013,total_assets,hybrid,0.0268732546699336
0001326801_0001326801-23-000013,total_liabilities,hybrid,0.0268732546699336
0001326801_0001326801-23-000013,stockholders_equity,hybrid,0.0268732546699336
0001326801_0001326801-23-000013,cash_and_equivalents,hybrid,0.0268732546699336
0001326801_0001326801-23-000013,operating_cash_flow,hybrid,0.0268732546699336
0001326801_0001326801-24-000012,revenue,hybrid,0.026625800884277
0001326801_0001326801-24-000012,operating_income,hybrid,0.026625800884277
0001326801_0001326801-24-000012,net_income,hybrid,0.026625800884277
0001326801_0001326801-24-000012,eps_diluted,hybrid,0.026625800884277
0001326801_0001326801-24-000012,total_assets,hybrid,0.026625800884277
0001326801_0001326801-24-000012,total_liabilities,hybrid,0.026625800884277
0001326801_0001326801-24-000012,stockholders_equity,hybrid,0.026625800884277
0001326801_0001326801-24-000012,cash_and_equivalents,hybrid,0.026625800884277
0001326801_0001326801-24-000012,operating_cash_flow,hybrid,0.026625800884277
0001326801_0001326801-25-000017,revenue,hybrid,0.0262795277780646
0001326801_0001326801-25-000017,operating_income,hybrid,0.0262795277780646
0001326801_0001326801-25-000017,net_income,hybrid,0.0262795277780646
0001326801_0001326801-25-000017,eps_diluted,hybrid,0.0262795277780646
0001326801_0001326801-25-000017,total_assets,hybrid,0.0262795277780646
0001326801_0001326801-25-000017,total_liabilities,hybrid,0.0262795277780646
0001326801_0001326801-25-000017,stockholders_equity,hybrid,0.0262795277780646
0001326801_0001326801-25-000017,cash_and_equivalents,hybrid,0.0262795277780646
0001326801_0001326801-25-000017,operating_cash_flow,hybrid,0.0262795277780646
0001341439_0001564590-19-023119,revenue,hybrid,0.0382553194455492
0001341439_0001564590-19-023119,operating_income,hybrid,0.0382553194455492
0001341439_0001564590-19-023119,net_income,hybrid,0.0382553194455492
0001341439_0001564590-19-023119,eps_diluted,hybrid,0.0382553194455492
0001341439_0001564590-19-023119,total_assets,hybrid,0.0382553194455492
0001341439_0001564590-19-023119,stockholders_equity,hybrid,0.0382553194455492
0001341439_0001564590-19-023119,cash_and_equivalents,hybrid,0.0382553194455492
0001341439_0001564590-19-023119,operating_cash_flow,hybrid,0.0382553194455492
0001341439_0001564590-20-030125,revenue,hybrid,0.0361247685569752
0001341439_0001564590-20-030125,operating_income,hybrid,0.0361247685569752
0001341439_0001564590-20-030125,net_income,hybrid,0.0361247685569752
0001341439_0001564590-20-030125,eps_diluted,hybrid,0.0361247685569752
0001341439_0001564590-20-030125,total_assets,hybrid,0.0361247685569752
0001341439_0001564590-20-030125,stockholders_equity,hybrid,0.0361247685569752
0001341439_0001564590-20-030125,cash_and_equivalents,hybrid,0.0361247685569752
0001341439_0001564590-20-030125,operating_cash_flow,hybrid,0.0361247685569752
0001341439_0001564590-21-033616,revenue,hybrid,0.0347778101115384
0001341439_0001564590-21-033616,operating_income,hybrid,0.0347778101115384
0001341439_0001564590-21-033616,net_income,hybrid,0.0347778101115384
0001341439_0001564590-21-033616,eps_diluted,hybrid,0.0347778101115384
0001341439_0001564590-21-033616,total_assets,hybrid,0.0347778101115384
0001341439_0001564590-21-033616,stockholders_equity,hybrid,0.0347778101115384
0001341439_0001564590-21-033616,cash_and_equivalents,hybrid,0.0347778101115384
0001341439_0001564590-21-033616,operating_cash_flow,hybrid,0.0347778101115384
0001341439_0001564590-22-023675,revenue,hybrid,0.0312530833309412
0001341439_0001564590-22-023675,operating_income,hybrid,0.0312530833309412
0001341439_0001564590-22-023675,net_income,hybrid,0.0312530833309412
0001341439_0001564590-22-023675,eps_diluted,hybrid,0.0312530833309412
0001341439_0001564590-22-023675,total_assets,hybrid,0.0312530833309412
0001341439_0001564590-22-023675,stockholders_equity,hybrid,0.0312530833309412
0001341439_0001564590-22-023675,cash_and_equivalents,hybrid,0.0312530833309412
0001341439_0001564590-22-023675,operating_cash_flow,hybrid,0.0312530833309412
0001341439_0000950170-23-028914,revenue,hybrid,0.0325172268914886
0001341439_0000950170-23-028914,operating_income,hybrid,0.0325172268914886
0001341439_0000950170-23-028914,net_income,hybrid,0.0325172268914886
0001341439_0000950170-23-028914,eps_diluted,hybrid,0.0325172268914886
0001341439_0000950170-23-028914,total_assets,hybrid,0.0325172268914886
0001341439_0000950170-23-028914,stockholders_equity,hybrid,0.0325172268914886
0001341439_0000950170-23-028914,cash_and_equivalents,hybrid,0.0325172268914886
0001341439_0000950170-23-028914,operating_cash_flow,hybrid,0.0325172268914886
0001341439_0000950170-24-075605,revenue,hybrid,0.033519291668199
0001341439_0000950170-24-075605,operating_income,hybrid,0.033519291668199
0001341439_0000950170-24-075605,net_income,hybrid,0.033519291668199
0001341439_0000950170-24-075605,eps_diluted,hybrid,0.033519291668199
0001341439_0000950170-24-075605,total_assets,hybrid,0.033519291668199
0001341439_0000950170-24-075605,stockholders_equity,hybrid,0.033519291668199
0001341439_0000950170-24-075605,cash_and_equivalents,hybrid,0.033519291668199
0001341439_0000950170-24-075605,operating_cash_flow,hybrid,0.033519291668199
0001652044_0001652044-20-000008,revenue,hybrid,0.0310994397797104
0001652044_0001652044-20-000008,operating_income,hybrid,0.0310994397797104
0001652044_0001652044-20-000008,net_income,hybrid,0.0310994397797104
0001652044_0001652044-20-000008,eps_diluted,hybrid,1.6515793517820483
0001652044_0001652044-20-000008,eps_diluted,hybrid,1.6515793517820483
0001652044_0001652044-20-000008,eps_diluted,hybrid,1.6515793517820483
0001652044_0001652044-20-000008,total_assets,hybrid,0.0310994397797104
0001652044_0001652044-20-000008,total_liabilities,hybrid,0.0310994397797104
0001652044_0001652044-20-000008,stockholders_equity,hybrid,0.0310994397797104
0001652044_0001652044-20-000008,cash_and_equivalents,hybrid,0.0310994397797104
0001652044_0001652044-20-000008,operating_cash_flow,hybrid,0.0310994397797104
0001652044_0001652044-21-000010,revenue,hybrid,0.0287154537767896
0001652044_0001652044-21-000010,operating_income,hybrid,0.0287154537767896
0001652044_0001652044-21-000010,net_income,hybrid,0.0287154537767896
0001652044_0001652044-21-000010,eps_diluted,hybrid,1.6733751113287223
0001652044_0001652044-21-000010,eps_diluted,hybrid,1.6733751113287223
0001652044_0001652044-21-000010,eps_diluted,hybrid,1.6733751113287223
0001652044_0001652044-21-000010,total_assets,hybrid,0.0287154537767896
0001652044_0001652044-21-000010,total_liabilities,hybrid,0.0287154537767896
0001652044_0001652044-21-000010,stockholders_equity,hybrid,0.0287154537767896
0001652044_0001652044-21-000010,cash_and_equivalents,hybrid,0.0287154537767896
0001652044_0001652044-21-000010,operating_cash_flow,hybrid,0.0287154537767896
0001652044_0001652044-22-000019,revenue,hybrid,0.0260510972196546
0001652044_0001652044-22-000019,operating_income,hybrid,0.0260510972196546
0001652044_0001652044-22-000019,net_income,hybrid,0.0260510972196546
0001652044_0001652044-22-000019,eps_diluted,hybrid,1.6076350231030825
0001652044_0001652044-22-000019,eps_diluted,hybrid,1.6076350231030825
0001652044_0001652044-22-000019,eps_diluted,hybrid,1.6076350231030825
0001652044_0001652044-22-000019,total_assets,hybrid,0.0260510972196546
0001652044_0001652044-22-000019,total_liabilities,hybrid,0.0260510972196546
0001652044_0001652044-22-000019,stockholders_equity,hybrid,0.0260510972196546
0001652044_0001652044-22-000019,cash_and_equivalents,hybrid,0.0260510972196546
0001652044_0001652044-22-000019,operating_cash_flow,hybrid,0.0260510972196546
0001652044_0001652044-23-000016,revenue,hybrid,0.0277242268914253
0001652044_0001652044-23-000016,operating_income,hybrid,0.0277242268914253
0001652044_0001652044-23-000016,net_income,hybrid,0.0277242268914253
0001652044_0001652044-23-000016,eps_diluted,hybrid,1.6780048473414757
0001652044_0001652044-23-000016,eps_diluted,hybrid,1.6780048473414757
0001652044_0001652044-23-000016,eps_diluted,hybrid,1.6780048473414757
0001652044_0001652044-23-000016,total_assets,hybrid,0.0277242268914253
0001652044_0001652044-23-000016,total_liabilities,hybrid,0.0277242268914253
0001652044_0001652044-23-000016,stockholders_equity,hybrid,0.0277242268914253
0001652044_0001652044-23-000016,cash_and_equivalents,hybrid,0.0277242268914253
0001652044_0001652044-23-000016,operating_cash_flow,hybrid,0.0277242268914253
0001652044_0001652044-24-000022,revenue,hybrid,0.0270831897764259
0001652044_0001652044-24-000022,operating_income,hybrid,0.0270831897764259
0001652044_0001652044-24-000022,net_income,hybrid,0.0270831897764259
0001652044_0001652044-24-000022,eps_diluted,hybrid,1.5935298841068286
0001652044_0001652044-24-000022,eps_diluted,hybrid,1.5935298841068286
0001652044_0001652044-24-000022,eps_diluted,hybrid,1.5935298841068286
0001652044_0001652044-24-000022,total_assets,hybrid,0.0270831897764259
0001652044_0001652044-24-000022,total_liabilities,hybrid,0.0270831897764259
0001652044_0001652044-24-000022,stockholders_equity,hybrid,0.0270831897764259
0001652044_0001652044-24-000022,cash_and_equivalents,hybrid,0.0270831897764259
0001652044_0001652044-24-000022,operating_cash_flow,hybrid,0.0270831897764259
0001652044_0001652044-25-000014,revenue,hybrid,0.0268414630037215
0001652044_0001652044-25-000014,operating_income,hybrid,0.0268414630037215
0001652044_0001652044-25-000014,net_income,hybrid,0.0268414630037215
0001652044_0001652044-25-000014,eps_diluted,hybrid,1.8166711945652625
0001652044_0001652044-25-000014,eps_diluted,hybrid,1.8166711945652625
0001652044_0001652044-25-000014,eps_diluted,hybrid,1.8166711945652625
0001652044_0001652044-25-000014,total_assets,hybrid,0.0268414630037215
0001652044_0001652044-25-000014,total_liabilities,hybrid,0.0268414630037215
0001652044_0001652044-25-000014,stockholders_equity,hybrid,0.0268414630037215
0001652044_0001652044-25-000014,cash_and_equivalents,hybrid,0.0268414630037215
0001652044_0001652044-25-000014,operating_cash_flow,hybrid,0.0268414630037215
0001744489_0001744489-19-000225,revenue,hybrid,0.0669997268899654
0001744489_0001744489-19-000225,operating_income,hybrid,2.1103630464478758
0001744489_0001744489-19-000225,operating_income,hybrid,2.1103630464478758
0001744489_0001744489-19-000225,operating_income,hybrid,2.1103630464478758
0001744489_0001744489-19-000225,net_income,hybrid,0.0669997268899654
0001744489_0001744489-19-000225,eps_diluted,hybrid,2.1103630464478758
0001744489_0001744489-19-000225,eps_diluted,hybrid,2.1103630464478758
0001744489_0001744489-19-000225,eps_diluted,hybrid,2.1103630464478758
0001744489_0001744489-19-000225,total_assets,hybrid,0.0669997268899654
0001744489_0001744489-19-000225,stockholders_equity,hybrid,0.0669997268899654
0001744489_0001744489-19-000225,cash_and_equivalents,hybrid,0.0669997268899654
0001744489_0001744489-19-000225,operating_cash_flow,hybrid,2.1103630464478758
0001744489_0001744489-19-000225,operating_cash_flow,hybrid,2.1103630464478758
0001744489_0001744489-19-000225,operating_cash_flow,hybrid,2.1103630464478758
0001744489_0001744489-20-000197,revenue,hybrid,0.0506900925603177
0001744489_0001744489-20-000197,operating_income,hybrid,2.003659379569904
0001744489_0001744489-20-000197,operating_income,hybrid,2.003659379569904
0001744489_0001744489-20-000197,operating_income,hybrid,2.003659379569904
0001744489_0001744489-20-000197,net_income,hybrid,0.0506900925603177
0001744489_0001744489-20-000197,eps_diluted,hybrid,2.003659379569904
0001744489_0001744489-20-000197,eps_diluted,hybrid,2.003659379569904
0001744489_0001744489-20-000197,eps_diluted,hybrid,2.003659379569904
0001744489_0001744489-20-000197,total_assets,hybrid,0.0506900925603177
0001744489_0001744489-20-000197,stockholders_equity,hybrid,0.0506900925603177
0001744489_0001744489-20-000197,cash_and_equivalents,hybrid,0.0506900925603177
0001744489_0001744489-20-000197,operating_cash_flow,hybrid,2.003659379569904
0001744489_0001744489-20-000197,operating_cash_flow,hybrid,2.003659379569904
0001744489_0001744489-20-000197,operating_cash_flow,hybrid,2.003659379569904
0001744489_0001744489-21-000220,revenue,hybrid,0.048359444448983
0001744489_0001744489-21-000220,operating_income,hybrid,1.977129250126179
0001744489_0001744489-21-000220,operating_income,hybrid,1.977129250126179
0001744489_0001744489-21-000220,operating_income,hybrid,1.977129250126179
0001744489_0001744489-21-000220,net_income,hybrid,0.048359444448983
0001744489_0001744489-21-000220,eps_diluted,hybrid,1.977129250126179
0001744489_0001744489-21-000220,eps_diluted,hybrid,1.977129250126179
0001744489_0001744489-21-000220,eps_diluted,hybrid,1.977129250126179
0001744489_0001744489-21-000220,total_assets,hybrid,0.048359444448983
0001744489_0001744489-21-000220,stockholders_equity,hybrid,0.048359444448983
0001744489_0001744489-21-000220,cash_and_equivalents,hybrid,0.048359444448983
0001744489_0001744489-21-000220,operating_cash_flow,hybrid,1.977129250126179
0001744489_0001744489-21-000220,operating_cash_flow,hybrid,1.977129250126179
0001744489_0001744489-21-000220,operating_cash_flow,hybrid,1.977129250126179
0001744489_0001744489-22-000213,revenue,hybrid,0.0521680510007879
0001744489_0001744489-22-000213,operating_income,hybrid,1.8752035742266644
0001744489_0001744489-22-000213,operating_income,hybrid,1.8752035742266644
0001744489_0001744489-22-000213,operating_income,hybrid,1.8752035742266644
0001744489_0001744489-22-000213,net_income,hybrid,0.0521680510007879
0001744489_0001744489-22-000213,eps_diluted,hybrid,1.8752035742266644
0001744489_0001744489-22-000213,eps_diluted,hybrid,1.8752035742266644
0001744489_0001744489-22-000213,eps_diluted,hybrid,1.8752035742266644
0001744489_0001744489-22-000213,total_assets,hybrid,0.0521680510007879
0001744489_0001744489-22-000213,stockholders_equity,hybrid,0.0521680510007879
0001744489_0001744489-22-000213,cash_and_equivalents,hybrid,0.0521680510007879
0001744489_0001744489-22-000213,operating_cash_flow,hybrid,1.8752035742266644
0001744489_0001744489-22-000213,operating_cash_flow,hybrid,1.8752035742266644
0001744489_0001744489-22-000213,operating_cash_flow,hybrid,1.8752035742266644
0001744489_0001744489-23-000216,revenue,hybrid,0.0699543101105114
0001744489_0001744489-23-000216,operating_income,hybrid,1.9404814812215687
0001744489_0001744489-23-000216,operating_income,hybrid,1.9404814812215687
0001744489_0001744489-23-000216,operating_income,hybrid,1.9404814812215687
0001744489_0001744489-23-000216,net_income,hybrid,0.0699543101105114
0001744489_0001744489-23-000216,eps_diluted,hybrid,1.9404814812215687
0001744489_0001744489-23-000216,eps_diluted,hybrid,1.9404814812215687
0001744489_0001744489-23-000216,eps_diluted,hybrid,1.9404814812215687
0001744489_0001744489-23-000216,total_assets,hybrid,0.0699543101105114
0001744489_0001744489-23-000216,stockholders_equity,hybrid,0.0699543101105114
0001744489_0001744489-23-000216,cash_and_equivalents,hybrid,0.0699543101105114
0001744489_0001744489-23-000216,operating_cash_flow,hybrid,1.9404814812215687
0001744489_0001744489-23-000216,operating_cash_flow,hybrid,1.9404814812215687
0001744489_0001744489-23-000216,operating_cash_flow,hybrid,1.9404814812215687
0001744489_0001744489-24-000276,revenue,hybrid,0.0585426897806529
0001744489_0001744489-24-000276,operating_income,hybrid,2.0673289490077877
0001744489_0001744489-24-000276,operating_income,hybrid,2.0673289490077877
0001744489_0001744489-24-000276,operating_income,hybrid,2.0673289490077877
0001744489_0001744489-24-000276,net_income,hybrid,0.0585426897806529
0001744489_0001744489-24-000276,eps_diluted,hybrid,2.0673289490077877
0001744489_0001744489-24-000276,eps_diluted,hybrid,2.0673289490077877
0001744489_0001744489-24-000276,eps_diluted,hybrid,2.0673289490077877
0001744489_0001744489-24-000276,total_assets,hybrid,0.0585426897806529
0001744489_0001744489-24-000276,stockholders_equity,hybrid,0.0585426897806529
0001744489_0001744489-24-000276,cash_and_equivalents,hybrid,0.0585426897806529
0001744489_0001744489-24-000276,operating_cash_flow,hybrid,2.0673289490077877
0001744489_0001744489-24-000276,operating_cash_flow,hybrid,2.0673289490077877
0001744489_0001744489-24-000276,operating_cash_flow,hybrid,2.0673289490077877
