field,status,table_index,matched_label,scale,column_index,column_period,column_basis,doc_id,method,predicted,seconds,input_tokens,output_tokens,usd
revenue,ok,153.0,net sales,1000000.0,0.0,2019-12-31,header_year,0000066740_0001558370-20-000581,rules,32136000000.0,0.06300741666927934,0,0,0.0
operating_income,ok,153.0,operating income,1000000.0,0.0,2019-12-31,header_year,0000066740_0001558370-20-000581,rules,6174000000.0,0.06300741666927934,0,0,0.0
net_income,ok,153.0,net income attributable to 3m,1000000.0,0.0,2019-12-31,header_year,0000066740_0001558370-20-000581,rules,4570000000.0,0.06300741666927934,0,0,0.0
eps_diluted,ok,153.0,earnings per share attributable to 3m common shareholders diluted,1000000.0,0.0,2019-12-31,header_year,0000066740_0001558370-20-000581,rules,7.81,0.06300741666927934,0,0,0.0
total_assets,ok,155.0,total assets,1000000.0,0.0,2019-12-31,header_year,0000066740_0001558370-20-000581,rules,44659000000.0,0.06300741666927934,0,0,0.0
total_liabilities,ok,155.0,total liabilities,1000000.0,0.0,2019-12-31,header_year,0000066740_0001558370-20-000581,rules,34533000000.0,0.06300741666927934,0,0,0.0
stockholders_equity,ok,155.0,total 3m company shareholders' equity,1000000.0,0.0,2019-12-31,header_year,0000066740_0001558370-20-000581,rules,10063000000.0,0.06300741666927934,0,0,0.0
cash_and_equivalents,ok,155.0,cash and cash equivalents,1000000.0,0.0,2019-12-31,header_year,0000066740_0001558370-20-000581,rules,2353000000.0,0.06300741666927934,0,0,0.0
operating_cash_flow,ok,158.0,net cash provided by (used in) operating activities,1000000.0,0.0,2019-12-31,header_year,0000066740_0001558370-20-000581,rules,7070000000.0,0.06300741666927934,0,0,0.0
revenue,ok,153.0,net sales,1000000.0,0.0,2020-12-31,header_year,0000066740_0001558370-21-000737,rules,32184000000.0,0.06047813421658551,0,0,0.0
operating_income,ok,153.0,operating income,1000000.0,0.0,2020-12-31,header_year,0000066740_0001558370-21-000737,rules,7161000000.0,0.06047813421658551,0,0,0.0
net_income,ok,153.0,net income attributable to 3m,1000000.0,0.0,2020-12-31,header_year,0000066740_0001558370-21-000737,rules,5384000000.0,0.06047813421658551,0,0,0.0
eps_diluted,ok,153.0,earnings per share attributable to 3m common shareholders diluted,1000000.0,0.0,2020-12-31,header_year,0000066740_0001558370-21-000737,rules,9.25,0.06047813421658551,0,0,0.0
total_assets,ok,155.0,total assets,1000000.0,0.0,2020-12-31,header_year,0000066740_0001558370-21-000737,rules,47344000000.0,0.06047813421658551,0,0,0.0
total_liabilities,ok,155.0,total liabilities,1000000.0,0.0,2020-12-31,header_year,0000066740_0001558370-21-000737,rules,34413000000.0,0.06047813421658551,0,0,0.0
stockholders_equity,ok,155.0,total 3m company shareholders' equity,1000000.0,0.0,2020-12-31,header_year,0000066740_0001558370-21-000737,rules,12867000000.0,0.06047813421658551,0,0,0.0
cash_and_equivalents,ok,155.0,cash and cash equivalents,1000000.0,0.0,2020-12-31,header_year,0000066740_0001558370-21-000737,rules,4634000000.0,0.06047813421658551,0,0,0.0
operating_cash_flow,ok,158.0,net cash provided by (used in) operating activities,1000000.0,0.0,2020-12-31,header_year,0000066740_0001558370-21-000737,rules,8113000000.0,0.06047813421658551,0,0,0.0
revenue,ok,34.0,net sales,1000000.0,0.0,2021-12-31,header_year,0000066740_0000066740-22-000010,rules,35355000000.0,0.04815022222464904,0,0,0.0
operating_income,ok,34.0,operating income,1000000.0,0.0,2021-12-31,header_year,0000066740_0000066740-22-000010,rules,7369000000.0,0.04815022222464904,0,0,0.0
net_income,ok,34.0,net income attributable to 3m,1000000.0,0.0,2021-12-31,header_year,0000066740_0000066740-22-000010,rules,5921000000.0,0.04815022222464904,0,0,0.0
eps_diluted,ok,34.0,earnings per share attributable to 3m common shareholders diluted,1000000.0,0.0,2021-12-31,header_year,0000066740_0000066740-22-000010,rules,10.12,0.04815022222464904,0,0,0.0
total_assets,ok,36.0,total assets,1000000.0,0.0,2021-12-31,header_year,0000066740_0000066740-22-000010,rules,47072000000.0,0.04815022222464904,0,0,0.0
total_liabilities,ok,36.0,total liabilities,1000000.0,0.0,2021-12-31,header_year,0000066740_0000066740-22-000010,rules,31955000000.0,0.04815022222464904,0,0,0.0
stockholders_equity,ok,36.0,total 3m company shareholders' equity,1000000.0,0.0,2021-12-31,header_year,0000066740_0000066740-22-000010,rules,15046000000.0,0.04815022222464904,0,0,0.0
cash_and_equivalents,ok,36.0,cash and cash equivalents,1000000.0,0.0,2021-12-31,header_year,0000066740_0000066740-22-000010,rules,4564000000.0,0.04815022222464904,0,0,0.0
operating_cash_flow,ok,39.0,net cash provided by (used in) operating activities,1000000.0,0.0,2021-12-31,header_year,0000066740_0000066740-22-000010,rules,7454000000.0,0.04815022222464904,0,0,0.0
revenue,ok,31.0,net sales,1000000.0,0.0,2022-12-31,header_year,0000066740_0000066740-23-000014,rules,34229000000.0,0.043930388890051596,0,0,0.0
operating_income,ok,31.0,operating income,1000000.0,0.0,2022-12-31,header_year,0000066740_0000066740-23-000014,rules,6539000000.0,0.043930388890051596,0,0,0.0
net_income,ok,31.0,net income attributable to 3m,1000000.0,0.0,2022-12-31,header_year,0000066740_0000066740-23-000014,rules,5777000000.0,0.043930388890051596,0,0,0.0
eps_diluted,ok,31.0,earnings per share attributable to 3m common shareholders diluted,1000000.0,0.0,2022-12-31,header_year,0000066740_0000066740-23-000014,rules,10.18,0.043930388890051596,0,0,0.0
total_assets,ok,33.0,total assets,1000000.0,0.0,2022-12-31,header_year,0000066740_0000066740-23-000014,rules,46455000000.0,0.043930388890051596,0,0,0.0
total_liabilities,ok,33.0,total liabilities,1000000.0,0.0,2022-12-31,header_year,0000066740_0000066740-23-000014,rules,31685000000.0,0.043930388890051596,0,0,0.0
stockholders_equity,ok,33.0,total 3m company shareholders' equity,1000000.0,0.0,2022-12-31,header_year,0000066740_0000066740-23-000014,rules,14722000000.0,0.043930388890051596,0,0,0.0
cash_and_equivalents,ok,33.0,cash and cash equivalents,1000000.0,0.0,2022-12-31,header_year,0000066740_0000066740-23-000014,rules,3655000000.0,0.043930388890051596,0,0,0.0
operating_cash_flow,ok,36.0,net cash provided by (used in) operating activities,1000000.0,0.0,2022-12-31,header_year,0000066740_0000066740-23-000014,rules,5591000000.0,0.043930388890051596,0,0,0.0
revenue,ok,32.0,net sales,1000000.0,0.0,2023-12-31,header_year,0000066740_0000066740-24-000016,rules,32681000000.0,0.03968662033245588,0,0,0.0
operating_income,ok,32.0,operating income (loss),1000000.0,0.0,2023-12-31,header_year,0000066740_0000066740-24-000016,rules,-9128000000.0,0.03968662033245588,0,0,0.0
net_income,ok,32.0,net income (loss) attributable to 3m,1000000.0,0.0,2023-12-31,header_year,0000066740_0000066740-24-000016,rules,-6995000000.0,0.03968662033245588,0,0,0.0
eps_diluted,ok,32.0,earnings (loss) per share attributable to 3m common shareholders diluted,1000000.0,0.0,2023-12-31,header_year,0000066740_0000066740-24-000016,rules,-12.63,0.03968662033245588,0,0,0.0
total_assets,ok,34.0,total assets,1000000.0,0.0,2023-12-31,header_year,0000066740_0000066740-24-000016,rules,50580000000.0,0.03968662033245588,0,0,0.0
total_liabilities,ok,34.0,total liabilities,1000000.0,0.0,2023-12-31,header_year,0000066740_0000066740-24-000016,rules,45712000000.0,0.03968662033245588,0,0,0.0
stockholders_equity,ok,34.0,total 3m company shareholders' equity,1000000.0,0.0,2023-12-31,header_year,0000066740_0000066740-24-000016,rules,4807000000.0,0.03968662033245588,0,0,0.0
cash_and_equivalents,ok,34.0,cash and cash equivalents,1000000.0,0.0,2023-12-31,header_year,0000066740_0000066740-24-000016,rules,5933000000.0,0.03968662033245588,0,0,0.0
operating_cash_flow,ok,37.0,net cash provided by (used in) operating activities,1000000.0,0.0,2023-12-31,header_year,0000066740_0000066740-24-000016,rules,6680000000.0,0.03968662033245588,0,0,0.0
revenue,ok,30.0,net sales,1000000.0,0.0,2024-12-31,header_year,0000066740_0000066740-25-000006,rules,24575000000.0,0.04334856477928244,0,0,0.0
operating_income,ok,30.0,operating income (loss),1000000.0,0.0,2024-12-31,header_year,0000066740_0000066740-25-000006,rules,4822000000.0,0.04334856477928244,0,0,0.0
net_income,ok,30.0,net income (loss) attributable to 3m,1000000.0,0.0,2024-12-31,header_year,0000066740_0000066740-25-000006,rules,4173000000.0,0.04334856477928244,0,0,0.0
eps_diluted,ok,30.0,earnings (loss) per share diluted,1000000.0,0.0,2024-12-31,header_year,0000066740_0000066740-25-000006,rules,7.55,0.04334856477928244,0,0,0.0
total_assets,ok,32.0,total assets,1000000.0,0.0,2024-12-31,header_year,0000066740_0000066740-25-000006,rules,39868000000.0,0.04334856477928244,0,0,0.0
total_liabilities,ok,32.0,total liabilities,1000000.0,0.0,2024-12-31,header_year,0000066740_0000066740-25-000006,rules,35974000000.0,0.04334856477928244,0,0,0.0
stockholders_equity,ok,32.0,total 3m company shareholders' equity,1000000.0,0.0,2024-12-31,header_year,0000066740_0000066740-25-000006,rules,3842000000.0,0.04334856477928244,0,0,0.0
cash_and_equivalents,ok,32.0,cash and cash equivalents,1000000.0,0.0,2024-12-31,header_year,0000066740_0000066740-25-000006,rules,5600000000.0,0.04334856477928244,0,0,0.0
operating_cash_flow,ok,35.0,net cash provided by (used in) operating activities,1000000.0,0.0,2024-12-31,header_year,0000066740_0000066740-25-000006,rules,1819000000.0,0.04334856477928244,0,0,0.0
revenue,ok,257.0,revenues,1000000.0,2.0,2019-12-31,header_year,0001652044_0001652044-20-000008,rules,161857000000.0,0.031099439779710438,0,0,0.0
operating_income,ok,257.0,income from operations,1000000.0,2.0,2019-12-31,header_year,0001652044_0001652044-20-000008,rules,34231000000.0,0.031099439779710438,0,0,0.0
net_income,ok,257.0,net income,1000000.0,2.0,2019-12-31,header_year,0001652044_0001652044-20-000008,rules,34343000000.0,0.031099439779710438,0,0,0.0
eps_diluted,row_not_found,257.0,,1000000.0,2.0,2019-12-31,header_year,0001652044_0001652044-20-000008,rules,,0.031099439779710438,0,0,0.0
total_assets,ok,255.0,total assets,1000000.0,1.0,2019-12-31,header_full_date,0001652044_0001652044-20-000008,rules,275909000000.0,0.031099439779710438,0,0,0.0
total_liabilities,ok,255.0,total liabilities,1000000.0,1.0,2019-12-31,header_full_date,0001652044_0001652044-20-000008,rules,74467000000.0,0.031099439779710438,0,0,0.0
stockholders_equity,ok,255.0,total stockholders' equity,1000000.0,1.0,2019-12-31,header_full_date,0001652044_0001652044-20-000008,rules,201442000000.0,0.031099439779710438,0,0,0.0
cash_and_equivalents,ok,255.0,cash and cash equivalents,1000000.0,1.0,2019-12-31,header_full_date,0001652044_0001652044-20-000008,rules,18498000000.0,0.031099439779710438,0,0,0.0
operating_cash_flow,ok,263.0,net cash provided by operating activities,1000000.0,2.0,2019-12-31,header_year,0001652044_0001652044-20-000008,rules,54520000000.0,0.031099439779710438,0,0,0.0
revenue,ok,90.0,revenues,1000000.0,2.0,2020-12-31,header_year,0001652044_0001652044-21-000010,rules,182527000000.0,0.02871545377678962,0,0,0.0
operating_income,ok,90.0,income from operations,1000000.0,2.0,2020-12-31,header_year,0001652044_0001652044-21-000010,rules,41224000000.0,0.02871545377678962,0,0,0.0
net_income,ok,90.0,net income,1000000.0,2.0,2020-12-31,header_year,0001652044_0001652044-21-000010,rules,40269000000.0,0.02871545377678962,0,0,0.0
eps_diluted,row_not_found,90.0,,1000000.0,2.0,2020-12-31,header_year,0001652044_0001652044-21-000010,rules,,0.02871545377678962,0,0,0.0
total_assets,ok,88.0,total assets,1000000.0,1.0,2020-12-31,header_full_date,0001652044_0001652044-21-000010,rules,319616000000.0,0.02871545377678962,0,0,0.0
total_liabilities,ok,88.0,total liabilities,1000000.0,1.0,2020-12-31,header_full_date,0001652044_0001652044-21-000010,rules,97072000000.0,0.02871545377678962,0,0,0.0
stockholders_equity,ok,88.0,total stockholders' equity,1000000.0,1.0,2020-12-31,header_full_date,0001652044_0001652044-21-000010,rules,222544000000.0,0.02871545377678962,0,0,0.0
cash_and_equivalents,ok,88.0,cash and cash equivalents,1000000.0,1.0,2020-12-31,header_full_date,0001652044_0001652044-21-000010,rules,26465000000.0,0.02871545377678962,0,0,0.0
operating_cash_flow,ok,96.0,net cash provided by operating activities,1000000.0,2.0,2020-12-31,header_year,0001652044_0001652044-21-000010,rules,65124000000.0,0.02871545377678962,0,0,0.0
revenue,ok,81.0,revenues,1000000.0,2.0,2021-12-31,header_year,0001652044_0001652044-22-000019,rules,257637000000.0,0.026051097219654668,0,0,0.0
operating_income,ok,81.0,income from operations,1000000.0,2.0,2021-12-31,header_year,0001652044_0001652044-22-000019,rules,78714000000.0,0.026051097219654668,0,0,0.0
net_income,ok,81.0,net income,1000000.0,2.0,2021-12-31,header_year,0001652044_0001652044-22-000019,rules,76033000000.0,0.026051097219654668,0,0,0.0
eps_diluted,row_not_found,81.0,,1000000.0,2.0,2021-12-31,header_year,0001652044_0001652044-22-000019,rules,,0.026051097219654668,0,0,0.0
total_assets,ok,79.0,total assets,1000000.0,1.0,2021-12-31,header_year,0001652044_0001652044-22-000019,rules,359268000000.0,0.026051097219654668,0,0,0.0
total_liabilities,ok,79.0,total liabilities,1000000.0,1.0,2021-12-31,header_year,0001652044_0001652044-22-000019,rules,107633000000.0,0.026051097219654668,0,0,0.0
stockholders_equity,ok,79.0,total stockholders' equity,1000000.0,1.0,2021-12-31,header_year,0001652044_0001652044-22-000019,rules,251635000000.0,0.026051097219654668,0,0,0.0
cash_and_equivalents,ok,79.0,cash and cash equivalents,1000000.0,1.0,2021-12-31,header_year,0001652044_0001652044-22-000019,rules,20945000000.0,0.026051097219654668,0,0,0.0
operating_cash_flow,ok,87.0,net cash provided by operating activities,1000000.0,2.0,2021-12-31,header_year,0001652044_0001652044-22-000019,rules,91652000000.0,0.026051097219654668,0,0,0.0
revenue,ok,79.0,revenues,1000000.0,2.0,2022-12-31,header_year,0001652044_0001652044-23-000016,rules,282836000000.0,0.027724226891425334,0,0,0.0
operating_income,ok,79.0,income from operations,1000000.0,2.0,2022-12-31,header_year,0001652044_0001652044-23-000016,rules,74842000000.0,0.027724226891425334,0,0,0.0
net_income,ok,79.0,net income,1000000.0,2.0,2022-12-31,header_year,0001652044_0001652044-23-000016,rules,59972000000.0,0.027724226891425334,0,0,0.0
eps_diluted,row_not_found,79.0,,1000000.0,2.0,2022-12-31,header_year,0001652044_0001652044-23-000016,rules,,0.027724226891425334,0,0,0.0
total_assets,ok,77.0,total assets,1000000.0,1.0,2022-12-31,header_year,0001652044_0001652044-23-000016,rules,365264000000.0,0.027724226891425334,0,0,0.0
total_liabilities,ok,77.0,total liabilities,1000000.0,1.0,2022-12-31,header_year,0001652044_0001652044-23-000016,rules,109120000000.0,0.027724226891425334,0,0,0.0
stockholders_equity,ok,77.0,total stockholders' equity,1000000.0,1.0,2022-12-31,header_year,0001652044_0001652044-23-000016,rules,256144000000.0,0.027724226891425334,0,0,0.0
cash_and_equivalents,ok,77.0,cash and cash equivalents,1000000.0,1.0,2022-12-31,header_year,0001652044_0001652044-23-000016,rules,21879000000.0,0.027724226891425334,0,0,0.0
operating_cash_flow,ok,85.0,net cash provided by operating activities,1000000.0,2.0,2022-12-31,header_year,0001652044_0001652044-23-000016,rules,91495000000.0,0.027724226891425334,0,0,0.0
revenue,ok,83.0,revenues,1000000.0,2.0,2023-12-31,header_year,0001652044_0001652044-24-000022,rules,307394000000.0,0.027083189776425973,0,0,0.0
operating_income,ok,83.0,income from operations,1000000.0,2.0,2023-12-31,header_year,0001652044_0001652044-24-000022,rules,84293000000.0,0.027083189776425973,0,0,0.0
net_income,ok,83.0,net income,1000000.0,2.0,2023-12-31,header_year,0001652044_0001652044-24-000022,rules,73795000000.0,0.027083189776425973,0,0,0.0
eps_diluted,row_not_found,83.0,,1000000.0,2.0,2023-12-31,header_year,0001652044_0001652044-24-000022,rules,,0.027083189776425973,0,0,0.0
total_assets,ok,81.0,total assets,1000000.0,1.0,2023-12-31,header_year,0001652044_0001652044-24-000022,rules,402392000000.0,0.027083189776425973,0,0,0.0
total_liabilities,ok,81.0,total liabilities,1000000.0,1.0,2023-12-31,header_year,0001652044_0001652044-24-000022,rules,119013000000.0,0.027083189776425973,0,0,0.0
stockholders_equity,ok,81.0,total stockholders' equity,1000000.0,1.0,2023-12-31,header_year,0001652044_0001652044-24-000022,rules,283379000000.0,0.027083189776425973,0,0,0.0
cash_and_equivalents,ok,81.0,cash and cash equivalents,1000000.0,1.0,2023-12-31,header_year,0001652044_0001652044-24-000022,rules,24048000000.0,0.027083189776425973,0,0,0.0
operating_cash_flow,ok,89.0,net cash provided by operating activities,1000000.0,2.0,2023-12-31,header_year,0001652044_0001652044-24-000022,rules,101746000000.0,0.027083189776425973,0,0,0.0
revenue,ok,84.0,revenues,1000000.0,2.0,2024-12-31,header_year,0001652044_0001652044-25-000014,rules,350018000000.0,0.0268414630037215,0,0,0.0
operating_income,ok,84.0,income from operations,1000000.0,2.0,2024-12-31,header_year,0001652044_0001652044-25-000014,rules,112390000000.0,0.0268414630037215,0,0,0.0
net_income,ok,84.0,net income,1000000.0,2.0,2024-12-31,header_year,0001652044_0001652044-25-000014,rules,100118000000.0,0.0268414630037215,0,0,0.0
eps_diluted,row_not_found,84.0,,1000000.0,2.0,2024-12-31,header_year,0001652044_0001652044-25-000014,rules,,0.0268414630037215,0,0,0.0
total_assets,ok,82.0,total assets,1000000.0,1.0,2024-12-31,header_year,0001652044_0001652044-25-000014,rules,450256000000.0,0.0268414630037215,0,0,0.0
total_liabilities,ok,82.0,total liabilities,1000000.0,1.0,2024-12-31,header_year,0001652044_0001652044-25-000014,rules,125172000000.0,0.0268414630037215,0,0,0.0
stockholders_equity,ok,82.0,total stockholders' equity,1000000.0,1.0,2024-12-31,header_year,0001652044_0001652044-25-000014,rules,325084000000.0,0.0268414630037215,0,0,0.0
cash_and_equivalents,ok,82.0,cash and cash equivalents,1000000.0,1.0,2024-12-31,header_year,0001652044_0001652044-25-000014,rules,23466000000.0,0.0268414630037215,0,0,0.0
operating_cash_flow,ok,90.0,net cash provided by operating activities,1000000.0,2.0,2024-12-31,header_year,0001652044_0001652044-25-000014,rules,125299000000.0,0.0268414630037215,0,0,0.0
revenue,ok,118.0,total net sales,1000000.0,2.0,2019-12-31,header_year,0001018724_0001018724-20-000004,rules,280522000000.0,0.02490149532806956,0,0,0.0
operating_income,ok,118.0,operating income,1000000.0,2.0,2019-12-31,header_year,0001018724_0001018724-20-000004,rules,14541000000.0,0.02490149532806956,0,0,0.0
net_income,ok,118.0,net income,1000000.0,2.0,2019-12-31,header_year,0001018724_0001018724-20-000004,rules,11588000000.0,0.02490149532806956,0,0,0.0
eps_diluted,ok,118.0,diluted,1000000.0,2.0,2019-12-31,header_year,0001018724_0001018724-20-000004,rules,504.0,0.02490149532806956,0,0,0.0
total_assets,ok,120.0,total assets,1000000.0,1.0,2019-12-31,header_year,0001018724_0001018724-20-000004,rules,225248000000.0,0.02490149532806956,0,0,0.0
total_liabilities,row_not_found,120.0,,1000000.0,1.0,2019-12-31,header_year,0001018724_0001018724-20-000004,rules,,0.02490149532806956,0,0,0.0
stockholders_equity,ok,120.0,total stockholders' equity,1000000.0,1.0,2019-12-31,header_year,0001018724_0001018724-20-000004,rules,62060000000.0,0.02490149532806956,0,0,0.0
cash_and_equivalents,ok,120.0,cash and cash equivalents,1000000.0,1.0,2019-12-31,header_year,0001018724_0001018724-20-000004,rules,36092000000.0,0.02490149532806956,0,0,0.0
operating_cash_flow,ok,117.0,net cash provided by (used in) operating activities,1000000.0,2.0,2019-12-31,header_year,0001018724_0001018724-20-000004,rules,38514000000.0,0.02490149532806956,0,0,0.0
revenue,ok,38.0,total net sales,1000000.0,2.0,2020-12-31,header_year,0001018724_0001018724-21-000004,rules,386064000000.0,0.02184724078203241,0,0,0.0
operating_income,ok,38.0,operating income,1000000.0,2.0,2020-12-31,header_year,0001018724_0001018724-21-000004,rules,22899000000.0,0.02184724078203241,0,0,0.0
net_income,ok,38.0,net income,1000000.0,2.0,2020-12-31,header_year,0001018724_0001018724-21-000004,rules,21331000000.0,0.02184724078203241,0,0,0.0
eps_diluted,ok,38.0,diluted,1000000.0,2.0,2020-12-31,header_year,0001018724_0001018724-21-000004,rules,510.0,0.02184724078203241,0,0,0.0
total_assets,ok,40.0,total assets,1000000.0,1.0,2020-12-31,header_year,0001018724_0001018724-21-000004,rules,321195000000.0,0.02184724078203241,0,0,0.0
total_liabilities,row_not_found,40.0,,1000000.0,1.0,2020-12-31,header_year,0001018724_0001018724-21-000004,rules,,0.02184724078203241,0,0,0.0
stockholders_equity,ok,40.0,total stockholders' equity,1000000.0,1.0,2020-12-31,header_year,0001018724_0001018724-21-000004,rules,93404000000.0,0.02184724078203241,0,0,0.0
cash_and_equivalents,ok,40.0,cash and cash equivalents,1000000.0,1.0,2020-12-31,header_year,0001018724_0001018724-21-000004,rules,42122000000.0,0.02184724078203241,0,0,0.0
operating_cash_flow,ok,37.0,net cash provided by (used in) operating activities,1000000.0,2.0,2020-12-31,header_year,0001018724_0001018724-21-000004,rules,66064000000.0,0.02184724078203241,0,0,0.0
revenue,ok,36.0,total net sales,1000000.0,2.0,2021-12-31,header_year,0001018724_0001018724-22-000005,rules,469822000000.0,0.022288157442946814,0,0,0.0
operating_income,ok,36.0,operating income,1000000.0,2.0,2021-12-31,header_year,0001018724_0001018724-22-000005,rules,24879000000.0,0.022288157442946814,0,0,0.0
net_income,ok,36.0,net income,1000000.0,2.0,2021-12-31,header_year,0001018724_0001018724-22-000005,rules,33364000000.0,0.022288157442946814,0,0,0.0
eps_diluted,ok,36.0,diluted,1000000.0,2.0,2021-12-31,header_year,0001018724_0001018724-22-000005,rules,515.0,0.022288157442946814,0,0,0.0
total_assets,ok,38.0,total assets,1000000.0,1.0,2021-12-31,header_year,0001018724_0001018724-22-000005,rules,420549000000.0,0.022288157442946814,0,0,0.0
total_liabilities,row_not_found,38.0,,1000000.0,1.0,2021-12-31,header_year,0001018724_0001018724-22-000005,rules,,0.022288157442946814,0,0,0.0
stockholders_equity,ok,38.0,total stockholders' equity,1000000.0,1.0,2021-12-31,header_year,0001018724_0001018724-22-000005,rules,138245000000.0,0.022288157442946814,0,0,0.0
cash_and_equivalents,ok,38.0,cash and cash equivalents,1000000.0,1.0,2021-12-31,header_year,0001018724_0001018724-22-000005,rules,36220000000.0,0.022288157442946814,0,0,0.0
operating_cash_flow,ok,35.0,net cash provided by (used in) operating activities,1000000.0,2.0,2021-12-31,header_year,0001018724_0001018724-22-000005,rules,46327000000.0,0.022288157442946814,0,0,0.0
revenue,ok,36.0,total net sales,1000000.0,2.0,2022-12-31,header_year,0001018724_0001018724-23-000004,rules,513983000000.0,0.023307328662162438,0,0,0.0
operating_income,ok,36.0,operating income,1000000.0,2.0,2022-12-31,header_year,0001018724_0001018724-23-000004,rules,12248000000.0,0.023307328662162438,0,0,0.0
net_income,ok,36.0,net income (loss),1000000.0,2.0,2022-12-31,header_year,0001018724_0001018724-23-000004,rules,-2722000000.0,0.023307328662162438,0,0,0.0
eps_diluted,ok,36.0,diluted earnings per share,1000000.0,2.0,2022-12-31,header_year,0001018724_0001018724-23-000004,rules,-0.27,0.023307328662162438,0,0,0.0
total_assets,ok,38.0,total assets,1000000.0,1.0,2022-12-31,header_year,0001018724_0001018724-23-000004,rules,462675000000.0,0.023307328662162438,0,0,0.0
total_liabilities,row_not_found,38.0,,1000000.0,1.0,2022-12-31,header_year,0001018724_0001018724-23-000004,rules,,0.023307328662162438,0,0,0.0
stockholders_equity,ok,38.0,total stockholders' equity,1000000.0,1.0,2022-12-31,header_year,0001018724_0001018724-23-000004,rules,146043000000.0,0.023307328662162438,0,0,0.0
cash_and_equivalents,ok,38.0,cash and cash equivalents,1000000.0,1.0,2022-12-31,header_year,0001018724_0001018724-23-000004,rules,53888000000.0,0.023307328662162438,0,0,0.0
operating_cash_flow,ok,35.0,net cash provided by (used in) operating activities,1000000.0,2.0,2022-12-31,header_year,0001018724_0001018724-23-000004,rules,46752000000.0,0.023307328662162438,0,0,0.0
revenue,ok,37.0,total net sales,1000000.0,2.0,2023-12-31,header_year,0001018724_0001018724-24-000008,rules,574785000000.0,0.022642009225415274,0,0,0.0
operating_income,ok,37.0,operating income,1000000.0,2.0,2023-12-31,header_year,0001018724_0001018724-24-000008,rules,36852000000.0,0.022642009225415274,0,0,0.0
net_income,ok,37.0,net income (loss),1000000.0,2.0,2023-12-31,header_year,0001018724_0001018724-24-000008,rules,30425000000.0,0.022642009225415274,0,0,0.0
eps_diluted,ok,37.0,diluted earnings per share,1000000.0,2.0,2023-12-31,header_year,0001018724_0001018724-24-000008,rules,2.9,0.022642009225415274,0,0,0.0
total_assets,ok,39.0,total assets,1000000.0,1.0,2023-12-31,header_year,0001018724_0001018724-24-000008,rules,527854000000.0,0.022642009225415274,0,0,0.0
total_liabilities,row_not_found,39.0,,1000000.0,1.0,2023-12-31,header_year,0001018724_0001018724-24-000008,rules,,0.022642009225415274,0,0,0.0
stockholders_equity,ok,39.0,total stockholders' equity,1000000.0,1.0,2023-12-31,header_year,0001018724_0001018724-24-000008,rules,201875000000.0,0.022642009225415274,0,0,0.0
cash_and_equivalents,ok,39.0,cash and cash equivalents,1000000.0,1.0,2023-12-31,header_year,0001018724_0001018724-24-000008,rules,73387000000.0,0.022642009225415274,0,0,0.0
operating_cash_flow,ok,36.0,net cash provided by (used in) operating activities,1000000.0,2.0,2023-12-31,header_year,0001018724_0001018724-24-000008,rules,84946000000.0,0.022642009225415274,0,0,0.0
revenue,ok,37.0,total net sales,1000000.0,2.0,2024-12-31,header_year,0001018724_0001018724-25-000004,rules,637959000000.0,0.021017351776309725,0,0,0.0
operating_income,ok,37.0,operating income,1000000.0,2.0,2024-12-31,header_year,0001018724_0001018724-25-000004,rules,68593000000.0,0.021017351776309725,0,0,0.0
net_income,ok,37.0,net income (loss),1000000.0,2.0,2024-12-31,header_year,0001018724_0001018724-25-000004,rules,59248000000.0,0.021017351776309725,0,0,0.0
eps_diluted,ok,37.0,diluted earnings per share,1000000.0,2.0,2024-12-31,header_year,0001018724_0001018724-25-000004,rules,5.53,0.021017351776309725,0,0,0.0
total_assets,ok,39.0,total assets,1000000.0,1.0,2024-12-31,header_year,0001018724_0001018724-25-000004,rules,624894000000.0,0.021017351776309725,0,0,0.0
total_liabilities,row_not_found,39.0,,1000000.0,1.0,2024-12-31,header_year,0001018724_0001018724-25-000004,rules,,0.021017351776309725,0,0,0.0
stockholders_equity,ok,39.0,total stockholders' equity,1000000.0,1.0,2024-12-31,header_year,0001018724_0001018724-25-000004,rules,285970000000.0,0.021017351776309725,0,0,0.0
cash_and_equivalents,ok,39.0,cash and cash equivalents,1000000.0,1.0,2024-12-31,header_year,0001018724_0001018724-25-000004,rules,78779000000.0,0.021017351776309725,0,0,0.0
operating_cash_flow,ok,36.0,net cash provided by (used in) operating activities,1000000.0,2.0,2024-12-31,header_year,0001018724_0001018724-25-000004,rules,115877000000.0,0.021017351776309725,0,0,0.0
revenue,ok,43.0,total net sales,1000000.0,0.0,2019-09-28,header_full_date,0000320193_0000320193-19-000119,rules,260174000000.0,0.022037055556817602,0,0,0.0
operating_income,ok,43.0,operating income,1000000.0,0.0,2019-09-28,header_full_date,0000320193_0000320193-19-000119,rules,63930000000.0,0.022037055556817602,0,0,0.0
net_income,ok,43.0,net income,1000000.0,0.0,2019-09-28,header_full_date,0000320193_0000320193-19-000119,rules,55256000000.0,0.022037055556817602,0,0,0.0
eps_diluted,ok,43.0,diluted,1000000.0,0.0,2019-09-28,header_full_date,0000320193_0000320193-19-000119,rules,11.89,0.022037055556817602,0,0,0.0
total_assets,ok,45.0,total assets,1000000.0,0.0,2019-09-28,header_full_date,0000320193_0000320193-19-000119,rules,338516000000.0,0.022037055556817602,0,0,0.0
total_liabilities,ok,45.0,total liabilities,1000000.0,0.0,2019-09-28,header_full_date,0000320193_0000320193-19-000119,rules,248028000000.0,0.022037055556817602,0,0,0.0
stockholders_equity,ok,45.0,total shareholders' equity,1000000.0,0.0,2019-09-28,header_full_date,0000320193_0000320193-19-000119,rules,90488000000.0,0.022037055556817602,0,0,0.0
cash_and_equivalents,ok,45.0,cash and cash equivalents,1000000.0,0.0,2019-09-28,header_full_date,0000320193_0000320193-19-000119,rules,48844000000.0,0.022037055556817602,0,0,0.0
operating_cash_flow,ok,47.0,cash generated by operating activities,1000000.0,0.0,2019-09-28,header_full_date,0000320193_0000320193-19-000119,rules,69391000000.0,0.022037055556817602,0,0,0.0
revenue,ok,25.0,total net sales,1000000.0,0.0,2020-09-26,header_full_date,0000320193_0000320193-20-000096,rules,274515000000.0,0.031100874999538064,0,0,0.0
operating_income,ok,25.0,operating income,1000000.0,0.0,2020-09-26,header_full_date,0000320193_0000320193-20-000096,rules,66288000000.0,0.031100874999538064,0,0,0.0
net_income,ok,25.0,net income,1000000.0,0.0,2020-09-26,header_full_date,0000320193_0000320193-20-000096,rules,57411000000.0,0.031100874999538064,0,0,0.0
eps_diluted,ok,25.0,diluted,1000000.0,0.0,2020-09-26,header_full_date,0000320193_0000320193-20-000096,rules,3.28,0.031100874999538064,0,0,0.0
total_assets,ok,27.0,total assets,1000000.0,0.0,2020-09-26,header_full_date,0000320193_0000320193-20-000096,rules,323888000000.0,0.031100874999538064,0,0,0.0
total_liabilities,ok,27.0,total liabilities,1000000.0,0.0,2020-09-26,header_full_date,0000320193_0000320193-20-000096,rules,258549000000.0,0.031100874999538064,0,0,0.0
stockholders_equity,ok,27.0,total shareholders' equity,1000000.0,0.0,2020-09-26,header_full_date,0000320193_0000320193-20-000096,rules,65339000000.0,0.031100874999538064,0,0,0.0
cash_and_equivalents,ok,27.0,cash and cash equivalents,1000000.0,0.0,2020-09-26,header_full_date,0000320193_0000320193-20-000096,rules,38016000000.0,0.031100874999538064,0,0,0.0
operating_cash_flow,ok,29.0,cash generated by operating activities,1000000.0,0.0,2020-09-26,header_full_date,0000320193_0000320193-20-000096,rules,80674000000.0,0.031100874999538064,0,0,0.0
revenue,ok,22.0,total net sales,1000000.0,0.0,2021-09-25,header_full_date,0000320193_0000320193-21-000105,rules,365817000000.0,0.019422402780037373,0,0,0.0
operating_income,ok,22.0,operating income,1000000.0,0.0,2021-09-25,header_full_date,0000320193_0000320193-21-000105,rules,108949000000.0,0.019422402780037373,0,0,0.0
net_income,ok,22.0,net income,1000000.0,0.0,2021-09-25,header_full_date,0000320193_0000320193-21-000105,rules,94680000000.0,0.019422402780037373,0,0,0.0
eps_diluted,ok,22.0,diluted,1000000.0,0.0,2021-09-25,header_full_date,0000320193_0000320193-21-000105,rules,5.61,0.019422402780037373,0,0,0.0
total_assets,ok,24.0,total assets,1000000.0,0.0,2021-09-25,header_full_date,0000320193_0000320193-21-000105,rules,351002000000.0,0.019422402780037373,0,0,0.0
total_liabilities,ok,24.0,total liabilities,1000000.0,0.0,2021-09-25,header_full_date,0000320193_0000320193-21-000105,rules,287912000000.0,0.019422402780037373,0,0,0.0
stockholders_equity,ok,24.0,total shareholders' equity,1000000.0,0.0,2021-09-25,header_full_date,0000320193_0000320193-21-000105,rules,63090000000.0,0.019422402780037373,0,0,0.0
cash_and_equivalents,ok,24.0,cash and cash equivalents,1000000.0,0.0,2021-09-25,header_full_date,0000320193_0000320193-21-000105,rules,34940000000.0,0.019422402780037373,0,0,0.0
operating_cash_flow,ok,26.0,cash generated by operating activities,1000000.0,0.0,2021-09-25,header_full_date,0000320193_0000320193-21-000105,rules,104038000000.0,0.019422402780037373,0,0,0.0
revenue,ok,22.0,total net sales,1000000.0,0.0,2022-09-24,header_full_date,0000320193_0000320193-22-000108,rules,394328000000.0,0.018657324111296072,0,0,0.0
operating_income,ok,22.0,operating income,1000000.0,0.0,2022-09-24,header_full_date,0000320193_0000320193-22-000108,rules,119437000000.0,0.018657324111296072,0,0,0.0
net_income,ok,22.0,net income,1000000.0,0.0,2022-09-24,header_full_date,0000320193_0000320193-22-000108,rules,99803000000.0,0.018657324111296072,0,0,0.0
eps_diluted,ok,22.0,diluted,1000000.0,0.0,2022-09-24,header_full_date,0000320193_0000320193-22-000108,rules,6.11,0.018657324111296072,0,0,0.0
total_assets,ok,24.0,total assets,1000000.0,0.0,2022-09-24,header_full_date,0000320193_0000320193-22-000108,rules,352755000000.0,0.018657324111296072,0,0,0.0
total_liabilities,ok,24.0,total liabilities,1000000.0,0.0,2022-09-24,header_full_date,0000320193_0000320193-22-000108,rules,302083000000.0,0.018657324111296072,0,0,0.0
stockholders_equity,ok,24.0,total shareholders' equity,1000000.0,0.0,2022-09-24,header_full_date,0000320193_0000320193-22-000108,rules,50672000000.0,0.018657324111296072,0,0,0.0
cash_and_equivalents,ok,24.0,cash and cash equivalents,1000000.0,0.0,2022-09-24,header_full_date,0000320193_0000320193-22-000108,rules,23646000000.0,0.018657324111296072,0,0,0.0
operating_cash_flow,ok,26.0,cash generated by operating activities,1000000.0,0.0,2022-09-24,header_full_date,0000320193_0000320193-22-000108,rules,122151000000.0,0.018657324111296072,0,0,0.0
revenue,ok,22.0,total net sales,1000000.0,0.0,2023-09-30,header_full_date,0000320193_0000320193-23-000106,rules,383285000000.0,0.016936796225814357,0,0,0.0
operating_income,ok,22.0,operating income,1000000.0,0.0,2023-09-30,header_full_date,0000320193_0000320193-23-000106,rules,114301000000.0,0.016936796225814357,0,0,0.0
net_income,ok,22.0,net income,1000000.0,0.0,2023-09-30,header_full_date,0000320193_0000320193-23-000106,rules,96995000000.0,0.016936796225814357,0,0,0.0
eps_diluted,ok,22.0,diluted,1000000.0,0.0,2023-09-30,header_full_date,0000320193_0000320193-23-000106,rules,6.13,0.016936796225814357,0,0,0.0
total_assets,ok,24.0,total assets,1000000.0,0.0,2023-09-30,header_full_date,0000320193_0000320193-23-000106,rules,352583000000.0,0.016936796225814357,0,0,0.0
total_liabilities,ok,24.0,total liabilities,1000000.0,0.0,2023-09-30,header_full_date,0000320193_0000320193-23-000106,rules,290437000000.0,0.016936796225814357,0,0,0.0
stockholders_equity,ok,24.0,total shareholders' equity,1000000.0,0.0,2023-09-30,header_full_date,0000320193_0000320193-23-000106,rules,62146000000.0,0.016936796225814357,0,0,0.0
cash_and_equivalents,ok,24.0,cash and cash equivalents,1000000.0,0.0,2023-09-30,header_full_date,0000320193_0000320193-23-000106,rules,29965000000.0,0.016936796225814357,0,0,0.0
operating_cash_flow,ok,26.0,cash generated by operating activities,1000000.0,0.0,2023-09-30,header_full_date,0000320193_0000320193-23-000106,rules,110543000000.0,0.016936796225814357,0,0,0.0
revenue,ok,22.0,total net sales,1000000.0,0.0,2024-09-28,header_full_date,0000320193_0000320193-24-000123,rules,391035000000.0,0.017323161999229342,0,0,0.0
operating_income,ok,22.0,operating income,1000000.0,0.0,2024-09-28,header_full_date,0000320193_0000320193-24-000123,rules,123216000000.0,0.017323161999229342,0,0,0.0
net_income,ok,22.0,net income,1000000.0,0.0,2024-09-28,header_full_date,0000320193_0000320193-24-000123,rules,93736000000.0,0.017323161999229342,0,0,0.0
eps_diluted,ok,22.0,diluted,1000000.0,0.0,2024-09-28,header_full_date,0000320193_0000320193-24-000123,rules,6.08,0.017323161999229342,0,0,0.0
total_assets,ok,24.0,total assets,1000000.0,0.0,2024-09-28,header_full_date,0000320193_0000320193-24-000123,rules,364980000000.0,0.017323161999229342,0,0,0.0
total_liabilities,ok,24.0,total liabilities,1000000.0,0.0,2024-09-28,header_full_date,0000320193_0000320193-24-000123,rules,308030000000.0,0.017323161999229342,0,0,0.0
stockholders_equity,ok,24.0,total shareholders' equity,1000000.0,0.0,2024-09-28,header_full_date,0000320193_0000320193-24-000123,rules,56950000000.0,0.017323161999229342,0,0,0.0
cash_and_equivalents,ok,24.0,cash and cash equivalents,1000000.0,0.0,2024-09-28,header_full_date,0000320193_0000320193-24-000123,rules,29943000000.0,0.017323161999229342,0,0,0.0
operating_cash_flow,ok,26.0,cash generated by operating activities,1000000.0,0.0,2024-09-28,header_full_date,0000320193_0000320193-24-000123,rules,118254000000.0,0.017323161999229342,0,0,0.0
revenue,row_not_found,229.0,,1000000.0,0.0,2019-12-31,header_year,0000018230_0000018230-20-000056,rules,,0.07237700922026609,0,0,0.0
operating_income,ok,229.0,operating profit,1000000.0,0.0,2019-12-31,header_year,0000018230_0000018230-20-000056,rules,8290000000.0,0.07237700922026609,0,0,0.0
net_income,row_not_found,229.0,,1000000.0,0.0,2019-12-31,header_year,0000018230_0000018230-20-000056,rules,,0.07237700922026609,0,0,0.0
eps_diluted,row_not_found,229.0,,1000000.0,0.0,2019-12-31,header_year,0000018230_0000018230-20-000056,rules,,0.07237700922026609,0,0,0.0
total_assets,ok,202.0,total assets,1000000.0,0.0,2019-12-31,header_year,0000018230_0000018230-20-000056,rules,78453000000.0,0.07237700922026609,0,0,0.0
total_liabilities,ok,202.0,total liabilities,1000000.0,0.0,2019-12-31,header_year,0000018230_0000018230-20-000056,rules,63824000000.0,0.07237700922026609,0,0,0.0
stockholders_equity,ok,202.0,total shareholders' equity,1000000.0,0.0,2019-12-31,header_year,0000018230_0000018230-20-000056,rules,14629000000.0,0.07237700922026609,0,0,0.0
cash_and_equivalents,row_not_found,202.0,,1000000.0,0.0,2019-12-31,header_year,0000018230_0000018230-20-000056,rules,,0.07237700922026609,0,0,0.0
operating_cash_flow,ok,214.0,net cash provided by (used for) operating activities,1000000.0,0.0,2019-12-31,header_year,0000018230_0000018230-20-000056,rules,6912000000.0,0.07237700922026609,0,0,0.0
revenue,row_not_found,56.0,,1000000.0,0.0,2020-12-31,header_year,0000018230_0000018230-21-000063,rules,,0.07287105088794811,0,0,0.0
operating_income,ok,56.0,operating profit,1000000.0,0.0,2020-12-31,header_year,0000018230_0000018230-21-000063,rules,4553000000.0,0.07287105088794811,0,0,0.0
net_income,row_not_found,56.0,,1000000.0,0.0,2020-12-31,header_year,0000018230_0000018230-21-000063,rules,,0.07287105088794811,0,0,0.0
eps_diluted,row_not_found,56.0,,1000000.0,0.0,2020-12-31,header_year,0000018230_0000018230-21-000063,rules,,0.07287105088794811,0,0,0.0
total_assets,ok,44.0,total assets,1000000.0,0.0,2020-12-31,header_year,0000018230_0000018230-21-000063,rules,78324000000.0,0.07287105088794811,0,0,0.0
total_liabilities,ok,44.0,total liabilities,1000000.0,0.0,2020-12-31,header_year,0000018230_0000018230-21-000063,rules,62946000000.0,0.07287105088794811,0,0,0.0
stockholders_equity,ok,44.0,total shareholders' equity,1000000.0,0.0,2020-12-31,header_year,0000018230_0000018230-21-000063,rules,15378000000.0,0.07287105088794811,0,0,0.0
cash_and_equivalents,row_not_found,44.0,,1000000.0,0.0,2020-12-31,header_year,0000018230_0000018230-21-000063,rules,,0.07287105088794811,0,0,0.0
operating_cash_flow,ok,46.0,net cash provided by (used for) operating activities,1000000.0,0.0,2020-12-31,header_year,0000018230_0000018230-21-000063,rules,6327000000.0,0.07287105088794811,0,0,0.0
revenue,row_not_found,43.0,,1000000.0,0.0,2021-12-31,header_year,0000018230_0000018230-22-000050,rules,,0.0605832361163468,0,0,0.0
operating_income,ok,43.0,operating profit,1000000.0,0.0,2021-12-31,header_year,0000018230_0000018230-22-000050,rules,6878000000.0,0.0605832361163468,0,0,0.0
net_income,row_not_found,43.0,,1000000.0,0.0,2021-12-31,header_year,0000018230_0000018230-22-000050,rules,,0.0605832361163468,0,0,0.0
eps_diluted,row_not_found,43.0,,1000000.0,0.0,2021-12-31,header_year,0000018230_0000018230-22-000050,rules,,0.0605832361163468,0,0,0.0
total_assets,ok,38.0,total assets,1000000.0,0.0,2021-12-31,header_year,0000018230_0000018230-22-000050,rules,82793000000.0,0.0605832361163468,0,0,0.0
total_liabilities,ok,38.0,total liabilities,1000000.0,0.0,2021-12-31,header_year,0000018230_0000018230-22-000050,rules,66277000000.0,0.0605832361163468,0,0,0.0
stockholders_equity,ok,38.0,total shareholders' equity,1000000.0,0.0,2021-12-31,header_year,0000018230_0000018230-22-000050,rules,16516000000.0,0.0605832361163468,0,0,0.0
cash_and_equivalents,ok,38.0,cash and cash equivalents,1000000.0,0.0,2021-12-31,header_year,0000018230_0000018230-22-000050,rules,9254000000.0,0.0605832361163468,0,0,0.0
operating_cash_flow,ok,40.0,net cash provided by (used for) operating activities,1000000.0,0.0,2021-12-31,header_year,0000018230_0000018230-22-000050,rules,7198000000.0,0.0605832361163468,0,0,0.0
revenue,row_not_found,39.0,,1000000.0,0.0,2022-12-31,header_year,0000018230_0000018230-23-000011,rules,,0.05446978233521804,0,0,0.0
operating_income,ok,39.0,operating profit,1000000.0,0.0,2022-12-31,header_year,0000018230_0000018230-23-000011,rules,7904000000.0,0.05446978233521804,0,0,0.0
net_income,row_not_found,39.0,,1000000.0,0.0,2022-12-31,header_year,0000018230_0000018230-23-000011,rules,,0.05446978233521804,0,0,0.0
eps_diluted,row_not_found,39.0,,1000000.0,0.0,2022-12-31,header_year,0000018230_0000018230-23-000011,rules,,0.05446978233521804,0,0,0.0
total_assets,ok,34.0,total assets,1000000.0,0.0,2022-12-31,header_year,0000018230_0000018230-23-000011,rules,81943000000.0,0.05446978233521804,0,0,0.0
total_liabilities,ok,34.0,total liabilities,1000000.0,0.0,2022-12-31,header_year,0000018230_0000018230-23-000011,rules,66052000000.0,0.05446978233521804,0,0,0.0
stockholders_equity,ok,34.0,total shareholders' equity,1000000.0,0.0,2022-12-31,header_year,0000018230_0000018230-23-000011,rules,15891000000.0,0.05446978233521804,0,0,0.0
cash_and_equivalents,ok,34.0,cash and cash equivalents,1000000.0,0.0,2022-12-31,header_year,0000018230_0000018230-23-000011,rules,7004000000.0,0.05446978233521804,0,0,0.0
operating_cash_flow,ok,36.0,net cash provided by (used for) operating activities,1000000.0,0.0,2022-12-31,header_year,0000018230_0000018230-23-000011,rules,7766000000.0,0.05446978233521804,0,0,0.0
revenue,row_not_found,39.0,,1000000.0,0.0,2023-12-31,header_year,0000018230_0000018230-24-000009,rules,,0.056296648108400404,0,0,0.0
operating_income,ok,39.0,operating profit,1000000.0,0.0,2023-12-31,header_year,0000018230_0000018230-24-000009,rules,12966000000.0,0.056296648108400404,0,0,0.0
net_income,row_not_found,39.0,,1000000.0,0.0,2023-12-31,header_year,0000018230_0000018230-24-000009,rules,,0.056296648108400404,0,0,0.0
eps_diluted,row_not_found,39.0,,1000000.0,0.0,2023-12-31,header_year,0000018230_0000018230-24-000009,rules,,0.056296648108400404,0,0,0.0
total_assets,ok,34.0,total assets,1000000.0,0.0,2023-12-31,header_year,0000018230_0000018230-24-000009,rules,87476000000.0,0.056296648108400404,0,0,0.0
total_liabilities,ok,34.0,total liabilities,1000000.0,0.0,2023-12-31,header_year,0000018230_0000018230-24-000009,rules,67973000000.0,0.056296648108400404,0,0,0.0
stockholders_equity,ok,34.0,total shareholders' equity,1000000.0,0.0,2023-12-31,header_year,0000018230_0000018230-24-000009,rules,19503000000.0,0.056296648108400404,0,0,0.0
cash_and_equivalents,ok,34.0,cash and cash equivalents,1000000.0,0.0,2023-12-31,header_year,0000018230_0000018230-24-000009,rules,6978000000.0,0.056296648108400404,0,0,0.0
operating_cash_flow,ok,36.0,net cash provided by (used for) operating activities,1000000.0,0.0,2023-12-31,header_year,0000018230_0000018230-24-000009,rules,12885000000.0,0.056296648108400404,0,0,0.0
revenue,row_not_found,41.0,,1000000.0,0.0,2024-12-31,header_year,0000018230_0000018230-25-000008,rules,,0.054877111106179655,0,0,0.0
operating_income,ok,41.0,operating profit,1000000.0,0.0,2024-12-31,header_year,0000018230_0000018230-25-000008,rules,13072000000.0,0.054877111106179655,0,0,0.0
net_income,row_not_found,41.0,,1000000.0,0.0,2024-12-31,header_year,0000018230_0000018230-25-000008,rules,,0.054877111106179655,0,0,0.0
eps_diluted,row_not_found,41.0,,1000000.0,0.0,2024-12-31,header_year,0000018230_0000018230-25-000008,rules,,0.054877111106179655,0,0,0.0
total_assets,ok,36.0,total assets,1000000.0,0.0,2024-12-31,header_year,0000018230_0000018230-25-000008,rules,87764000000.0,0.054877111106179655,0,0,0.0
total_liabilities,ok,36.0,total liabilities,1000000.0,0.0,2024-12-31,header_year,0000018230_0000018230-25-000008,rules,68270000000.0,0.054877111106179655,0,0,0.0
stockholders_equity,ok,36.0,total shareholders' equity,1000000.0,0.0,2024-12-31,header_year,0000018230_0000018230-25-000008,rules,19494000000.0,0.054877111106179655,0,0,0.0
cash_and_equivalents,ok,36.0,cash and cash equivalents,1000000.0,0.0,2024-12-31,header_year,0000018230_0000018230-25-000008,rules,6889000000.0,0.054877111106179655,0,0,0.0
operating_cash_flow,ok,38.0,net cash provided by (used for) operating activities,1000000.0,0.0,2024-12-31,header_year,0000018230_0000018230-25-000008,rules,12035000000.0,0.054877111106179655,0,0,0.0
revenue,ok,162.0,total revenue,1000000.0,0.0,2019-07-27,header_full_date,0000858877_0000858877-19-000012,rules,51904000000.0,0.052474601886286915,0,0,0.0
operating_income,ok,162.0,operating income,1000000.0,0.0,2019-07-27,header_full_date,0000858877_0000858877-19-000012,rules,14219000000.0,0.052474601886286915,0,0,0.0
net_income,ok,162.0,net income,1000000.0,0.0,2019-07-27,header_full_date,0000858877_0000858877-19-000012,rules,11621000000.0,0.052474601886286915,0,0,0.0
eps_diluted,ok,162.0,diluted,1000000.0,0.0,2019-07-27,header_full_date,0000858877_0000858877-19-000012,rules,2.61,0.052474601886286915,0,0,0.0
total_assets,ok,161.0,total assets,1000000.0,0.0,2019-07-27,header_full_date,0000858877_0000858877-19-000012,rules,97793000000.0,0.052474601886286915,0,0,0.0
total_liabilities,ok,161.0,total liabilities,1000000.0,0.0,2019-07-27,header_full_date,0000858877_0000858877-19-000012,rules,64222000000.0,0.052474601886286915,0,0,0.0
stockholders_equity,ok,161.0,total cisco shareholders' equity,1000000.0,0.0,2019-07-27,header_full_date,0000858877_0000858877-19-000012,rules,33571000000.0,0.052474601886286915,0,0,0.0
cash_and_equivalents,ok,161.0,cash and cash equivalents,1000000.0,0.0,2019-07-27,header_full_date,0000858877_0000858877-19-000012,rules,11750000000.0,0.052474601886286915,0,0,0.0
operating_cash_flow,ok,164.0,net cash provided by operating activities,1000000.0,0.0,2019-07-27,header_full_date,0000858877_0000858877-19-000012,rules,15831000000.0,0.052474601886286915,0,0,0.0
revenue,ok,169.0,total revenue,1000000.0,0.0,2020-07-25,header_full_date,0000858877_0000858877-20-000010,rules,49301000000.0,0.048246092557544924,0,0,0.0
operating_income,ok,169.0,operating income,1000000.0,0.0,2020-07-25,header_full_date,0000858877_0000858877-20-000010,rules,13620000000.0,0.048246092557544924,0,0,0.0
net_income,ok,169.0,net income,1000000.0,0.0,2020-07-25,header_full_date,0000858877_0000858877-20-000010,rules,11214000000.0,0.048246092557544924,0,0,0.0
eps_diluted,ok,169.0,diluted,1000000.0,0.0,2020-07-25,header_full_date,0000858877_0000858877-20-000010,rules,2.64,0.048246092557544924,0,0,0.0
total_assets,ok,168.0,total assets,1000000.0,0.0,2020-07-25,header_full_date,0000858877_0000858877-20-000010,rules,94853000000.0,0.048246092557544924,0,0,0.0
total_liabilities,ok,168.0,total liabilities,1000000.0,0.0,2020-07-25,header_full_date,0000858877_0000858877-20-000010,rules,56933000000.0,0.048246092557544924,0,0,0.0
stockholders_equity,ok,168.0,total equity,1000000.0,0.0,2020-07-25,header_full_date,0000858877_0000858877-20-000010,rules,37920000000.0,0.048246092557544924,0,0,0.0
cash_and_equivalents,ok,168.0,cash and cash equivalents,1000000.0,0.0,2020-07-25,header_full_date,0000858877_0000858877-20-000010,rules,11809000000.0,0.048246092557544924,0,0,0.0
operating_cash_flow,ok,171.0,net cash provided by operating activities,1000000.0,0.0,2020-07-25,header_full_date,0000858877_0000858877-20-000010,rules,15426000000.0,0.048246092557544924,0,0,0.0
revenue,ok,57.0,total revenue,1000000.0,0.0,2021-07-31,header_full_date,0000858877_0000858877-21-000013,rules,49818000000.0,0.04500384721904993,0,0,0.0
operating_income,ok,57.0,operating income,1000000.0,0.0,2021-07-31,header_full_date,0000858877_0000858877-21-000013,rules,12833000000.0,0.04500384721904993,0,0,0.0
net_income,ok,57.0,net income,1000000.0,0.0,2021-07-31,header_full_date,0000858877_0000858877-21-000013,rules,10591000000.0,0.04500384721904993,0,0,0.0
eps_diluted,ok,57.0,diluted,1000000.0,0.0,2021-07-31,header_full_date,0000858877_0000858877-21-000013,rules,2.5,0.04500384721904993,0,0,0.0
total_assets,ok,56.0,total assets,1000000.0,0.0,2021-07-31,header_full_date,0000858877_0000858877-21-000013,rules,97497000000.0,0.04500384721904993,0,0,0.0
total_liabilities,ok,56.0,total liabilities,1000000.0,0.0,2021-07-31,header_full_date,0000858877_0000858877-21-000013,rules,56222000000.0,0.04500384721904993,0,0,0.0
stockholders_equity,ok,56.0,total equity,1000000.0,0.0,2021-07-31,header_full_date,0000858877_0000858877-21-000013,rules,41275000000.0,0.04500384721904993,0,0,0.0
cash_and_equivalents,ok,56.0,cash and cash equivalents,1000000.0,0.0,2021-07-31,header_full_date,0000858877_0000858877-21-000013,rules,9175000000.0,0.04500384721904993,0,0,0.0
operating_cash_flow,ok,59.0,net cash provided by operating activities,1000000.0,0.0,2021-07-31,header_full_date,0000858877_0000858877-21-000013,rules,15454000000.0,0.04500384721904993,0,0,0.0
revenue,ok,57.0,total revenue,1000000.0,0.0,2022-07-30,header_full_date,0000858877_0000858877-22-000013,rules,51557000000.0,0.04596796289034602,0,0,0.0
operating_income,ok,57.0,operating income,1000000.0,0.0,2022-07-30,header_full_date,0000858877_0000858877-22-000013,rules,13969000000.0,0.04596796289034602,0,0,0.0
net_income,ok,57.0,net income,1000000.0,0.0,2022-07-30,header_full_date,0000858877_0000858877-22-000013,rules,11812000000.0,0.04596796289034602,0,0,0.0
eps_diluted,ok,57.0,diluted,1000000.0,0.0,2022-07-30,header_full_date,0000858877_0000858877-22-000013,rules,2.82,0.04596796289034602,0,0,0.0
total_assets,ok,56.0,total assets,1000000.0,0.0,2022-07-30,header_full_date,0000858877_0000858877-22-000013,rules,94002000000.0,0.04596796289034602,0,0,0.0
total_liabilities,ok,56.0,total liabilities,1000000.0,0.0,2022-07-30,header_full_date,0000858877_0000858877-22-000013,rules,54229000000.0,0.04596796289034602,0,0,0.0
stockholders_equity,ok,56.0,total equity,1000000.0,0.0,2022-07-30,header_full_date,0000858877_0000858877-22-000013,rules,39773000000.0,0.04596796289034602,0,0,0.0
cash_and_equivalents,ok,56.0,cash and cash equivalents,1000000.0,0.0,2022-07-30,header_full_date,0000858877_0000858877-22-000013,rules,7079000000.0,0.04596796289034602,0,0,0.0
operating_cash_flow,ok,59.0,net cash provided by operating activities,1000000.0,0.0,2022-07-30,header_full_date,0000858877_0000858877-22-000013,rules,13226000000.0,0.04596796289034602,0,0,0.0
revenue,ok,55.0,total revenue,1000000.0,0.0,2023-07-29,header_full_date,0000858877_0000858877-23-000023,rules,56998000000.0,0.06538947677472606,0,0,0.0
operating_income,ok,55.0,operating income,1000000.0,0.0,2023-07-29,header_full_date,0000858877_0000858877-23-000023,rules,15031000000.0,0.06538947677472606,0,0,0.0
net_income,ok,55.0,net income,1000000.0,0.0,2023-07-29,header_full_date,0000858877_0000858877-23-000023,rules,12613000000.0,0.06538947677472606,0,0,0.0
eps_diluted,ok,55.0,diluted,1000000.0,0.0,2023-07-29,header_full_date,0000858877_0000858877-23-000023,rules,3.07,0.06538947677472606,0,0,0.0
total_assets,ok,54.0,total assets,1000000.0,0.0,2023-07-29,header_full_date,0000858877_0000858877-23-000023,rules,101852000000.0,0.06538947677472606,0,0,0.0
total_liabilities,ok,54.0,total liabilities,1000000.0,0.0,2023-07-29,header_full_date,0000858877_0000858877-23-000023,rules,57499000000.0,0.06538947677472606,0,0,0.0
stockholders_equity,ok,54.0,total equity,1000000.0,0.0,2023-07-29,header_full_date,0000858877_0000858877-23-000023,rules,44353000000.0,0.06538947677472606,0,0,0.0
cash_and_equivalents,ok,54.0,cash and cash equivalents,1000000.0,0.0,2023-07-29,header_full_date,0000858877_0000858877-23-000023,rules,10123000000.0,0.06538947677472606,0,0,0.0
operating_cash_flow,ok,57.0,net cash provided by operating activities,1000000.0,0.0,2023-07-29,header_full_date,0000858877_0000858877-23-000023,rules,19886000000.0,0.06538947677472606,0,0,0.0
revenue,ok,55.0,total revenue,1000000.0,0.0,2024-07-27,header_full_date,0000858877_0000858877-24-000017,rules,53803000000.0,0.047712259330890246,0,0,0.0
operating_income,ok,55.0,operating income,1000000.0,0.0,2024-07-27,header_full_date,0000858877_0000858877-24-000017,rules,12181000000.0,0.047712259330890246,0,0,0.0
net_income,ok,55.0,net income,1000000.0,0.0,2024-07-27,header_full_date,0000858877_0000858877-24-000017,rules,10320000000.0,0.047712259330890246,0,0,0.0
eps_diluted,ok,55.0,diluted,1000000.0,0.0,2024-07-27,header_full_date,0000858877_0000858877-24-000017,rules,2.54,0.047712259330890246,0,0,0.0
total_assets,ok,54.0,total assets,1000000.0,0.0,2024-07-27,header_full_date,0000858877_0000858877-24-000017,rules,124413000000.0,0.047712259330890246,0,0,0.0
total_liabilities,ok,54.0,total liabilities,1000000.0,0.0,2024-07-27,header_full_date,0000858877_0000858877-24-000017,rules,78956000000.0,0.047712259330890246,0,0,0.0
stockholders_equity,ok,54.0,total equity,1000000.0,0.0,2024-07-27,header_full_date,0000858877_0000858877-24-000017,rules,45457000000.0,0.047712259330890246,0,0,0.0
cash_and_equivalents,ok,54.0,cash and cash equivalents,1000000.0,0.0,2024-07-27,header_full_date,0000858877_0000858877-24-000017,rules,7508000000.0,0.047712259330890246,0,0,0.0
operating_cash_flow,ok,57.0,net cash provided by operating activities,1000000.0,0.0,2024-07-27,header_full_date,0000858877_0000858877-24-000017,rules,10880000000.0,0.047712259330890246,0,0,0.0
revenue,ok,56.0,total revenue,1000000.0,0.0,2019-09-01,header_full_date,0000909832_0000909832-19-000019,rules,152703000000.0,0.02584233333537769,0,0,0.0
operating_income,ok,56.0,operating income,1000000.0,0.0,2019-09-01,header_full_date,0000909832_0000909832-19-000019,rules,4737000000.0,0.02584233333537769,0,0,0.0
net_income,ok,56.0,net income attributable to costco,1000000.0,0.0,2019-09-01,header_full_date,0000909832_0000909832-19-000019,rules,3659000000.0,0.02584233333537769,0,0,0.0
eps_diluted,ok,56.0,diluted,1000000.0,0.0,2019-09-01,header_full_date,0000909832_0000909832-19-000019,rules,8.26,0.02584233333537769,0,0,0.0
total_assets,ok,55.0,total assets,1000000.0,0.0,2019-09-01,header_full_date,0000909832_0000909832-19-000019,rules,45400000000.0,0.02584233333537769,0,0,0.0
total_liabilities,ok,55.0,total liabilities,1000000.0,0.0,2019-09-01,header_full_date,0000909832_0000909832-19-000019,rules,29816000000.0,0.02584233333537769,0,0,0.0
stockholders_equity,ok,55.0,total costco stockholders' equity,1000000.0,0.0,2019-09-01,header_full_date,0000909832_0000909832-19-000019,rules,15243000000.0,0.02584233333537769,0,0,0.0
cash_and_equivalents,ok,55.0,cash and cash equivalents,1000000.0,0.0,2019-09-01,header_full_date,0000909832_0000909832-19-000019,rules,8384000000.0,0.02584233333537769,0,0,0.0
operating_cash_flow,ok,59.0,net cash provided by operating activities,1000000.0,0.0,2019-09-01,header_full_date,0000909832_0000909832-19-000019,rules,6356000000.0,0.02584233333537769,0,0,0.0
revenue,ok,23.0,total revenue,1000000.0,0.0,2020-08-30,header_full_date,0000909832_0000909832-20-000017,rules,166761000000.0,0.025741694443341758,0,0,0.0
operating_income,ok,23.0,operating income,1000000.0,0.0,2020-08-30,header_full_date,0000909832_0000909832-20-000017,rules,5435000000.0,0.025741694443341758,0,0,0.0
net_income,ok,23.0,net income attributable to costco,1000000.0,0.0,2020-08-30,header_full_date,0000909832_0000909832-20-000017,rules,4002000000.0,0.025741694443341758,0,0,0.0
eps_diluted,ok,23.0,diluted,1000000.0,0.0,2020-08-30,header_full_date,0000909832_0000909832-20-000017,rules,9.02,0.025741694443341758,0,0,0.0
total_assets,ok,25.0,total assets,1000000.0,0.0,2020-08-30,header_full_date,0000909832_0000909832-20-000017,rules,55556000000.0,0.025741694443341758,0,0,0.0
total_liabilities,ok,25.0,total liabilities,1000000.0,0.0,2020-08-30,header_full_date,0000909832_0000909832-20-000017,rules,36851000000.0,0.025741694443341758,0,0,0.0
stockholders_equity,ok,25.0,total costco stockholders' equity,1000000.0,0.0,2020-08-30,header_full_date,0000909832_0000909832-20-000017,rules,18284000000.0,0.025741694443341758,0,0,0.0
cash_and_equivalents,ok,25.0,cash and cash equivalents,1000000.0,0.0,2020-08-30,header_full_date,0000909832_0000909832-20-000017,rules,12277000000.0,0.025741694443341758,0,0,0.0
operating_cash_flow,ok,27.0,net cash provided by operating activities,1000000.0,0.0,2020-08-30,header_full_date,0000909832_0000909832-20-000017,rules,8861000000.0,0.025741694443341758,0,0,0.0
revenue,ok,21.0,total revenue,1000000.0,0.0,2021-08-29,header_full_date,0000909832_0000909832-21-000014,rules,195929000000.0,0.021779981441795826,0,0,0.0
operating_income,ok,21.0,operating income,1000000.0,0.0,2021-08-29,header_full_date,0000909832_0000909832-21-000014,rules,6708000000.0,0.021779981441795826,0,0,0.0
net_income,ok,21.0,net income attributable to costco,1000000.0,0.0,2021-08-29,header_full_date,0000909832_0000909832-21-000014,rules,5007000000.0,0.021779981441795826,0,0,0.0
eps_diluted,ok,21.0,diluted,1000000.0,0.0,2021-08-29,header_full_date,0000909832_0000909832-21-000014,rules,11.27,0.021779981441795826,0,0,0.0
total_assets,ok,23.0,total assets,1000000.0,0.0,2021-08-29,header_full_date,0000909832_0000909832-21-000014,rules,59268000000.0,0.021779981441795826,0,0,0.0
total_liabilities,ok,23.0,total liabilities,1000000.0,0.0,2021-08-29,header_full_date,0000909832_0000909832-21-000014,rules,41190000000.0,0.021779981441795826,0,0,0.0
stockholders_equity,ok,23.0,total costco stockholders' equity,1000000.0,0.0,2021-08-29,header_full_date,0000909832_0000909832-21-000014,rules,17564000000.0,0.021779981441795826,0,0,0.0
cash_and_equivalents,ok,23.0,cash and cash equivalents,1000000.0,0.0,2021-08-29,header_full_date,0000909832_0000909832-21-000014,rules,11258000000.0,0.021779981441795826,0,0,0.0
operating_cash_flow,ok,25.0,net cash provided by operating activities,1000000.0,0.0,2021-08-29,header_full_date,0000909832_0000909832-21-000014,rules,8958000000.0,0.021779981441795826,0,0,0.0
revenue,ok,21.0,total revenue,1000000.0,0.0,2022-08-28,header_full_date,0000909832_0000909832-22-000021,rules,226954000000.0,0.022199166667026777,0,0,0.0
operating_income,ok,21.0,operating income,1000000.0,0.0,2022-08-28,header_full_date,0000909832_0000909832-22-000021,rules,7793000000.0,0.022199166667026777,0,0,0.0
net_income,ok,21.0,net income attributable to costco,1000000.0,0.0,2022-08-28,header_full_date,0000909832_0000909832-22-000021,rules,5844000000.0,0.022199166667026777,0,0,0.0
eps_diluted,ok,21.0,diluted,1000000.0,0.0,2022-08-28,header_full_date,0000909832_0000909832-22-000021,rules,13.14,0.022199166667026777,0,0,0.0
total_assets,ok,23.0,total assets,1000000.0,0.0,2022-08-28,header_full_date,0000909832_0000909832-22-000021,rules,64166000000.0,0.022199166667026777,0,0,0.0
total_liabilities,ok,23.0,total liabilities,1000000.0,0.0,2022-08-28,header_full_date,0000909832_0000909832-22-000021,rules,43519000000.0,0.022199166667026777,0,0,0.0
stockholders_equity,ok,23.0,total costco stockholders' equity,1000000.0,0.0,2022-08-28,header_full_date,0000909832_0000909832-22-000021,rules,20642000000.0,0.022199166667026777,0,0,0.0
cash_and_equivalents,ok,23.0,cash and cash equivalents,1000000.0,0.0,2022-08-28,header_full_date,0000909832_0000909832-22-000021,rules,10203000000.0,0.022199166667026777,0,0,0.0
operating_cash_flow,ok,25.0,net cash provided by operating activities,1000000.0,0.0,2022-08-28,header_full_date,0000909832_0000909832-22-000021,rules,7392000000.0,0.022199166667026777,0,0,0.0
revenue,ok,26.0,total revenue,1000000.0,0.0,2023-09-03,header_full_date,0000909832_0000909832-23-000042,rules,242290000000.0,0.021260129669422492,0,0,0.0
operating_income,ok,26.0,operating income,1000000.0,0.0,2023-09-03,header_full_date,0000909832_0000909832-23-000042,rules,8114000000.0,0.021260129669422492,0,0,0.0
net_income,ok,26.0,net income attributable to costco,1000000.0,0.0,2023-09-03,header_full_date,0000909832_0000909832-23-000042,rules,6292000000.0,0.021260129669422492,0,0,0.0
eps_diluted,ok,26.0,diluted,1000000.0,0.0,2023-09-03,header_full_date,0000909832_0000909832-23-000042,rules,14.16,0.021260129669422492,0,0,0.0
total_assets,ok,28.0,total assets,1000000.0,0.0,2023-09-03,header_full_date,0000909832_0000909832-23-000042,rules,68994000000.0,0.021260129669422492,0,0,0.0
total_liabilities,ok,28.0,total liabilities,1000000.0,0.0,2023-09-03,header_full_date,0000909832_0000909832-23-000042,rules,43936000000.0,0.021260129669422492,0,0,0.0
stockholders_equity,ok,28.0,total costco stockholders' equity,1000000.0,0.0,2023-09-03,header_full_date,0000909832_0000909832-23-000042,rules,25058000000.0,0.021260129669422492,0,0,0.0
cash_and_equivalents,ok,28.0,cash and cash equivalents,1000000.0,0.0,2023-09-03,header_full_date,0000909832_0000909832-23-000042,rules,13700000000.0,0.021260129669422492,0,0,0.0
operating_cash_flow,ok,30.0,net cash provided by operating activities,1000000.0,0.0,2023-09-03,header_full_date,0000909832_0000909832-23-000042,rules,11068000000.0,0.021260129669422492,0,0,0.0
revenue,ok,26.0,total revenue,1000000.0,0.0,2024-09-01,header_full_date,0000909832_0000909832-24-000049,rules,254453000000.0,0.020292037004967116,0,0,0.0
operating_income,ok,26.0,operating income,1000000.0,0.0,2024-09-01,header_full_date,0000909832_0000909832-24-000049,rules,9285000000.0,0.020292037004967116,0,0,0.0
net_income,ok,26.0,net income attributable to costco,1000000.0,0.0,2024-09-01,header_full_date,0000909832_0000909832-24-000049,rules,7367000000.0,0.020292037004967116,0,0,0.0
eps_diluted,ok,26.0,diluted,1000000.0,0.0,2024-09-01,header_full_date,0000909832_0000909832-24-000049,rules,16.56,0.020292037004967116,0,0,0.0
total_assets,ok,28.0,total assets,1000000.0,0.0,2024-09-01,header_full_date,0000909832_0000909832-24-000049,rules,69831000000.0,0.020292037004967116,0,0,0.0
total_liabilities,ok,28.0,total liabilities,1000000.0,0.0,2024-09-01,header_full_date,0000909832_0000909832-24-000049,rules,46209000000.0,0.020292037004967116,0,0,0.0
stockholders_equity,ok,28.0,total equity,1000000.0,0.0,2024-09-01,header_full_date,0000909832_0000909832-24-000049,rules,23622000000.0,0.020292037004967116,0,0,0.0
cash_and_equivalents,ok,28.0,cash and cash equivalents,1000000.0,0.0,2024-09-01,header_full_date,0000909832_0000909832-24-000049,rules,9906000000.0,0.020292037004967116,0,0,0.0
operating_cash_flow,ok,30.0,net cash provided by operating activities,1000000.0,0.0,2024-09-01,header_full_date,0000909832_0000909832-24-000049,rules,11339000000.0,0.020292037004967116,0,0,0.0
revenue,ok,285.0,net revenue,1000000.0,0.0,2019-12-28,header_full_date,0000050863_0000050863-20-000011,rules,71965000000.0,0.03824821766465902,0,0,0.0
operating_income,ok,285.0,operating income,1000000.0,0.0,2019-12-28,header_full_date,0000050863_0000050863-20-000011,rules,22035000000.0,0.03824821766465902,0,0,0.0
net_income,ok,285.0,net income,1000000.0,0.0,2019-12-28,header_full_date,0000050863_0000050863-20-000011,rules,21048000000.0,0.03824821766465902,0,0,0.0
eps_diluted,ok,285.0,earnings per share diluted,1000000.0,0.0,2019-12-28,header_full_date,0000050863_0000050863-20-000011,rules,4.71,0.03824821766465902,0,0,0.0
total_assets,ok,291.0,total assets,1000000.0,0.0,2019-12-28,header_full_date,0000050863_0000050863-20-000011,rules,136524000000.0,0.03824821766465902,0,0,0.0
total_liabilities,row_not_found,291.0,,1000000.0,0.0,2019-12-28,header_full_date,0000050863_0000050863-20-000011,rules,,0.03824821766465902,0,0,0.0
stockholders_equity,ok,291.0,total stockholders' equity,1000000.0,0.0,2019-12-28,header_full_date,0000050863_0000050863-20-000011,rules,77504000000.0,0.03824821766465902,0,0,0.0
cash_and_equivalents,ok,291.0,cash and cash equivalents,1000000.0,0.0,2019-12-28,header_full_date,0000050863_0000050863-20-000011,rules,4194000000.0,0.03824821766465902,0,0,0.0
operating_cash_flow,ok,294.0,net cash provided by operating activities,1000000.0,0.0,2019-12-28,header_full_date,0000050863_0000050863-20-000011,rules,33145000000.0,0.03824821766465902,0,0,0.0
revenue,ok,195.0,net revenue,1000000.0,0.0,2020-12-26,header_full_date,0000050863_0000050863-21-000010,rules,77867000000.0,0.036134439882718854,0,0,0.0
operating_income,ok,195.0,operating income,1000000.0,0.0,2020-12-26,header_full_date,0000050863_0000050863-21-000010,rules,23678000000.0,0.036134439882718854,0,0,0.0
net_income,ok,195.0,net income,1000000.0,0.0,2020-12-26,header_full_date,0000050863_0000050863-21-000010,rules,20899000000.0,0.036134439882718854,0,0,0.0
eps_diluted,ok,195.0,earnings per share diluted,1000000.0,0.0,2020-12-26,header_full_date,0000050863_0000050863-21-000010,rules,4.94,0.036134439882718854,0,0,0.0
total_assets,ok,201.0,total assets,1000000.0,0.0,2020-12-26,header_full_date,0000050863_0000050863-21-000010,rules,153091000000.0,0.036134439882718854,0,0,0.0
total_liabilities,row_not_found,201.0,,1000000.0,0.0,2020-12-26,header_full_date,0000050863_0000050863-21-000010,rules,,0.036134439882718854,0,0,0.0
stockholders_equity,ok,201.0,total stockholders' equity,1000000.0,0.0,2020-12-26,header_full_date,0000050863_0000050863-21-000010,rules,81038000000.0,0.036134439882718854,0,0,0.0
cash_and_equivalents,ok,201.0,cash and cash equivalents,1000000.0,0.0,2020-12-26,header_full_date,0000050863_0000050863-21-000010,rules,5865000000.0,0.036134439882718854,0,0,0.0
operating_cash_flow,ok,204.0,net cash provided by operating activities,1000000.0,0.0,2020-12-26,header_full_date,0000050863_0000050863-21-000010,rules,35384000000.0,0.036134439882718854,0,0,0.0
revenue,ok,184.0,net revenue,1000000.0,0.0,2021-12-25,header_full_date,0000050863_0000050863-22-000007,rules,79024000000.0,0.032649509220694505,0,0,0.0
operating_income,ok,184.0,operating income,1000000.0,0.0,2021-12-25,header_full_date,0000050863_0000050863-22-000007,rules,19456000000.0,0.032649509220694505,0,0,0.0
net_income,ok,184.0,net income,1000000.0,0.0,2021-12-25,header_full_date,0000050863_0000050863-22-000007,rules,19868000000.0,0.032649509220694505,0,0,0.0
eps_diluted,ok,184.0,earnings per share diluted,1000000.0,0.0,2021-12-25,header_full_date,0000050863_0000050863-22-000007,rules,4.86,0.032649509220694505,0,0,0.0
total_assets,ok,190.0,total assets,1000000.0,0.0,2021-12-25,header_full_date,0000050863_0000050863-22-000007,rules,168406000000.0,0.032649509220694505,0,0,0.0
total_liabilities,row_not_found,190.0,,1000000.0,0.0,2021-12-25,header_full_date,0000050863_0000050863-22-000007,rules,,0.032649509220694505,0,0,0.0
stockholders_equity,ok,190.0,total stockholders' equity,1000000.0,0.0,2021-12-25,header_full_date,0000050863_0000050863-22-000007,rules,95391000000.0,0.032649509220694505,0,0,0.0
cash_and_equivalents,ok,190.0,cash and cash equivalents,1000000.0,0.0,2021-12-25,header_full_date,0000050863_0000050863-22-000007,rules,4827000000.0,0.032649509220694505,0,0,0.0
operating_cash_flow,ok,193.0,net cash provided by operating activities,1000000.0,0.0,2021-12-25,header_full_date,0000050863_0000050863-22-000007,rules,29991000000.0,0.032649509220694505,0,0,0.0
revenue,ok,162.0,net revenue,1000000.0,0.0,2022-12-31,header_full_date,0000050863_0000050863-23-000006,rules,63054000000.0,0.034212810226664364,0,0,0.0
operating_income,ok,162.0,operating income,1000000.0,0.0,2022-12-31,header_full_date,0000050863_0000050863-23-000006,rules,2334000000.0,0.034212810226664364,0,0,0.0
net_income,ok,162.0,net income attributable to intel,1000000.0,0.0,2022-12-31,header_full_date,0000050863_0000050863-23-000006,rules,8014000000.0,0.034212810226664364,0,0,0.0
eps_diluted,ok,162.0,earnings per share attributable to intel diluted,1000000.0,0.0,2022-12-31,header_full_date,0000050863_0000050863-23-000006,rules,1.94,0.034212810226664364,0,0,0.0
total_assets,ok,168.0,total assets,1000000.0,0.0,2022-12-31,header_full_date,0000050863_0000050863-23-000006,rules,182103000000.0,0.034212810226664364,0,0,0.0
total_liabilities,row_not_found,168.0,,1000000.0,0.0,2022-12-31,header_full_date,0000050863_0000050863-23-000006,rules,,0.034212810226664364,0,0,0.0
stockholders_equity,ok,168.0,total intel stockholders' equity,1000000.0,0.0,2022-12-31,header_full_date,0000050863_0000050863-23-000006,rules,101423000000.0,0.034212810226664364,0,0,0.0
cash_and_equivalents,ok,168.0,cash and cash equivalents,1000000.0,0.0,2022-12-31,header_full_date,0000050863_0000050863-23-000006,rules,11144000000.0,0.034212810226664364,0,0,0.0
operating_cash_flow,ok,171.0,net cash provided by operating activities,1000000.0,0.0,2022-12-31,header_full_date,0000050863_0000050863-23-000006,rules,15433000000.0,0.034212810226664364,0,0,0.0
revenue,ok,155.0,net revenue,1000000.0,0.0,2023-12-30,header_full_date,0000050863_0000050863-24-000010,rules,54228000000.0,0.03585424999861667,0,0,0.0
operating_income,ok,155.0,operating income,1000000.0,0.0,2023-12-30,header_full_date,0000050863_0000050863-24-000010,rules,93000000.0,0.03585424999861667,0,0,0.0
net_income,ok,155.0,net income attributable to intel,1000000.0,0.0,2023-12-30,header_full_date,0000050863_0000050863-24-000010,rules,1689000000.0,0.03585424999861667,0,0,0.0
eps_diluted,ok,155.0,earnings per share attributable to intel diluted,1000000.0,0.0,2023-12-30,header_full_date,0000050863_0000050863-24-000010,rules,0.4,0.03585424999861667,0,0,0.0
total_assets,ok,161.0,total assets,1000000.0,0.0,2023-12-30,header_full_date,0000050863_0000050863-24-000010,rules,191572000000.0,0.03585424999861667,0,0,0.0
total_liabilities,row_not_found,161.0,,1000000.0,0.0,2023-12-30,header_full_date,0000050863_0000050863-24-000010,rules,,0.03585424999861667,0,0,0.0
stockholders_equity,ok,161.0,total intel stockholders' equity,1000000.0,0.0,2023-12-30,header_full_date,0000050863_0000050863-24-000010,rules,105590000000.0,0.03585424999861667,0,0,0.0
cash_and_equivalents,ok,161.0,cash and cash equivalents,1000000.0,0.0,2023-12-30,header_full_date,0000050863_0000050863-24-000010,rules,7079000000.0,0.03585424999861667,0,0,0.0
operating_cash_flow,ok,164.0,net cash provided by operating activities,1000000.0,0.0,2023-12-30,header_full_date,0000050863_0000050863-24-000010,rules,11471000000.0,0.03585424999861667,0,0,0.0
revenue,ok,122.0,net revenue,1000000.0,0.0,2024-12-28,header_full_date,0000050863_0000050863-25-000009,rules,53101000000.0,0.04099467600462958,0,0,0.0
operating_income,ok,122.0,operating income (loss),1000000.0,0.0,2024-12-28,header_full_date,0000050863_0000050863-25-000009,rules,-11678000000.0,0.04099467600462958,0,0,0.0
net_income,ok,122.0,net income (loss) attributable to intel,1000000.0,0.0,2024-12-28,header_full_date,0000050863_0000050863-25-000009,rules,-18756000000.0,0.04099467600462958,0,0,0.0
eps_diluted,ok,122.0,earnings (loss) per share attributable to intel diluted,1000000.0,0.0,2024-12-28,header_full_date,0000050863_0000050863-25-000009,rules,-4.38,0.04099467600462958,0,0,0.0
total_assets,ok,128.0,total assets,1000000.0,0.0,2024-12-28,header_full_date,0000050863_0000050863-25-000009,rules,196485000000.0,0.04099467600462958,0,0,0.0
total_liabilities,row_not_found,128.0,,1000000.0,0.0,2024-12-28,header_full_date,0000050863_0000050863-25-000009,rules,,0.04099467600462958,0,0,0.0
stockholders_equity,ok,128.0,total intel stockholders' equity,1000000.0,0.0,2024-12-28,header_full_date,0000050863_0000050863-25-000009,rules,99270000000.0,0.04099467600462958,0,0,0.0
cash_and_equivalents,ok,128.0,cash and cash equivalents,1000000.0,0.0,2024-12-28,header_full_date,0000050863_0000050863-25-000009,rules,8249000000.0,0.04099467600462958,0,0,0.0
operating_cash_flow,ok,131.0,net cash provided by (used for) operating activities,1000000.0,0.0,2024-12-28,header_full_date,0000050863_0000050863-25-000009,rules,8288000000.0,0.04099467600462958,0,0,0.0
revenue,row_not_found,126.0,,1.0,0.0,2019-12-29,header_year,0000200406_0000200406-20-000010,rules,,0.04308924999915891,0,0,0.0
operating_income,row_not_found,126.0,,1.0,0.0,2019-12-29,header_year,0000200406_0000200406-20-000010,rules,,0.04308924999915891,0,0,0.0
net_income,ok,126.0,net earnings,1.0,0.0,2019-12-29,header_year,0000200406_0000200406-20-000010,rules,15119.0,0.04308924999915891,0,0,0.0
eps_diluted,ok,126.0,diluted,1.0,0.0,2019-12-29,header_year,0000200406_0000200406-20-000010,rules,5.63,0.04308924999915891,0,0,0.0
total_assets,ok,124.0,total assets,1000000.0,0.0,2019-12-29,header_year,0000200406_0000200406-20-000010,rules,157728000000.0,0.04308924999915891,0,0,0.0
total_liabilities,ok,124.0,total liabilities,1000000.0,0.0,2019-12-29,header_year,0000200406_0000200406-20-000010,rules,98257000000.0,0.04308924999915891,0,0,0.0
stockholders_equity,ok,124.0,total shareholders' equity,1000000.0,0.0,2019-12-29,header_year,0000200406_0000200406-20-000010,rules,59471000000.0,0.04308924999915891,0,0,0.0
cash_and_equivalents,ok,124.0,cash and cash equivalents (notes 1 and 2),1000000.0,0.0,2019-12-29,header_year,0000200406_0000200406-20-000010,rules,17305000000.0,0.04308924999915891,0,0,0.0
operating_cash_flow,ok,133.0,net cash flows from operating activities,1000000.0,0.0,2019-12-29,header_year,0000200406_0000200406-20-000010,rules,23416000000.0,0.04308924999915891,0,0,0.0
revenue,row_not_found,68.0,,1.0,0.0,2021-01-03,header_fiscal_year_label,0000200406_0000200406-21-000008,rules,,0.041035708337504834,0,0,0.0
operating_income,row_not_found,68.0,,1.0,0.0,2021-01-03,header_fiscal_year_label,0000200406_0000200406-21-000008,rules,,0.041035708337504834,0,0,0.0
net_income,ok,68.0,net earnings,1.0,0.0,2021-01-03,header_fiscal_year_label,0000200406_0000200406-21-000008,rules,14714.0,0.041035708337504834,0,0,0.0
eps_diluted,ok,68.0,diluted,1.0,0.0,2021-01-03,header_fiscal_year_label,0000200406_0000200406-21-000008,rules,5.51,0.041035708337504834,0,0,0.0
total_assets,ok,66.0,total assets,1000000.0,0.0,2021-01-03,header_fiscal_year_label,0000200406_0000200406-21-000008,rules,174894000000.0,0.041035708337504834,0,0,0.0
total_liabilities,ok,66.0,total liabilities,1000000.0,0.0,2021-01-03,header_fiscal_year_label,0000200406_0000200406-21-000008,rules,111616000000.0,0.041035708337504834,0,0,0.0
stockholders_equity,ok,66.0,total shareholders' equity,1000000.0,0.0,2021-01-03,header_fiscal_year_label,0000200406_0000200406-21-000008,rules,63278000000.0,0.041035708337504834,0,0,0.0
cash_and_equivalents,ok,66.0,cash and cash equivalents (notes 1 and 2),1000000.0,0.0,2021-01-03,header_fiscal_year_label,0000200406_0000200406-21-000008,rules,13985000000.0,0.041035708337504834,0,0,0.0
operating_cash_flow,ok,75.0,net cash flows from operating activities,1000000.0,0.0,2021-01-03,header_fiscal_year_label,0000200406_0000200406-21-000008,rules,23536000000.0,0.041035708337504834,0,0,0.0
revenue,row_not_found,71.0,,1.0,0.0,2022-01-02,header_fiscal_year_label,0000200406_0000200406-22-000022,rules,,0.041473930559328034,0,0,0.0
operating_income,row_not_found,71.0,,1.0,0.0,2022-01-02,header_fiscal_year_label,0000200406_0000200406-22-000022,rules,,0.041473930559328034,0,0,0.0
net_income,ok,71.0,net earnings,1.0,0.0,2022-01-02,header_fiscal_year_label,0000200406_0000200406-22-000022,rules,20878.0,0.041473930559328034,0,0,0.0
eps_diluted,ok,71.0,diluted,1.0,0.0,2022-01-02,header_fiscal_year_label,0000200406_0000200406-22-000022,rules,7.81,0.041473930559328034,0,0,0.0
total_assets,ok,69.0,total assets,1000000.0,0.0,2022-01-02,header_fiscal_year_label,0000200406_0000200406-22-000022,rules,182018000000.0,0.041473930559328034,0,0,0.0
total_liabilities,ok,69.0,total liabilities,1000000.0,0.0,2022-01-02,header_fiscal_year_label,0000200406_0000200406-22-000022,rules,107995000000.0,0.041473930559328034,0,0,0.0
stockholders_equity,ok,69.0,total shareholders' equity,1000000.0,0.0,2022-01-02,header_fiscal_year_label,0000200406_0000200406-22-000022,rules,74023000000.0,0.041473930559328034,0,0,0.0
cash_and_equivalents,ok,69.0,cash and cash equivalents (notes 1 and 2),1000000.0,0.0,2022-01-02,header_fiscal_year_label,0000200406_0000200406-22-000022,rules,14487000000.0,0.041473930559328034,0,0,0.0
operating_cash_flow,ok,78.0,net cash flows from operating activities,1000000.0,0.0,2022-01-02,header_fiscal_year_label,0000200406_0000200406-22-000022,rules,23410000000.0,0.041473930559328034,0,0,0.0
revenue,row_not_found,69.0,,1.0,0.0,2023-01-01,header_fiscal_year_label,0000200406_0000200406-23-000016,rules,,0.04172841666473283,0,0,0.0
operating_income,row_not_found,69.0,,1.0,0.0,2023-01-01,header_fiscal_year_label,0000200406_0000200406-23-000016,rules,,0.04172841666473283,0,0,0.0
net_income,ok,69.0,net earnings,1.0,0.0,2023-01-01,header_fiscal_year_label,0000200406_0000200406-23-000016,rules,17941.0,0.04172841666473283,0,0,0.0
eps_diluted,ok,69.0,diluted,1.0,0.0,2023-01-01,header_fiscal_year_label,0000200406_0000200406-23-000016,rules,6.73,0.04172841666473283,0,0,0.0
total_assets,ok,67.0,total assets,1000000.0,0.0,2023-01-01,header_fiscal_year_label,0000200406_0000200406-23-000016,rules,187378000000.0,0.04172841666473283,0,0,0.0
total_liabilities,ok,67.0,total liabilities,1000000.0,0.0,2023-01-01,header_fiscal_year_label,0000200406_0000200406-23-000016,rules,110574000000.0,0.04172841666473283,0,0,0.0
stockholders_equity,ok,67.0,total shareholders' equity,1000000.0,0.0,2023-01-01,header_fiscal_year_label,0000200406_0000200406-23-000016,rules,76804000000.0,0.04172841666473283,0,0,0.0
cash_and_equivalents,ok,67.0,cash and cash equivalents (notes 1 and 2),1000000.0,0.0,2023-01-01,header_fiscal_year_label,0000200406_0000200406-23-000016,rules,14127000000.0,0.04172841666473283,0,0,0.0
operating_cash_flow,ok,76.0,net cash flows from operating activities,1000000.0,0.0,2023-01-01,header_fiscal_year_label,0000200406_0000200406-23-000016,rules,21194000000.0,0.04172841666473283,0,0,0.0
revenue,row_not_found,75.0,,1.0,0.0,2023-12-31,header_year,0000200406_0000200406-24-000013,rules,,0.03942833333146862,0,0,0.0
operating_income,row_not_found,75.0,,1.0,0.0,2023-12-31,header_year,0000200406_0000200406-24-000013,rules,,0.03942833333146862,0,0,0.0
net_income,ok,75.0,net earnings,1.0,0.0,2023-12-31,header_year,0000200406_0000200406-24-000013,rules,35153.0,0.03942833333146862,0,0,0.0
eps_diluted,no_value_in_row,75.0,diluted,1.0,0.0,2023-12-31,header_year,0000200406_0000200406-24-000013,rules,,0.03942833333146862,0,0,0.0
total_assets,ok,73.0,total assets,1000000.0,0.0,2023-12-31,header_year,0000200406_0000200406-24-000013,rules,167558000000.0,0.03942833333146862,0,0,0.0
total_liabilities,ok,73.0,total liabilities,1000000.0,0.0,2023-12-31,header_year,0000200406_0000200406-24-000013,rules,98784000000.0,0.03942833333146862,0,0,0.0
stockholders_equity,ok,73.0,total shareholders' equity,1000000.0,0.0,2023-12-31,header_year,0000200406_0000200406-24-000013,rules,68774000000.0,0.03942833333146862,0,0,0.0
cash_and_equivalents,ok,73.0,cash and cash equivalents (notes 1 and 2),1000000.0,0.0,2023-12-31,header_year,0000200406_0000200406-24-000013,rules,21859000000.0,0.03942833333146862,0,0,0.0
operating_cash_flow,ok,81.0,net cash flows from operating activities,1000000.0,0.0,2023-12-31,header_year,0000200406_0000200406-24-000013,rules,22791000000.0,0.03942833333146862,0,0,0.0
revenue,row_not_found,77.0,,1.0,0.0,2024-12-29,header_year,0000200406_0000200406-25-000038,rules,,0.04341135655219356,0,0,0.0
operating_income,row_not_found,77.0,,1.0,0.0,2024-12-29,header_year,0000200406_0000200406-25-000038,rules,,0.04341135655219356,0,0,0.0
net_income,ok,77.0,net earnings,1.0,0.0,2024-12-29,header_year,0000200406_0000200406-25-000038,rules,14066.0,0.04341135655219356,0,0,0.0
eps_diluted,no_value_in_row,77.0,diluted,1.0,0.0,2024-12-29,header_year,0000200406_0000200406-25-000038,rules,,0.04341135655219356,0,0,0.0
total_assets,ok,75.0,total assets,1000000.0,0.0,2024-12-29,header_year,0000200406_0000200406-25-000038,rules,180104000000.0,0.04341135655219356,0,0,0.0
total_liabilities,ok,75.0,total liabilities,1000000.0,0.0,2024-12-29,header_year,0000200406_0000200406-25-000038,rules,108614000000.0,0.04341135655219356,0,0,0.0
stockholders_equity,ok,75.0,total shareholders' equity,1000000.0,0.0,2024-12-29,header_year,0000200406_0000200406-25-000038,rules,71490000000.0,0.04341135655219356,0,0,0.0
cash_and_equivalents,ok,75.0,cash and cash equivalents (notes 1 and 2),1000000.0,0.0,2024-12-29,header_year,0000200406_0000200406-25-000038,rules,24105000000.0,0.04341135655219356,0,0,0.0
operating_cash_flow,ok,83.0,net cash flows from operating activities,1000000.0,0.0,2024-12-29,header_year,0000200406_0000200406-25-000038,rules,24266000000.0,0.04341135655219356,0,0,0.0
revenue,row_not_found,99.0,,1000000.0,0.0,2019-12-31,header_year,0000310158_0000310158-20-000005,rules,,0.0453091666697421,0,0,0.0
operating_income,row_not_found,99.0,,1000000.0,0.0,2019-12-31,header_year,0000310158_0000310158-20-000005,rules,,0.0453091666697421,0,0,0.0
net_income,ok,99.0,"net income attributable to merck & co., inc.",1000000.0,0.0,2019-12-31,header_year,0000310158_0000310158-20-000005,rules,9843000000.0,0.0453091666697421,0,0,0.0
eps_diluted,row_not_found,99.0,,1000000.0,0.0,2019-12-31,header_year,0000310158_0000310158-20-000005,rules,,0.0453091666697421,0,0,0.0
total_assets,row_not_found,101.0,,1000000.0,0.0,2019-12-31,header_year,0000310158_0000310158-20-000005,rules,,0.0453091666697421,0,0,0.0
total_liabilities,row_not_found,101.0,,1000000.0,0.0,2019-12-31,header_year,0000310158_0000310158-20-000005,rules,,0.0453091666697421,0,0,0.0
stockholders_equity,ok,101.0,"total merck & co., inc. stockholders' equity",1000000.0,0.0,2019-12-31,header_year,0000310158_0000310158-20-000005,rules,25907000000.0,0.0453091666697421,0,0,0.0
cash_and_equivalents,ok,101.0,cash and cash equivalents,1000000.0,0.0,2019-12-31,header_year,0000310158_0000310158-20-000005,rules,9676000000.0,0.0453091666697421,0,0,0.0
operating_cash_flow,ok,103.0,net cash provided by operating activities,1000000.0,0.0,2019-12-31,header_year,0000310158_0000310158-20-000005,rules,13440000000.0,0.0453091666697421,0,0,0.0
revenue,row_not_found,40.0,,1000000.0,0.0,2020-12-31,header_year,0000310158_0000310158-21-000004,rules,,0.04270034255589255,0,0,0.0
operating_income,row_not_found,40.0,,1000000.0,0.0,2020-12-31,header_year,0000310158_0000310158-21-000004,rules,,0.04270034255589255,0,0,0.0
net_income,ok,40.0,"net income attributable to merck & co., inc.",1000000.0,0.0,2020-12-31,header_year,0000310158_0000310158-21-000004,rules,7067000000.0,0.04270034255589255,0,0,0.0
eps_diluted,row_not_found,40.0,,1000000.0,0.0,2020-12-31,header_year,0000310158_0000310158-21-000004,rules,,0.04270034255589255,0,0,0.0
total_assets,row_not_found,42.0,,1000000.0,0.0,2020-12-31,header_year,0000310158_0000310158-21-000004,rules,,0.04270034255589255,0,0,0.0
total_liabilities,row_not_found,42.0,,1000000.0,0.0,2020-12-31,header_year,0000310158_0000310158-21-000004,rules,,0.04270034255589255,0,0,0.0
stockholders_equity,ok,42.0,"total merck & co., inc. stockholders' equity",1000000.0,0.0,2020-12-31,header_year,0000310158_0000310158-21-000004,rules,25317000000.0,0.04270034255589255,0,0,0.0
cash_and_equivalents,ok,42.0,cash and cash equivalents,1000000.0,0.0,2020-12-31,header_year,0000310158_0000310158-21-000004,rules,8062000000.0,0.04270034255589255,0,0,0.0
operating_cash_flow,ok,44.0,net cash provided by operating activities,1000000.0,0.0,2020-12-31,header_year,0000310158_0000310158-21-000004,rules,10253000000.0,0.04270034255589255,0,0,0.0
revenue,row_not_found,41.0,,1000000.0,0.0,2021-12-31,header_year,0000310158_0000310158-22-000003,rules,,0.04415177321708244,0,0,0.0
operating_income,row_not_found,41.0,,1000000.0,0.0,2021-12-31,header_year,0000310158_0000310158-22-000003,rules,,0.04415177321708244,0,0,0.0
net_income,ok,41.0,"net income attributable to merck & co., inc.",1000000.0,0.0,2021-12-31,header_year,0000310158_0000310158-22-000003,rules,13049000000.0,0.04415177321708244,0,0,0.0
eps_diluted,row_not_found,41.0,,1000000.0,0.0,2021-12-31,header_year,0000310158_0000310158-22-000003,rules,,0.04415177321708244,0,0,0.0
total_assets,row_not_found,43.0,,1000000.0,0.0,2021-12-31,header_year,0000310158_0000310158-22-000003,rules,,0.04415177321708244,0,0,0.0
total_liabilities,row_not_found,43.0,,1000000.0,0.0,2021-12-31,header_year,0000310158_0000310158-22-000003,rules,,0.04415177321708244,0,0,0.0
stockholders_equity,ok,43.0,"total merck & co., inc. stockholders' equity",1000000.0,0.0,2021-12-31,header_year,0000310158_0000310158-22-000003,rules,38184000000.0,0.04415177321708244,0,0,0.0
cash_and_equivalents,ok,43.0,cash and cash equivalents,1000000.0,0.0,2021-12-31,header_year,0000310158_0000310158-22-000003,rules,8096000000.0,0.04415177321708244,0,0,0.0
operating_cash_flow,ok,45.0,net cash provided by operating activities,1000000.0,0.0,2021-12-31,header_year,0000310158_0000310158-22-000003,rules,987000000.0,0.04415177321708244,0,0,0.0
revenue,row_not_found,39.0,,1000000.0,0.0,2022-12-31,header_year,0000310158_0001628280-23-005061,rules,,0.041312717670936965,0,0,0.0
operating_income,row_not_found,39.0,,1000000.0,0.0,2022-12-31,header_year,0000310158_0001628280-23-005061,rules,,0.041312717670936965,0,0,0.0
net_income,ok,39.0,"net income attributable to merck & co., inc.",1000000.0,0.0,2022-12-31,header_year,0000310158_0001628280-23-005061,rules,14519000000.0,0.041312717670936965,0,0,0.0
eps_diluted,row_not_found,39.0,,1000000.0,0.0,2022-12-31,header_year,0000310158_0001628280-23-005061,rules,,0.041312717670936965,0,0,0.0
total_assets,row_not_found,41.0,,1000000.0,0.0,2022-12-31,header_year,0000310158_0001628280-23-005061,rules,,0.041312717670936965,0,0,0.0
total_liabilities,row_not_found,41.0,,1000000.0,0.0,2022-12-31,header_year,0000310158_0001628280-23-005061,rules,,0.041312717670936965,0,0,0.0
stockholders_equity,ok,41.0,"total merck & co., inc. stockholders' equity",1000000.0,0.0,2022-12-31,header_year,0000310158_0001628280-23-005061,rules,45991000000.0,0.041312717670936965,0,0,0.0
cash_and_equivalents,ok,41.0,cash and cash equivalents,1000000.0,0.0,2022-12-31,header_year,0000310158_0001628280-23-005061,rules,12694000000.0,0.041312717670936965,0,0,0.0
operating_cash_flow,ok,43.0,net cash provided by operating activities,1000000.0,0.0,2022-12-31,header_year,0000310158_0001628280-23-005061,rules,987000000.0,0.041312717670936965,0,0,0.0
revenue,row_not_found,42.0,,1000000.0,0.0,2023-12-31,header_year,0000310158_0001628280-24-006850,rules,,0.04254444444733155,0,0,0.0
operating_income,row_not_found,42.0,,1000000.0,0.0,2023-12-31,header_year,0000310158_0001628280-24-006850,rules,,0.04254444444733155,0,0,0.0
net_income,ok,42.0,"net income attributable to merck & co., inc.",1000000.0,0.0,2023-12-31,header_year,0000310158_0001628280-24-006850,rules,365000000.0,0.04254444444733155,0,0,0.0
eps_diluted,row_not_found,42.0,,1000000.0,0.0,2023-12-31,header_year,0000310158_0001628280-24-006850,rules,,0.04254444444733155,0,0,0.0
total_assets,row_not_found,44.0,,1000000.0,0.0,2023-12-31,header_year,0000310158_0001628280-24-006850,rules,,0.04254444444733155,0,0,0.0
total_liabilities,row_not_found,44.0,,1000000.0,0.0,2023-12-31,header_year,0000310158_0001628280-24-006850,rules,,0.04254444444733155,0,0,0.0
stockholders_equity,ok,44.0,"total merck & co., inc. stockholders' equity",1000000.0,0.0,2023-12-31,header_year,0000310158_0001628280-24-006850,rules,37581000000.0,0.04254444444733155,0,0,0.0
cash_and_equivalents,ok,44.0,cash and cash equivalents,1000000.0,0.0,2023-12-31,header_year,0000310158_0001628280-24-006850,rules,6841000000.0,0.04254444444733155,0,0,0.0
operating_cash_flow,ok,46.0,net cash provided by operating activities,1000000.0,0.0,2023-12-31,header_year,0000310158_0001628280-24-006850,rules,987000000.0,0.04254444444733155,0,0,0.0
revenue,row_not_found,41.0,,1000000.0,0.0,2024-12-31,header_year,0000310158_0001628280-25-007732,rules,,0.041811370329620935,0,0,0.0
operating_income,row_not_found,41.0,,1000000.0,0.0,2024-12-31,header_year,0000310158_0001628280-25-007732,rules,,0.041811370329620935,0,0,0.0
net_income,ok,41.0,"net income attributable to merck & co., inc.",1000000.0,0.0,2024-12-31,header_year,0000310158_0001628280-25-007732,rules,17117000000.0,0.041811370329620935,0,0,0.0
eps_diluted,row_not_found,41.0,,1000000.0,0.0,2024-12-31,header_year,0000310158_0001628280-25-007732,rules,,0.041811370329620935,0,0,0.0
total_assets,row_not_found,43.0,,1000000.0,0.0,2024-12-31,header_year,0000310158_0001628280-25-007732,rules,,0.041811370329620935,0,0,0.0
total_liabilities,row_not_found,43.0,,1000000.0,0.0,2024-12-31,header_year,0000310158_0001628280-25-007732,rules,,0.041811370329620935,0,0,0.0
stockholders_equity,ok,43.0,"total merck & co., inc. stockholders' equity",1000000.0,0.0,2024-12-31,header_year,0000310158_0001628280-25-007732,rules,46313000000.0,0.041811370329620935,0,0,0.0
cash_and_equivalents,ok,43.0,cash and cash equivalents,1000000.0,0.0,2024-12-31,header_year,0000310158_0001628280-25-007732,rules,13242000000.0,0.041811370329620935,0,0,0.0
operating_cash_flow,ok,45.0,net cash provided by operating activities,1000000.0,0.0,2024-12-31,header_year,0000310158_0001628280-25-007732,rules,21468000000.0,0.041811370329620935,0,0,0.0
revenue,ok,208.0,revenue,1000000.0,0.0,2019-12-31,header_year,0001326801_0001326801-20-000013,rules,70697000000.0,0.026284398110066023,0,0,0.0
operating_income,ok,208.0,income from operations,1000000.0,0.0,2019-12-31,header_year,0001326801_0001326801-20-000013,rules,23986000000.0,0.026284398110066023,0,0,0.0
net_income,ok,208.0,net income attributable to class a and class b common stockholders,1000000.0,0.0,2019-12-31,header_year,0001326801_0001326801-20-000013,rules,18485000000.0,0.026284398110066023,0,0,0.0
eps_diluted,ok,208.0,diluted,1000000.0,0.0,2019-12-31,header_year,0001326801_0001326801-20-000013,rules,6.43,0.026284398110066023,0,0,0.0
total_assets,ok,207.0,total assets,1000000.0,0.0,2019-12-31,header_year,0001326801_0001326801-20-000013,rules,133376000000.0,0.026284398110066023,0,0,0.0
total_liabilities,ok,207.0,total liabilities,1000000.0,0.0,2019-12-31,header_year,0001326801_0001326801-20-000013,rules,32322000000.0,0.026284398110066023,0,0,0.0
stockholders_equity,ok,207.0,total stockholders' equity,1000000.0,0.0,2019-12-31,header_year,0001326801_0001326801-20-000013,rules,101054000000.0,0.026284398110066023,0,0,0.0
cash_and_equivalents,ok,207.0,cash and cash equivalents,1000000.0,0.0,2019-12-31,header_year,0001326801_0001326801-20-000013,rules,19079000000.0,0.026284398110066023,0,0,0.0
operating_cash_flow,ok,211.0,net cash provided by operating activities,1000000.0,0.0,2019-12-31,header_year,0001326801_0001326801-20-000013,rules,36314000000.0,0.026284398110066023,0,0,0.0
revenue,ok,39.0,revenue,1000000.0,0.0,2020-12-31,header_year,0001326801_0001326801-21-000014,rules,85965000000.0,0.024900703781491354,0,0,0.0
operating_income,ok,39.0,income from operations,1000000.0,0.0,2020-12-31,header_year,0001326801_0001326801-21-000014,rules,32671000000.0,0.024900703781491354,0,0,0.0
net_income,ok,39.0,net income attributable to class a and class b common stockholders,1000000.0,0.0,2020-12-31,header_year,0001326801_0001326801-21-000014,rules,29146000000.0,0.024900703781491354,0,0,0.0
eps_diluted,ok,39.0,diluted,1000000.0,0.0,2020-12-31,header_year,0001326801_0001326801-21-000014,rules,10.09,0.024900703781491354,0,0,0.0
total_assets,ok,38.0,total assets,1000000.0,0.0,2020-12-31,header_year,0001326801_0001326801-21-000014,rules,159316000000.0,0.024900703781491354,0,0,0.0
total_liabilities,ok,38.0,total liabilities,1000000.0,0.0,2020-12-31,header_year,0001326801_0001326801-21-000014,rules,31026000000.0,0.024900703781491354,0,0,0.0
stockholders_equity,ok,38.0,total stockholders' equity,1000000.0,0.0,2020-12-31,header_year,0001326801_0001326801-21-000014,rules,128290000000.0,0.024900703781491354,0,0,0.0
cash_and_equivalents,ok,38.0,cash and cash equivalents,1000000.0,0.0,2020-12-31,header_year,0001326801_0001326801-21-000014,rules,17576000000.0,0.024900703781491354,0,0,0.0
operating_cash_flow,ok,42.0,net cash provided by operating activities,1000000.0,0.0,2020-12-31,header_year,0001326801_0001326801-21-000014,rules,38747000000.0,0.024900703781491354,0,0,0.0
revenue,ok,35.0,revenue,1000000.0,0.0,2021-12-31,header_year,0001326801_0001326801-22-000018,rules,117929000000.0,0.024895060108974576,0,0,0.0
operating_income,ok,35.0,income from operations,1000000.0,0.0,2021-12-31,header_year,0001326801_0001326801-22-000018,rules,46753000000.0,0.024895060108974576,0,0,0.0
net_income,ok,35.0,net income,1000000.0,0.0,2021-12-31,header_year,0001326801_0001326801-22-000018,rules,39370000000.0,0.024895060108974576,0,0,0.0
eps_diluted,ok,35.0,diluted,1000000.0,0.0,2021-12-31,header_year,0001326801_0001326801-22-000018,rules,13.77,0.024895060108974576,0,0,0.0
total_assets,ok,34.0,total assets,1000000.0,0.0,2021-12-31,header_year,0001326801_0001326801-22-000018,rules,165987000000.0,0.024895060108974576,0,0,0.0
total_liabilities,ok,34.0,total liabilities,1000000.0,0.0,2021-12-31,header_year,0001326801_0001326801-22-000018,rules,41108000000.0,0.024895060108974576,0,0,0.0
stockholders_equity,ok,34.0,total stockholders' equity,1000000.0,0.0,2021-12-31,header_year,0001326801_0001326801-22-000018,rules,124879000000.0,0.024895060108974576,0,0,0.0
cash_and_equivalents,ok,34.0,cash and cash equivalents,1000000.0,0.0,2021-12-31,header_year,0001326801_0001326801-22-000018,rules,16601000000.0,0.024895060108974576,0,0,0.0
operating_cash_flow,ok,38.0,net cash provided by operating activities,1000000.0,0.0,2021-12-31,header_year,0001326801_0001326801-22-000018,rules,57683000000.0,0.024895060108974576,0,0,0.0
revenue,ok,33.0,revenue,1000000.0,0.0,2022-12-31,header_year,0001326801_0001326801-23-000013,rules,116609000000.0,0.026873254669933684,0,0,0.0
operating_income,ok,33.0,income from operations,1000000.0,0.0,2022-12-31,header_year,0001326801_0001326801-23-000013,rules,28944000000.0,0.026873254669933684,0,0,0.0
net_income,ok,33.0,net income,1000000.0,0.0,2022-12-31,header_year,0001326801_0001326801-23-000013,rules,23200000000.0,0.026873254669933684,0,0,0.0
eps_diluted,ok,33.0,diluted,1000000.0,0.0,2022-12-31,header_year,0001326801_0001326801-23-000013,rules,8.59,0.026873254669933684,0,0,0.0
total_assets,ok,32.0,total assets,1000000.0,0.0,2022-12-31,header_year,0001326801_0001326801-23-000013,rules,185727000000.0,0.026873254669933684,0,0,0.0
total_liabilities,ok,32.0,total liabilities,1000000.0,0.0,2022-12-31,header_year,0001326801_0001326801-23-000013,rules,60014000000.0,0.026873254669933684,0,0,0.0
stockholders_equity,ok,32.0,total stockholders' equity,1000000.0,0.0,2022-12-31,header_year,0001326801_0001326801-23-000013,rules,125713000000.0,0.026873254669933684,0,0,0.0
cash_and_equivalents,ok,32.0,cash and cash equivalents,1000000.0,0.0,2022-12-31,header_year,0001326801_0001326801-23-000013,rules,14681000000.0,0.026873254669933684,0,0,0.0
operating_cash_flow,ok,36.0,net cash provided by operating activities,1000000.0,0.0,2022-12-31,header_year,0001326801_0001326801-23-000013,rules,50475000000.0,0.026873254669933684,0,0,0.0
revenue,ok,27.0,revenue,1000000.0,0.0,2023-12-31,header_year,0001326801_0001326801-24-000012,rules,134902000000.0,0.026625800884277042,0,0,0.0
operating_income,ok,27.0,income from operations,1000000.0,0.0,2023-12-31,header_year,0001326801_0001326801-24-000012,rules,46751000000.0,0.026625800884277042,0,0,0.0
net_income,ok,27.0,net income,1000000.0,0.0,2023-12-31,header_year,0001326801_0001326801-24-000012,rules,39098000000.0,0.026625800884277042,0,0,0.0
eps_diluted,ok,27.0,diluted,1000000.0,0.0,2023-12-31,header_year,0001326801_0001326801-24-000012,rules,14.87,0.026625800884277042,0,0,0.0
total_assets,ok,26.0,total assets,1000000.0,0.0,2023-12-31,header_year,0001326801_0001326801-24-000012,rules,229623000000.0,0.026625800884277042,0,0,0.0
total_liabilities,ok,26.0,total liabilities,1000000.0,0.0,2023-12-31,header_year,0001326801_0001326801-24-000012,rules,76455000000.0,0.026625800884277042,0,0,0.0
stockholders_equity,ok,26.0,total stockholders' equity,1000000.0,0.0,2023-12-31,header_year,0001326801_0001326801-24-000012,rules,153168000000.0,0.026625800884277042,0,0,0.0
cash_and_equivalents,ok,26.0,cash and cash equivalents,1000000.0,0.0,2023-12-31,header_year,0001326801_0001326801-24-000012,rules,41862000000.0,0.026625800884277042,0,0,0.0
operating_cash_flow,ok,30.0,net cash provided by operating activities,1000000.0,0.0,2023-12-31,header_year,0001326801_0001326801-24-000012,rules,71113000000.0,0.026625800884277042,0,0,0.0
revenue,ok,25.0,revenue,1000000.0,0.0,2024-12-31,header_year,0001326801_0001326801-25-000017,rules,164501000000.0,0.026279527778064624,0,0,0.0
operating_income,ok,25.0,income from operations,1000000.0,0.0,2024-12-31,header_year,0001326801_0001326801-25-000017,rules,69380000000.0,0.026279527778064624,0,0,0.0
net_income,ok,25.0,net income,1000000.0,0.0,2024-12-31,header_year,0001326801_0001326801-25-000017,rules,62360000000.0,0.026279527778064624,0,0,0.0
eps_diluted,ok,25.0,diluted,1000000.0,0.0,2024-12-31,header_year,0001326801_0001326801-25-000017,rules,23.86,0.026279527778064624,0,0,0.0
total_assets,ok,24.0,total assets,1000000.0,0.0,2024-12-31,header_year,0001326801_0001326801-25-000017,rules,276054000000.0,0.026279527778064624,0,0,0.0
total_liabilities,ok,24.0,total liabilities,1000000.0,0.0,2024-12-31,header_year,0001326801_0001326801-25-000017,rules,93417000000.0,0.026279527778064624,0,0,0.0
stockholders_equity,ok,24.0,total stockholders' equity,1000000.0,0.0,2024-12-31,header_year,0001326801_0001326801-25-000017,rules,182637000000.0,0.026279527778064624,0,0,0.0
cash_and_equivalents,ok,24.0,cash and cash equivalents,1000000.0,0.0,2024-12-31,header_year,0001326801_0001326801-25-000017,rules,43889000000.0,0.026279527778064624,0,0,0.0
operating_cash_flow,ok,28.0,net cash provided by operating activities,1000000.0,0.0,2024-12-31,header_year,0001326801_0001326801-25-000017,rules,91328000000.0,0.026279527778064624,0,0,0.0
revenue,ok,146.0,total revenue,1000000.0,0.0,2019-06-30,header_year,0000789019_0001564590-19-027952,rules,125843000000.0,0.035503287004151694,0,0,0.0
operating_income,ok,146.0,operating income,1000000.0,0.0,2019-06-30,header_year,0000789019_0001564590-19-027952,rules,42959000000.0,0.035503287004151694,0,0,0.0
net_income,ok,146.0,net income,1000000.0,0.0,2019-06-30,header_year,0000789019_0001564590-19-027952,rules,39240000000.0,0.035503287004151694,0,0,0.0
eps_diluted,ok,146.0,diluted,1000000.0,0.0,2019-06-30,header_year,0000789019_0001564590-19-027952,rules,5.06,0.035503287004151694,0,0,0.0
total_assets,row_not_found,151.0,,1000000.0,0.0,2019-06-30,header_year,0000789019_0001564590-19-027952,rules,,0.035503287004151694,0,0,0.0
total_liabilities,row_not_found,151.0,,1000000.0,0.0,2019-06-30,header_year,0000789019_0001564590-19-027952,rules,,0.035503287004151694,0,0,0.0
stockholders_equity,row_not_found,151.0,,1000000.0,0.0,2019-06-30,header_year,0000789019_0001564590-19-027952,rules,,0.035503287004151694,0,0,0.0
cash_and_equivalents,row_not_found,151.0,,1000000.0,0.0,2019-06-30,header_year,0000789019_0001564590-19-027952,rules,,0.035503287004151694,0,0,0.0
operating_cash_flow,statement_not_found,,,,,,,0000789019_0001564590-19-027952,rules,,0.035503287004151694,0,0,0.0
revenue,ok,152.0,total revenue,1000000.0,0.0,2020-06-30,header_year,0000789019_0001564590-20-034944,rules,143015000000.0,0.03252387500186968,0,0,0.0
operating_income,ok,152.0,operating income,1000000.0,0.0,2020-06-30,header_year,0000789019_0001564590-20-034944,rules,52959000000.0,0.03252387500186968,0,0,0.0
net_income,ok,152.0,net income,1000000.0,0.0,2020-06-30,header_year,0000789019_0001564590-20-034944,rules,44281000000.0,0.03252387500186968,0,0,0.0
eps_diluted,ok,152.0,diluted,1000000.0,0.0,2020-06-30,header_year,0000789019_0001564590-20-034944,rules,5.76,0.03252387500186968,0,0,0.0
total_assets,row_not_found,157.0,,1000000.0,0.0,2020-06-30,header_year,0000789019_0001564590-20-034944,rules,,0.03252387500186968,0,0,0.0
total_liabilities,row_not_found,157.0,,1000000.0,0.0,2020-06-30,header_year,0000789019_0001564590-20-034944,rules,,0.03252387500186968,0,0,0.0
stockholders_equity,row_not_found,157.0,,1000000.0,0.0,2020-06-30,header_year,0000789019_0001564590-20-034944,rules,,0.03252387500186968,0,0,0.0
cash_and_equivalents,row_not_found,157.0,,1000000.0,0.0,2020-06-30,header_year,0000789019_0001564590-20-034944,rules,,0.03252387500186968,0,0,0.0
operating_cash_flow,statement_not_found,,,,,,,0000789019_0001564590-20-034944,rules,,0.03252387500186968,0,0,0.0
revenue,ok,138.0,total revenue,1000000.0,0.0,2021-06-30,header_year,0000789019_0001564590-21-039151,rules,168088000000.0,0.03097840277607449,0,0,0.0
operating_income,ok,138.0,operating income,1000000.0,0.0,2021-06-30,header_year,0000789019_0001564590-21-039151,rules,69916000000.0,0.03097840277607449,0,0,0.0
net_income,ok,138.0,net income,1000000.0,0.0,2021-06-30,header_year,0000789019_0001564590-21-039151,rules,61271000000.0,0.03097840277607449,0,0,0.0
eps_diluted,ok,138.0,diluted,1000000.0,0.0,2021-06-30,header_year,0000789019_0001564590-21-039151,rules,8.05,0.03097840277607449,0,0,0.0
total_assets,row_not_found,143.0,,1000000.0,0.0,2021-06-30,header_year,0000789019_0001564590-21-039151,rules,,0.03097840277607449,0,0,0.0
total_liabilities,row_not_found,143.0,,1000000.0,0.0,2021-06-30,header_year,0000789019_0001564590-21-039151,rules,,0.03097840277607449,0,0,0.0
stockholders_equity,row_not_found,143.0,,1000000.0,0.0,2021-06-30,header_year,0000789019_0001564590-21-039151,rules,,0.03097840277607449,0,0,0.0
cash_and_equivalents,row_not_found,143.0,,1000000.0,0.0,2021-06-30,header_year,0000789019_0001564590-21-039151,rules,,0.03097840277607449,0,0,0.0
operating_cash_flow,statement_not_found,,,,,,,0000789019_0001564590-21-039151,rules,,0.03097840277607449,0,0,0.0
revenue,ok,149.0,total revenue,1000000.0,0.0,2022-06-30,header_year,0000789019_0001564590-22-026876,rules,198270000000.0,0.046381448997029416,0,0,0.0
operating_income,ok,149.0,operating income,1000000.0,0.0,2022-06-30,header_year,0000789019_0001564590-22-026876,rules,83383000000.0,0.046381448997029416,0,0,0.0
net_income,ok,149.0,net income,1000000.0,0.0,2022-06-30,header_year,0000789019_0001564590-22-026876,rules,72738000000.0,0.046381448997029416,0,0,0.0
eps_diluted,ok,149.0,diluted,1000000.0,0.0,2022-06-30,header_year,0000789019_0001564590-22-026876,rules,9.65,0.046381448997029416,0,0,0.0
total_assets,row_not_found,154.0,,1000000.0,0.0,2022-06-30,header_year,0000789019_0001564590-22-026876,rules,,0.046381448997029416,0,0,0.0
total_liabilities,row_not_found,154.0,,1000000.0,0.0,2022-06-30,header_year,0000789019_0001564590-22-026876,rules,,0.046381448997029416,0,0,0.0
stockholders_equity,row_not_found,154.0,,1000000.0,0.0,2022-06-30,header_year,0000789019_0001564590-22-026876,rules,,0.046381448997029416,0,0,0.0
cash_and_equivalents,row_not_found,154.0,,1000000.0,0.0,2022-06-30,header_year,0000789019_0001564590-22-026876,rules,,0.046381448997029416,0,0,0.0
operating_cash_flow,statement_not_found,,,,,,,0000789019_0001564590-22-026876,rules,,0.046381448997029416,0,0,0.0
revenue,ok,24.0,total revenue,1000000.0,0.0,2023-06-30,header_year,0000789019_0000950170-23-035122,rules,211915000000.0,0.030517023224900994,0,0,0.0
operating_income,ok,24.0,operating income,1000000.0,0.0,2023-06-30,header_year,0000789019_0000950170-23-035122,rules,88523000000.0,0.030517023224900994,0,0,0.0
net_income,ok,24.0,net income,1000000.0,0.0,2023-06-30,header_year,0000789019_0000950170-23-035122,rules,72361000000.0,0.030517023224900994,0,0,0.0
eps_diluted,ok,24.0,diluted,1000000.0,0.0,2023-06-30,header_year,0000789019_0000950170-23-035122,rules,9.68,0.030517023224900994,0,0,0.0
total_assets,row_not_found,29.0,,1000000.0,0.0,2023-06-30,header_year,0000789019_0000950170-23-035122,rules,,0.030517023224900994,0,0,0.0
total_liabilities,row_not_found,29.0,,1000000.0,0.0,2023-06-30,header_year,0000789019_0000950170-23-035122,rules,,0.030517023224900994,0,0,0.0
stockholders_equity,row_not_found,29.0,,1000000.0,0.0,2023-06-30,header_year,0000789019_0000950170-23-035122,rules,,0.030517023224900994,0,0,0.0
cash_and_equivalents,row_not_found,29.0,,1000000.0,0.0,2023-06-30,header_year,0000789019_0000950170-23-035122,rules,,0.030517023224900994,0,0,0.0
operating_cash_flow,statement_not_found,,,,,,,0000789019_0000950170-23-035122,rules,,0.030517023224900994,0,0,0.0
revenue,ok,24.0,total revenue,1000000.0,0.0,2024-06-30,header_year,0000789019_0000950170-24-087843,rules,245122000000.0,0.032363199001540326,0,0,0.0
operating_income,ok,24.0,operating income,1000000.0,0.0,2024-06-30,header_year,0000789019_0000950170-24-087843,rules,109433000000.0,0.032363199001540326,0,0,0.0
net_income,ok,24.0,net income,1000000.0,0.0,2024-06-30,header_year,0000789019_0000950170-24-087843,rules,88136000000.0,0.032363199001540326,0,0,0.0
eps_diluted,ok,24.0,diluted,1000000.0,0.0,2024-06-30,header_year,0000789019_0000950170-24-087843,rules,11.8,0.032363199001540326,0,0,0.0
total_assets,row_not_found,29.0,,1000000.0,0.0,2024-06-30,header_year,0000789019_0000950170-24-087843,rules,,0.032363199001540326,0,0,0.0
total_liabilities,row_not_found,29.0,,1000000.0,0.0,2024-06-30,header_year,0000789019_0000950170-24-087843,rules,,0.032363199001540326,0,0,0.0
stockholders_equity,row_not_found,29.0,,1000000.0,0.0,2024-06-30,header_year,0000789019_0000950170-24-087843,rules,,0.032363199001540326,0,0,0.0
cash_and_equivalents,row_not_found,29.0,,1000000.0,0.0,2024-06-30,header_year,0000789019_0000950170-24-087843,rules,,0.032363199001540326,0,0,0.0
operating_cash_flow,statement_not_found,,,,,,,0000789019_0000950170-24-087843,rules,,0.032363199001540326,0,0,0.0
revenue,ok,88.0,revenue,1000000.0,0.0,2019-01-27,header_full_date,0001045810_0001045810-19-000023,rules,11716000000.0,0.027192962996196002,0,0,0.0
operating_income,ok,88.0,income from operations,1000000.0,0.0,2019-01-27,header_full_date,0001045810_0001045810-19-000023,rules,3804000000.0,0.027192962996196002,0,0,0.0
net_income,ok,88.0,net income,1000000.0,0.0,2019-01-27,header_full_date,0001045810_0001045810-19-000023,rules,4141000000.0,0.027192962996196002,0,0,0.0
eps_diluted,ok,88.0,diluted,1000000.0,0.0,2019-01-27,header_full_date,0001045810_0001045810-19-000023,rules,6.63,0.027192962996196002,0,0,0.0
total_assets,ok,90.0,total assets,1000000.0,0.0,2019-01-27,header_full_date,0001045810_0001045810-19-000023,rules,13292000000.0,0.027192962996196002,0,0,0.0
total_liabilities,ok,90.0,total liabilities,1000000.0,0.0,2019-01-27,header_full_date,0001045810_0001045810-19-000023,rules,3950000000.0,0.027192962996196002,0,0,0.0
stockholders_equity,ok,90.0,total shareholders' equity,1000000.0,0.0,2019-01-27,header_full_date,0001045810_0001045810-19-000023,rules,9342000000.0,0.027192962996196002,0,0,0.0
cash_and_equivalents,ok,90.0,cash and cash equivalents,1000000.0,0.0,2019-01-27,header_full_date,0001045810_0001045810-19-000023,rules,782000000.0,0.027192962996196002,0,0,0.0
operating_cash_flow,ok,92.0,net cash provided by operating activities,1000000.0,0.0,2019-01-27,header_full_date,0001045810_0001045810-19-000023,rules,3743000000.0,0.027192962996196002,0,0,0.0
revenue,ok,97.0,revenue,1000000.0,0.0,2020-01-26,header_full_date,0001045810_0001045810-20-000010,rules,10918000000.0,0.02757184266940587,0,0,0.0
operating_income,ok,97.0,income from operations,1000000.0,0.0,2020-01-26,header_full_date,0001045810_0001045810-20-000010,rules,2846000000.0,0.02757184266940587,0,0,0.0
net_income,ok,97.0,net income,1000000.0,0.0,2020-01-26,header_full_date,0001045810_0001045810-20-000010,rules,2796000000.0,0.02757184266940587,0,0,0.0
eps_diluted,ok,97.0,diluted,1000000.0,0.0,2020-01-26,header_full_date,0001045810_0001045810-20-000010,rules,4.52,0.02757184266940587,0,0,0.0
total_assets,ok,99.0,total assets,1000000.0,0.0,2020-01-26,header_full_date,0001045810_0001045810-20-000010,rules,17315000000.0,0.02757184266940587,0,0,0.0
total_liabilities,ok,99.0,total liabilities,1000000.0,0.0,2020-01-26,header_full_date,0001045810_0001045810-20-000010,rules,5111000000.0,0.02757184266940587,0,0,0.0
stockholders_equity,ok,99.0,total shareholders' equity,1000000.0,0.0,2020-01-26,header_full_date,0001045810_0001045810-20-000010,rules,12204000000.0,0.02757184266940587,0,0,0.0
cash_and_equivalents,ok,99.0,cash and cash equivalents,1000000.0,0.0,2020-01-26,header_full_date,0001045810_0001045810-20-000010,rules,10896000000.0,0.02757184266940587,0,0,0.0
operating_cash_flow,ok,101.0,net cash provided by operating activities,1000000.0,0.0,2020-01-26,header_full_date,0001045810_0001045810-20-000010,rules,4761000000.0,0.02757184266940587,0,0,0.0
revenue,ok,15.0,revenue,1000000.0,0.0,2021-01-31,header_full_date,0001045810_0001045810-21-000010,rules,16675000000.0,0.023420342554648716,0,0,0.0
operating_income,ok,15.0,income from operations,1000000.0,0.0,2021-01-31,header_full_date,0001045810_0001045810-21-000010,rules,4532000000.0,0.023420342554648716,0,0,0.0
net_income,ok,15.0,net income,1000000.0,0.0,2021-01-31,header_full_date,0001045810_0001045810-21-000010,rules,4332000000.0,0.023420342554648716,0,0,0.0
eps_diluted,ok,15.0,diluted,1000000.0,0.0,2021-01-31,header_full_date,0001045810_0001045810-21-000010,rules,6.9,0.023420342554648716,0,0,0.0
total_assets,ok,17.0,total assets,1000000.0,0.0,2021-01-31,header_full_date,0001045810_0001045810-21-000010,rules,28791000000.0,0.023420342554648716,0,0,0.0
total_liabilities,ok,17.0,total liabilities,1000000.0,0.0,2021-01-31,header_full_date,0001045810_0001045810-21-000010,rules,11898000000.0,0.023420342554648716,0,0,0.0
stockholders_equity,ok,17.0,total shareholders' equity,1000000.0,0.0,2021-01-31,header_full_date,0001045810_0001045810-21-000010,rules,16893000000.0,0.023420342554648716,0,0,0.0
cash_and_equivalents,ok,17.0,cash and cash equivalents,1000000.0,0.0,2021-01-31,header_full_date,0001045810_0001045810-21-000010,rules,847000000.0,0.023420342554648716,0,0,0.0
operating_cash_flow,ok,19.0,net cash provided by operating activities,1000000.0,0.0,2021-01-31,header_full_date,0001045810_0001045810-21-000010,rules,5822000000.0,0.023420342554648716,0,0,0.0
revenue,ok,15.0,revenue,1000000.0,0.0,2022-01-30,header_full_date,0001045810_0001045810-22-000036,rules,26914000000.0,0.02417338422835908,0,0,0.0
operating_income,ok,15.0,income from operations,1000000.0,0.0,2022-01-30,header_full_date,0001045810_0001045810-22-000036,rules,10041000000.0,0.02417338422835908,0,0,0.0
net_income,ok,15.0,net income,1000000.0,0.0,2022-01-30,header_full_date,0001045810_0001045810-22-000036,rules,9752000000.0,0.02417338422835908,0,0,0.0
eps_diluted,ok,15.0,diluted,1000000.0,0.0,2022-01-30,header_full_date,0001045810_0001045810-22-000036,rules,3.85,0.02417338422835908,0,0,0.0
total_assets,ok,17.0,total assets,1000000.0,0.0,2022-01-30,header_full_date,0001045810_0001045810-22-000036,rules,44187000000.0,0.02417338422835908,0,0,0.0
total_liabilities,ok,17.0,total liabilities,1000000.0,0.0,2022-01-30,header_full_date,0001045810_0001045810-22-000036,rules,17575000000.0,0.02417338422835908,0,0,0.0
stockholders_equity,ok,17.0,total shareholders' equity,1000000.0,0.0,2022-01-30,header_full_date,0001045810_0001045810-22-000036,rules,26612000000.0,0.02417338422835908,0,0,0.0
cash_and_equivalents,ok,17.0,cash and cash equivalents,1000000.0,0.0,2022-01-30,header_full_date,0001045810_0001045810-22-000036,rules,1990000000.0,0.02417338422835908,0,0,0.0
operating_cash_flow,ok,19.0,net cash provided by operating activities,1000000.0,0.0,2022-01-30,header_full_date,0001045810_0001045810-22-000036,rules,9108000000.0,0.02417338422835908,0,0,0.0
revenue,ok,18.0,revenue,1000000.0,0.0,2023-01-29,header_full_date,0001045810_0001045810-23-000017,rules,26974000000.0,0.025650231445777334,0,0,0.0
operating_income,ok,18.0,income from operations,1000000.0,0.0,2023-01-29,header_full_date,0001045810_0001045810-23-000017,rules,4224000000.0,0.025650231445777334,0,0,0.0
net_income,ok,18.0,net income,1000000.0,0.0,2023-01-29,header_full_date,0001045810_0001045810-23-000017,rules,4368000000.0,0.025650231445777334,0,0,0.0
eps_diluted,ok,18.0,diluted,1000000.0,0.0,2023-01-29,header_full_date,0001045810_0001045810-23-000017,rules,1.74,0.025650231445777334,0,0,0.0
total_assets,ok,20.0,total assets,1000000.0,0.0,2023-01-29,header_full_date,0001045810_0001045810-23-000017,rules,41182000000.0,0.025650231445777334,0,0,0.0
total_liabilities,ok,20.0,total liabilities,1000000.0,0.0,2023-01-29,header_full_date,0001045810_0001045810-23-000017,rules,19081000000.0,0.025650231445777334,0,0,0.0
stockholders_equity,ok,20.0,total shareholders' equity,1000000.0,0.0,2023-01-29,header_full_date,0001045810_0001045810-23-000017,rules,22101000000.0,0.025650231445777334,0,0,0.0
cash_and_equivalents,ok,20.0,cash and cash equivalents,1000000.0,0.0,2023-01-29,header_full_date,0001045810_0001045810-23-000017,rules,3389000000.0,0.025650231445777334,0,0,0.0
operating_cash_flow,ok,22.0,net cash provided by operating activities,1000000.0,0.0,2023-01-29,header_full_date,0001045810_0001045810-23-000017,rules,5641000000.0,0.025650231445777334,0,0,0.0
revenue,ok,19.0,revenue,1000000.0,0.0,2024-01-28,header_full_date,0001045810_0001045810-24-000029,rules,60922000000.0,0.027343745330452092,0,0,0.0
operating_income,ok,19.0,operating income,1000000.0,0.0,2024-01-28,header_full_date,0001045810_0001045810-24-000029,rules,32972000000.0,0.027343745330452092,0,0,0.0
net_income,ok,19.0,net income,1000000.0,0.0,2024-01-28,header_full_date,0001045810_0001045810-24-000029,rules,29760000000.0,0.027343745330452092,0,0,0.0
eps_diluted,ok,19.0,diluted,1000000.0,0.0,2024-01-28,header_full_date,0001045810_0001045810-24-000029,rules,11.93,0.027343745330452092,0,0,0.0
total_assets,ok,21.0,total assets,1000000.0,0.0,2024-01-28,header_full_date,0001045810_0001045810-24-000029,rules,65728000000.0,0.027343745330452092,0,0,0.0
total_liabilities,ok,21.0,total liabilities,1000000.0,0.0,2024-01-28,header_full_date,0001045810_0001045810-24-000029,rules,22750000000.0,0.027343745330452092,0,0,0.0
stockholders_equity,ok,21.0,total shareholders' equity,1000000.0,0.0,2024-01-28,header_full_date,0001045810_0001045810-24-000029,rules,42978000000.0,0.027343745330452092,0,0,0.0
cash_and_equivalents,ok,21.0,cash and cash equivalents,1000000.0,0.0,2024-01-28,header_full_date,0001045810_0001045810-24-000029,rules,7280000000.0,0.027343745330452092,0,0,0.0
operating_cash_flow,ok,23.0,net cash provided by operating activities,1000000.0,0.0,2024-01-28,header_full_date,0001045810_0001045810-24-000029,rules,28090000000.0,0.027343745330452092,0,0,0.0
revenue,ok,206.0,total revenues,1000000.0,0.0,2019-05-31,header_year,0001341439_0001564590-19-023119,rules,39506000000.0,0.0382553194455492,0,0,0.0
operating_income,ok,206.0,operating income,1000000.0,0.0,2019-05-31,header_year,0001341439_0001564590-19-023119,rules,13535000000.0,0.0382553194455492,0,0,0.0
net_income,ok,206.0,net income,1000000.0,0.0,2019-05-31,header_year,0001341439_0001564590-19-023119,rules,11083000000.0,0.0382553194455492,0,0,0.0
eps_diluted,ok,206.0,diluted,1000000.0,0.0,2019-05-31,header_year,0001341439_0001564590-19-023119,rules,2.97,0.0382553194455492,0,0,0.0
total_assets,ok,205.0,total assets,1000000.0,0.0,2019-05-31,header_year,0001341439_0001564590-19-023119,rules,108709000000.0,0.0382553194455492,0,0,0.0
total_liabilities,row_not_found,205.0,,1000000.0,0.0,2019-05-31,header_year,0001341439_0001564590-19-023119,rules,,0.0382553194455492,0,0,0.0
stockholders_equity,ok,205.0,total oracle corporation stockholders' equity,1000000.0,0.0,2019-05-31,header_year,0001341439_0001564590-19-023119,rules,21785000000.0,0.0382553194455492,0,0,0.0
cash_and_equivalents,ok,205.0,cash and cash equivalents,1000000.0,0.0,2019-05-31,header_year,0001341439_0001564590-19-023119,rules,20514000000.0,0.0382553194455492,0,0,0.0
operating_cash_flow,ok,210.0,net cash provided by operating activities,1000000.0,0.0,2019-05-31,header_year,0001341439_0001564590-19-023119,rules,14551000000.0,0.0382553194455492,0,0,0.0
revenue,ok,222.0,total revenues,1000000.0,0.0,2020-05-31,header_year,0001341439_0001564590-20-030125,rules,39068000000.0,0.036124768556975245,0,0,0.0
operating_income,ok,222.0,operating income,1000000.0,0.0,2020-05-31,header_year,0001341439_0001564590-20-030125,rules,13896000000.0,0.036124768556975245,0,0,0.0
net_income,ok,222.0,net income,1000000.0,0.0,2020-05-31,header_year,0001341439_0001564590-20-030125,rules,10135000000.0,0.036124768556975245,0,0,0.0
eps_diluted,ok,222.0,diluted,1000000.0,0.0,2020-05-31,header_year,0001341439_0001564590-20-030125,rules,3.08,0.036124768556975245,0,0,0.0
total_assets,ok,221.0,total assets,1000000.0,0.0,2020-05-31,header_year,0001341439_0001564590-20-030125,rules,115438000000.0,0.036124768556975245,0,0,0.0
total_liabilities,row_not_found,221.0,,1000000.0,0.0,2020-05-31,header_year,0001341439_0001564590-20-030125,rules,,0.036124768556975245,0,0,0.0
stockholders_equity,ok,221.0,total oracle corporation stockholders' equity,1000000.0,0.0,2020-05-31,header_year,0001341439_0001564590-20-030125,rules,12074000000.0,0.036124768556975245,0,0,0.0
cash_and_equivalents,ok,221.0,cash and cash equivalents,1000000.0,0.0,2020-05-31,header_year,0001341439_0001564590-20-030125,rules,37239000000.0,0.036124768556975245,0,0,0.0
operating_cash_flow,ok,226.0,net cash provided by operating activities,1000000.0,0.0,2020-05-31,header_year,0001341439_0001564590-20-030125,rules,13139000000.0,0.036124768556975245,0,0,0.0
revenue,ok,212.0,total revenues,1000000.0,0.0,2021-05-31,header_year,0001341439_0001564590-21-033616,rules,40479000000.0,0.0347778101115384,0,0,0.0
operating_income,ok,212.0,operating income,1000000.0,0.0,2021-05-31,header_year,0001341439_0001564590-21-033616,rules,15213000000.0,0.0347778101115384,0,0,0.0
net_income,ok,212.0,net income,1000000.0,0.0,2021-05-31,header_year,0001341439_0001564590-21-033616,rules,13746000000.0,0.0347778101115384,0,0,0.0
eps_diluted,ok,212.0,diluted,1000000.0,0.0,2021-05-31,header_year,0001341439_0001564590-21-033616,rules,4.55,0.0347778101115384,0,0,0.0
total_assets,ok,211.0,total assets,1000000.0,0.0,2021-05-31,header_year,0001341439_0001564590-21-033616,rules,131107000000.0,0.0347778101115384,0,0,0.0
total_liabilities,row_not_found,211.0,,1000000.0,0.0,2021-05-31,header_year,0001341439_0001564590-21-033616,rules,,0.0347778101115384,0,0,0.0
stockholders_equity,ok,211.0,total oracle corporation stockholders' equity,1000000.0,0.0,2021-05-31,header_year,0001341439_0001564590-21-033616,rules,5238000000.0,0.0347778101115384,0,0,0.0
cash_and_equivalents,ok,211.0,cash and cash equivalents,1000000.0,0.0,2021-05-31,header_year,0001341439_0001564590-21-033616,rules,30098000000.0,0.0347778101115384,0,0,0.0
operating_cash_flow,ok,216.0,net cash provided by operating activities,1000000.0,0.0,2021-05-31,header_year,0001341439_0001564590-21-033616,rules,15887000000.0,0.0347778101115384,0,0,0.0
revenue,ok,213.0,total revenues,1000000.0,0.0,2022-05-31,header_year,0001341439_0001564590-22-023675,rules,42440000000.0,0.03125308333094128,0,0,0.0
operating_income,ok,213.0,operating income,1000000.0,0.0,2022-05-31,header_year,0001341439_0001564590-22-023675,rules,10926000000.0,0.03125308333094128,0,0,0.0
net_income,ok,213.0,net income,1000000.0,0.0,2022-05-31,header_year,0001341439_0001564590-22-023675,rules,6717000000.0,0.03125308333094128,0,0,0.0
eps_diluted,ok,213.0,diluted,1000000.0,0.0,2022-05-31,header_year,0001341439_0001564590-22-023675,rules,2.41,0.03125308333094128,0,0,0.0
total_assets,ok,212.0,total assets,1000000.0,0.0,2022-05-31,header_year,0001341439_0001564590-22-023675,rules,109297000000.0,0.03125308333094128,0,0,0.0
total_liabilities,row_not_found,212.0,,1000000.0,0.0,2022-05-31,header_year,0001341439_0001564590-22-023675,rules,,0.03125308333094128,0,0,0.0
stockholders_equity,ok,212.0,total stockholders' (deficit) equity,1000000.0,0.0,2022-05-31,header_year,0001341439_0001564590-22-023675,rules,-5768000000.0,0.03125308333094128,0,0,0.0
cash_and_equivalents,ok,212.0,cash and cash equivalents,1000000.0,0.0,2022-05-31,header_year,0001341439_0001564590-22-023675,rules,21383000000.0,0.03125308333094128,0,0,0.0
operating_cash_flow,ok,217.0,net cash provided by operating activities,1000000.0,0.0,2022-05-31,header_year,0001341439_0001564590-22-023675,rules,9539000000.0,0.03125308333094128,0,0,0.0
revenue,ok,33.0,total revenues,1000000.0,0.0,2023-05-31,header_year,0001341439_0000950170-23-028914,rules,49954000000.0,0.032517226891488664,0,0,0.0
operating_income,ok,33.0,operating income,1000000.0,0.0,2023-05-31,header_year,0001341439_0000950170-23-028914,rules,13093000000.0,0.032517226891488664,0,0,0.0
net_income,ok,33.0,net income,1000000.0,0.0,2023-05-31,header_year,0001341439_0000950170-23-028914,rules,8503000000.0,0.032517226891488664,0,0,0.0
eps_diluted,ok,33.0,diluted,1000000.0,0.0,2023-05-31,header_year,0001341439_0000950170-23-028914,rules,3.07,0.032517226891488664,0,0,0.0
total_assets,ok,32.0,total assets,1000000.0,0.0,2023-05-31,header_year,0001341439_0000950170-23-028914,rules,134384000000.0,0.032517226891488664,0,0,0.0
total_liabilities,row_not_found,32.0,,1000000.0,0.0,2023-05-31,header_year,0001341439_0000950170-23-028914,rules,,0.032517226891488664,0,0,0.0
stockholders_equity,ok,32.0,total stockholders' equity (deficit),1000000.0,0.0,2023-05-31,header_year,0001341439_0000950170-23-028914,rules,1556000000.0,0.032517226891488664,0,0,0.0
cash_and_equivalents,ok,32.0,cash and cash equivalents,1000000.0,0.0,2023-05-31,header_year,0001341439_0000950170-23-028914,rules,9765000000.0,0.032517226891488664,0,0,0.0
operating_cash_flow,ok,36.0,net cash provided by operating activities,1000000.0,0.0,2023-05-31,header_year,0001341439_0000950170-23-028914,rules,17165000000.0,0.032517226891488664,0,0,0.0
revenue,ok,35.0,total revenues,1000000.0,0.0,2024-05-31,header_year,0001341439_0000950170-24-075605,rules,52961000000.0,0.033519291668199,0,0,0.0
operating_income,ok,35.0,operating income,1000000.0,0.0,2024-05-31,header_year,0001341439_0000950170-24-075605,rules,15353000000.0,0.033519291668199,0,0,0.0
net_income,ok,35.0,net income,1000000.0,0.0,2024-05-31,header_year,0001341439_0000950170-24-075605,rules,10467000000.0,0.033519291668199,0,0,0.0
eps_diluted,ok,35.0,diluted,1000000.0,0.0,2024-05-31,header_year,0001341439_0000950170-24-075605,rules,3.71,0.033519291668199,0,0,0.0
total_assets,ok,34.0,total assets,1000000.0,0.0,2024-05-31,header_year,0001341439_0000950170-24-075605,rules,140976000000.0,0.033519291668199,0,0,0.0
total_liabilities,row_not_found,34.0,,1000000.0,0.0,2024-05-31,header_year,0001341439_0000950170-24-075605,rules,,0.033519291668199,0,0,0.0
stockholders_equity,ok,34.0,total oracle corporation stockholders' equity,1000000.0,0.0,2024-05-31,header_year,0001341439_0000950170-24-075605,rules,8704000000.0,0.033519291668199,0,0,0.0
cash_and_equivalents,ok,34.0,cash and cash equivalents,1000000.0,0.0,2024-05-31,header_year,0001341439_0000950170-24-075605,rules,10454000000.0,0.033519291668199,0,0,0.0
operating_cash_flow,ok,38.0,net cash provided by operating activities,1000000.0,0.0,2024-05-31,header_year,0001341439_0000950170-24-075605,rules,18673000000.0,0.033519291668199,0,0,0.0
revenue,ok,117.0,net revenue,1000000.0,0.0,2019-12-28,header_year,0000077476_0000077476-20-000015,rules,67161000000.0,0.054646287003480315,0,0,0.0
operating_income,ok,117.0,operating profit,1000000.0,0.0,2019-12-28,header_year,0000077476_0000077476-20-000015,rules,10291000000.0,0.054646287003480315,0,0,0.0
net_income,ok,117.0,net income attributable to pepsico,1000000.0,0.0,2019-12-28,header_year,0000077476_0000077476-20-000015,rules,7314000000.0,0.054646287003480315,0,0,0.0
eps_diluted,ok,117.0,diluted,1000000.0,0.0,2019-12-28,header_year,0000077476_0000077476-20-000015,rules,5.2,0.054646287003480315,0,0,0.0
total_assets,ok,120.0,total assets,1000000.0,0.0,2019-12-28,header_year,0000077476_0000077476-20-000015,rules,78547000000.0,0.054646287003480315,0,0,0.0
total_liabilities,ok,120.0,total liabilities,1000000.0,0.0,2019-12-28,header_year,0000077476_0000077476-20-000015,rules,63679000000.0,0.054646287003480315,0,0,0.0
stockholders_equity,ok,120.0,total pepsico common shareholders' equity,1000000.0,0.0,2019-12-28,header_year,0000077476_0000077476-20-000015,rules,14786000000.0,0.054646287003480315,0,0,0.0
cash_and_equivalents,ok,120.0,cash and cash equivalents,1000000.0,0.0,2019-12-28,header_year,0000077476_0000077476-20-000015,rules,5509000000.0,0.054646287003480315,0,0,0.0
operating_cash_flow,ok,119.0,net cash provided by operating activities,1000000.0,0.0,2019-12-28,header_year,0000077476_0000077476-20-000015,rules,9649000000.0,0.054646287003480315,0,0,0.0
revenue,ok,27.0,net revenue,1000000.0,0.0,2020-12-26,header_year,0000077476_0000077476-21-000007,rules,70372000000.0,0.04229178233072162,0,0,0.0
operating_income,ok,27.0,operating profit,1000000.0,0.0,2020-12-26,header_year,0000077476_0000077476-21-000007,rules,10080000000.0,0.04229178233072162,0,0,0.0
net_income,ok,27.0,net income attributable to pepsico,1000000.0,0.0,2020-12-26,header_year,0000077476_0000077476-21-000007,rules,7120000000.0,0.04229178233072162,0,0,0.0
eps_diluted,ok,27.0,diluted,1000000.0,0.0,2020-12-26,header_year,0000077476_0000077476-21-000007,rules,5.12,0.04229178233072162,0,0,0.0
total_assets,ok,35.0,total assets,1000000.0,0.0,2020-12-26,header_year,0000077476_0000077476-21-000007,rules,92918000000.0,0.04229178233072162,0,0,0.0
total_liabilities,ok,35.0,total liabilities,1000000.0,0.0,2020-12-26,header_year,0000077476_0000077476-21-000007,rules,79366000000.0,0.04229178233072162,0,0,0.0
stockholders_equity,ok,35.0,total pepsico common shareholders' equity,1000000.0,0.0,2020-12-26,header_year,0000077476_0000077476-21-000007,rules,13454000000.0,0.04229178233072162,0,0,0.0
cash_and_equivalents,ok,35.0,cash and cash equivalents,1000000.0,0.0,2020-12-26,header_year,0000077476_0000077476-21-000007,rules,8185000000.0,0.04229178233072162,0,0,0.0
operating_cash_flow,ok,31.0,net cash provided by operating activities,1000000.0,0.0,2020-12-26,header_year,0000077476_0000077476-21-000007,rules,10613000000.0,0.04229178233072162,0,0,0.0
revenue,ok,27.0,net revenue,1000000.0,0.0,2021-12-25,header_year,0000077476_0000077476-22-000010,rules,79474000000.0,0.04510939811330496,0,0,0.0
operating_income,ok,27.0,operating profit,1000000.0,0.0,2021-12-25,header_year,0000077476_0000077476-22-000010,rules,11162000000.0,0.04510939811330496,0,0,0.0
net_income,ok,27.0,net income attributable to pepsico,1000000.0,0.0,2021-12-25,header_year,0000077476_0000077476-22-000010,rules,7618000000.0,0.04510939811330496,0,0,0.0
eps_diluted,ok,27.0,diluted,1000000.0,0.0,2021-12-25,header_year,0000077476_0000077476-22-000010,rules,5.49,0.04510939811330496,0,0,0.0
total_assets,ok,35.0,total assets,1000000.0,0.0,2021-12-25,header_year,0000077476_0000077476-22-000010,rules,92377000000.0,0.04510939811330496,0,0,0.0
total_liabilities,ok,35.0,total liabilities,1000000.0,0.0,2021-12-25,header_year,0000077476_0000077476-22-000010,rules,76226000000.0,0.04510939811330496,0,0,0.0
stockholders_equity,ok,35.0,total pepsico common shareholders' equity,1000000.0,0.0,2021-12-25,header_year,0000077476_0000077476-22-000010,rules,16043000000.0,0.04510939811330496,0,0,0.0
cash_and_equivalents,ok,35.0,cash and cash equivalents,1000000.0,0.0,2021-12-25,header_year,0000077476_0000077476-22-000010,rules,5596000000.0,0.04510939811330496,0,0,0.0
operating_cash_flow,ok,31.0,net cash provided by operating activities,1000000.0,0.0,2021-12-25,header_year,0000077476_0000077476-22-000010,rules,11616000000.0,0.04510939811330496,0,0,0.0
revenue,ok,27.0,net revenue,1000000.0,0.0,2022-12-31,header_year,0000077476_0000077476-23-000007,rules,86392000000.0,0.04809920377899996,0,0,0.0
operating_income,ok,27.0,operating profit,1000000.0,0.0,2022-12-31,header_year,0000077476_0000077476-23-000007,rules,11512000000.0,0.04809920377899996,0,0,0.0
net_income,ok,27.0,net income attributable to pepsico,1000000.0,0.0,2022-12-31,header_year,0000077476_0000077476-23-000007,rules,8910000000.0,0.04809920377899996,0,0,0.0
eps_diluted,ok,27.0,diluted,1000000.0,0.0,2022-12-31,header_year,0000077476_0000077476-23-000007,rules,6.42,0.04809920377899996,0,0,0.0
total_assets,ok,35.0,total assets,1000000.0,0.0,2022-12-31,header_year,0000077476_0000077476-23-000007,rules,92187000000.0,0.04809920377899996,0,0,0.0
total_liabilities,ok,35.0,total liabilities,1000000.0,0.0,2022-12-31,header_year,0000077476_0000077476-23-000007,rules,74914000000.0,0.04809920377899996,0,0,0.0
stockholders_equity,ok,35.0,total pepsico common shareholders' equity,1000000.0,0.0,2022-12-31,header_year,0000077476_0000077476-23-000007,rules,17149000000.0,0.04809920377899996,0,0,0.0
cash_and_equivalents,ok,35.0,cash and cash equivalents,1000000.0,0.0,2022-12-31,header_year,0000077476_0000077476-23-000007,rules,4954000000.0,0.04809920377899996,0,0,0.0
operating_cash_flow,ok,31.0,net cash provided by operating activities,1000000.0,0.0,2022-12-31,header_year,0000077476_0000077476-23-000007,rules,10811000000.0,0.04809920377899996,0,0,0.0
revenue,ok,28.0,net revenue,1000000.0,0.0,2023-12-30,header_year,0000077476_0000077476-24-000008,rules,91471000000.0,0.044985583330142416,0,0,0.0
operating_income,ok,28.0,operating profit,1000000.0,0.0,2023-12-30,header_year,0000077476_0000077476-24-000008,rules,11986000000.0,0.044985583330142416,0,0,0.0
net_income,ok,28.0,net income attributable to pepsico,1000000.0,0.0,2023-12-30,header_year,0000077476_0000077476-24-000008,rules,9074000000.0,0.044985583330142416,0,0,0.0
eps_diluted,ok,28.0,diluted,1000000.0,0.0,2023-12-30,header_year,0000077476_0000077476-24-000008,rules,6.56,0.044985583330142416,0,0,0.0
total_assets,ok,36.0,total assets,1000000.0,0.0,2023-12-30,header_year,0000077476_0000077476-24-000008,rules,100495000000.0,0.044985583330142416,0,0,0.0
total_liabilities,ok,36.0,total liabilities,1000000.0,0.0,2023-12-30,header_year,0000077476_0000077476-24-000008,rules,81858000000.0,0.044985583330142416,0,0,0.0
stockholders_equity,ok,36.0,total pepsico common shareholders' equity,1000000.0,0.0,2023-12-30,header_year,0000077476_0000077476-24-000008,rules,18503000000.0,0.044985583330142416,0,0,0.0
cash_and_equivalents,ok,36.0,cash and cash equivalents,1000000.0,0.0,2023-12-30,header_year,0000077476_0000077476-24-000008,rules,9711000000.0,0.044985583330142416,0,0,0.0
operating_cash_flow,ok,32.0,net cash provided by operating activities,1000000.0,0.0,2023-12-30,header_year,0000077476_0000077476-24-000008,rules,13442000000.0,0.044985583330142416,0,0,0.0
revenue,ok,27.0,net revenue,1000000.0,0.0,2024-12-28,header_year,0000077476_0000077476-25-000007,rules,91854000000.0,0.04366203700192273,0,0,0.0
operating_income,ok,27.0,operating profit,1000000.0,0.0,2024-12-28,header_year,0000077476_0000077476-25-000007,rules,12887000000.0,0.04366203700192273,0,0,0.0
net_income,ok,27.0,net income attributable to pepsico,1000000.0,0.0,2024-12-28,header_year,0000077476_0000077476-25-000007,rules,9578000000.0,0.04366203700192273,0,0,0.0
eps_diluted,ok,27.0,diluted,1000000.0,0.0,2024-12-28,header_year,0000077476_0000077476-25-000007,rules,6.95,0.04366203700192273,0,0,0.0
total_assets,ok,35.0,total assets,1000000.0,0.0,2024-12-28,header_year,0000077476_0000077476-25-000007,rules,99467000000.0,0.04366203700192273,0,0,0.0
total_liabilities,ok,35.0,total liabilities,1000000.0,0.0,2024-12-28,header_year,0000077476_0000077476-25-000007,rules,81296000000.0,0.04366203700192273,0,0,0.0
stockholders_equity,ok,35.0,total pepsico common shareholders' equity,1000000.0,0.0,2024-12-28,header_year,0000077476_0000077476-25-000007,rules,18041000000.0,0.04366203700192273,0,0,0.0
cash_and_equivalents,ok,35.0,cash and cash equivalents,1000000.0,0.0,2024-12-28,header_year,0000077476_0000077476-25-000007,rules,8505000000.0,0.04366203700192273,0,0,0.0
operating_cash_flow,ok,31.0,net cash provided by operating activities,1000000.0,0.0,2024-12-28,header_year,0000077476_0000077476-25-000007,rules,12507000000.0,0.04366203700192273,0,0,0.0
revenue,statement_not_found,,,,,,,0000078003_0000078003-20-000014,rules,,0.0034348241105261776,0,0,0.0
operating_income,statement_not_found,,,,,,,0000078003_0000078003-20-000014,rules,,0.0034348241105261776,0,0,0.0
net_income,statement_not_found,,,,,,,0000078003_0000078003-20-000014,rules,,0.0034348241105261776,0,0,0.0
eps_diluted,statement_not_found,,,,,,,0000078003_0000078003-20-000014,rules,,0.0034348241105261776,0,0,0.0
total_assets,statement_not_found,,,,,,,0000078003_0000078003-20-000014,rules,,0.0034348241105261776,0,0,0.0
total_liabilities,statement_not_found,,,,,,,0000078003_0000078003-20-000014,rules,,0.0034348241105261776,0,0,0.0
stockholders_equity,statement_not_found,,,,,,,0000078003_0000078003-20-000014,rules,,0.0034348241105261776,0,0,0.0
cash_and_equivalents,statement_not_found,,,,,,,0000078003_0000078003-20-000014,rules,,0.0034348241105261776,0,0,0.0
operating_cash_flow,statement_not_found,,,,,,,0000078003_0000078003-20-000014,rules,,0.0034348241105261776,0,0,0.0
revenue,ok,116.0,revenues,1000000.0,0.0,2020-12-31,header_year,0000078003_0000078003-21-000038,rules,41908000000.0,0.06939538422092381,0,0,0.0
operating_income,row_not_found,116.0,,1000000.0,0.0,2020-12-31,header_year,0000078003_0000078003-21-000038,rules,,0.06939538422092381,0,0,0.0
net_income,ok,116.0,net income attributable to pfizer inc. common shareholders,1000000.0,0.0,2020-12-31,header_year,0000078003_0000078003-21-000038,rules,9616000000.0,0.06939538422092381,0,0,0.0
eps_diluted,ok,116.0,[section] earnings per common share--diluted,1000000.0,0.0,2020-12-31,header_year,0000078003_0000078003-21-000038,rules,1.71,0.06939538422092381,0,0,0.0
total_assets,ok,120.0,total assets,1000000.0,0.0,2020-12-31,header_year,0000078003_0000078003-21-000038,rules,154229000000.0,0.06939538422092381,0,0,0.0
total_liabilities,ok,120.0,total liabilities,1000000.0,0.0,2020-12-31,header_year,0000078003_0000078003-21-000038,rules,90756000000.0,0.06939538422092381,0,0,0.0
stockholders_equity,ok,120.0,total pfizer inc. shareholders' equity,1000000.0,0.0,2020-12-31,header_year,0000078003_0000078003-21-000038,rules,63238000000.0,0.06939538422092381,0,0,0.0
cash_and_equivalents,ok,120.0,cash and cash equivalents,1000000.0,0.0,2020-12-31,header_year,0000078003_0000078003-21-000038,rules,1784000000.0,0.06939538422092381,0,0,0.0
operating_cash_flow,ok,124.0,net cash provided by operating activities,1000000.0,0.0,2020-12-31,header_year,0000078003_0000078003-21-000038,rules,14403000000.0,0.06939538422092381,0,0,0.0
revenue,ok,111.0,revenues,1000000.0,0.0,2021-12-31,header_year,0000078003_0000078003-22-000027,rules,81288000000.0,0.06613440277417088,0,0,0.0
operating_income,row_not_found,111.0,,1000000.0,0.0,2021-12-31,header_year,0000078003_0000078003-22-000027,rules,,0.06613440277417088,0,0,0.0
net_income,ok,111.0,net income attributable to pfizer inc. common shareholders,1000000.0,0.0,2021-12-31,header_year,0000078003_0000078003-22-000027,rules,21979000000.0,0.06613440277417088,0,0,0.0
eps_diluted,ok,111.0,[section] earnings per common share--diluted,1000000.0,0.0,2021-12-31,header_year,0000078003_0000078003-22-000027,rules,3.85,0.06613440277417088,0,0,0.0
total_assets,ok,115.0,total assets,1000000.0,0.0,2021-12-31,header_year,0000078003_0000078003-22-000027,rules,181476000000.0,0.06613440277417088,0,0,0.0
total_liabilities,ok,115.0,total liabilities,1000000.0,0.0,2021-12-31,header_year,0000078003_0000078003-22-000027,rules,104013000000.0,0.06613440277417088,0,0,0.0
stockholders_equity,ok,115.0,total pfizer inc. shareholders' equity,1000000.0,0.0,2021-12-31,header_year,0000078003_0000078003-22-000027,rules,77201000000.0,0.06613440277417088,0,0,0.0
cash_and_equivalents,ok,115.0,cash and cash equivalents,1000000.0,0.0,2021-12-31,header_year,0000078003_0000078003-22-000027,rules,1944000000.0,0.06613440277417088,0,0,0.0
operating_cash_flow,ok,119.0,net cash provided by operating activities,1000000.0,0.0,2021-12-31,header_year,0000078003_0000078003-22-000027,rules,32580000000.0,0.06613440277417088,0,0,0.0
revenue,ok,106.0,revenues,1000000.0,0.0,2022-12-31,header_year,0000078003_0000078003-23-000024,rules,100330000000.0,0.0595620508861935,0,0,0.0
operating_income,row_not_found,106.0,,1000000.0,0.0,2022-12-31,header_year,0000078003_0000078003-23-000024,rules,,0.0595620508861935,0,0,0.0
net_income,ok,106.0,net income attributable to pfizer inc. common shareholders,1000000.0,0.0,2022-12-31,header_year,0000078003_0000078003-23-000024,rules,31372000000.0,0.0595620508861935,0,0,0.0
eps_diluted,ok,106.0,[section] earnings per common share--diluted,1000000.0,0.0,2022-12-31,header_year,0000078003_0000078003-23-000024,rules,5.47,0.0595620508861935,0,0,0.0
total_assets,ok,110.0,total assets,1000000.0,0.0,2022-12-31,header_year,0000078003_0000078003-23-000024,rules,197205000000.0,0.0595620508861935,0,0,0.0
total_liabilities,ok,110.0,total liabilities,1000000.0,0.0,2022-12-31,header_year,0000078003_0000078003-23-000024,rules,101288000000.0,0.0595620508861935,0,0,0.0
stockholders_equity,ok,110.0,total pfizer inc. shareholders' equity,1000000.0,0.0,2022-12-31,header_year,0000078003_0000078003-23-000024,rules,95661000000.0,0.0595620508861935,0,0,0.0
cash_and_equivalents,ok,110.0,cash and cash equivalents,1000000.0,0.0,2022-12-31,header_year,0000078003_0000078003-23-000024,rules,416000000.0,0.0595620508861935,0,0,0.0
operating_cash_flow,ok,114.0,net cash provided by operating activities,1000000.0,0.0,2022-12-31,header_year,0000078003_0000078003-23-000024,rules,29267000000.0,0.0595620508861935,0,0,0.0
revenue,ok,112.0,total revenues,1000000.0,0.0,2023-12-31,header_year,0000078003_0000078003-24-000039,rules,58496000000.0,0.058604749999681696,0,0,0.0
operating_income,row_not_found,112.0,,1000000.0,0.0,2023-12-31,header_year,0000078003_0000078003-24-000039,rules,,0.058604749999681696,0,0,0.0
net_income,ok,112.0,net income attributable to pfizer inc. common shareholders,1000000.0,0.0,2023-12-31,header_year,0000078003_0000078003-24-000039,rules,2119000000.0,0.058604749999681696,0,0,0.0
eps_diluted,ok,112.0,[section] earnings per common share--diluted,1000000.0,0.0,2023-12-31,header_year,0000078003_0000078003-24-000039,rules,0.37,0.058604749999681696,0,0,0.0
total_assets,ok,116.0,total assets,1000000.0,0.0,2023-12-31,header_year,0000078003_0000078003-24-000039,rules,226501000000.0,0.058604749999681696,0,0,0.0
total_liabilities,ok,116.0,total liabilities,1000000.0,0.0,2023-12-31,header_year,0000078003_0000078003-24-000039,rules,137213000000.0,0.058604749999681696,0,0,0.0
stockholders_equity,ok,116.0,total pfizer inc. shareholders' equity,1000000.0,0.0,2023-12-31,header_year,0000078003_0000078003-24-000039,rules,89014000000.0,0.058604749999681696,0,0,0.0
cash_and_equivalents,ok,116.0,cash and cash equivalents,1000000.0,0.0,2023-12-31,header_year,0000078003_0000078003-24-000039,rules,2853000000.0,0.058604749999681696,0,0,0.0
operating_cash_flow,row_not_found,120.0,,1000000.0,0.0,2023-12-31,header_year,0000078003_0000078003-24-000039,rules,,0.058604749999681696,0,0,0.0
revenue,ok,114.0,total revenues,1000000.0,0.0,2024-12-31,header_year,0000078003_0000078003-25-000054,rules,63627000000.0,0.06289718521940005,0,0,0.0
operating_income,row_not_found,114.0,,1000000.0,0.0,2024-12-31,header_year,0000078003_0000078003-25-000054,rules,,0.06289718521940005,0,0,0.0
net_income,ok,114.0,net income attributable to pfizer inc. common shareholders,1000000.0,0.0,2024-12-31,header_year,0000078003_0000078003-25-000054,rules,8031000000.0,0.06289718521940005,0,0,0.0
eps_diluted,row_not_found,114.0,,1000000.0,0.0,2024-12-31,header_year,0000078003_0000078003-25-000054,rules,,0.06289718521940005,0,0,0.0
total_assets,ok,118.0,total assets,1000000.0,0.0,2024-12-31,header_year,0000078003_0000078003-25-000054,rules,213396000000.0,0.06289718521940005,0,0,0.0
total_liabilities,ok,118.0,total liabilities,1000000.0,0.0,2024-12-31,header_year,0000078003_0000078003-25-000054,rules,124899000000.0,0.06289718521940005,0,0,0.0
stockholders_equity,ok,118.0,total pfizer inc. shareholders' equity,1000000.0,0.0,2024-12-31,header_year,0000078003_0000078003-25-000054,rules,88203000000.0,0.06289718521940005,0,0,0.0
cash_and_equivalents,ok,118.0,cash and cash equivalents,1000000.0,0.0,2024-12-31,header_year,0000078003_0000078003-25-000054,rules,1043000000.0,0.06289718521940005,0,0,0.0
operating_cash_flow,row_not_found,122.0,,1000000.0,0.0,2024-12-31,header_year,0000078003_0000078003-25-000054,rules,,0.06289718521940005,0,0,0.0
revenue,ok,49.0,total revenues,1000000.0,0.0,2019-12-31,header_year,0001318605_0001564590-20-004475,rules,24578000000.0,0.04500985644861228,0,0,0.0
operating_income,ok,49.0,loss from operations,1000000.0,0.0,2019-12-31,header_year,0001318605_0001564590-20-004475,rules,-69000000.0,0.04500985644861228,0,0,0.0
net_income,ok,49.0,net loss,1000000.0,0.0,2019-12-31,header_year,0001318605_0001564590-20-004475,rules,-775000000.0,0.04500985644861228,0,0,0.0
eps_diluted,ok,49.0,diluted,1000000.0,0.0,2019-12-31,header_year,0001318605_0001564590-20-004475,rules,-4.92,0.04500985644861228,0,0,0.0
total_assets,ok,48.0,total assets,1000000.0,0.0,2019-12-31,header_year,0001318605_0001564590-20-004475,rules,34309000000.0,0.04500985644861228,0,0,0.0
total_liabilities,ok,48.0,total liabilities,1000000.0,0.0,2019-12-31,header_year,0001318605_0001564590-20-004475,rules,26199000000.0,0.04500985644861228,0,0,0.0
stockholders_equity,ok,48.0,total stockholders' equity,1000000.0,0.0,2019-12-31,header_year,0001318605_0001564590-20-004475,rules,6618000000.0,0.04500985644861228,0,0,0.0
cash_and_equivalents,ok,48.0,cash and cash equivalents,1000000.0,0.0,2019-12-31,header_year,0001318605_0001564590-20-004475,rules,6268000000.0,0.04500985644861228,0,0,0.0
operating_cash_flow,ok,52.0,net cash provided by (used in) operating activities,1000000.0,0.0,2019-12-31,header_year,0001318605_0001564590-20-004475,rules,2405000000.0,0.04500985644861228,0,0,0.0
revenue,ok,46.0,total revenues,1000000.0,0.0,2020-12-31,header_year,0001318605_0001564590-21-004599,rules,31536000000.0,0.03493980088710992,0,0,0.0
operating_income,row_not_found,46.0,,1000000.0,0.0,2020-12-31,header_year,0001318605_0001564590-21-004599,rules,,0.03493980088710992,0,0,0.0
net_income,ok,46.0,net income (loss) attributable to common stockholders,1000000.0,0.0,2020-12-31,header_year,0001318605_0001564590-21-004599,rules,721000000.0,0.03493980088710992,0,0,0.0
eps_diluted,ok,46.0,diluted,1000000.0,0.0,2020-12-31,header_year,0001318605_0001564590-21-004599,rules,0.64,0.03493980088710992,0,0,0.0
total_assets,ok,44.0,total assets,1000000.0,0.0,2020-12-31,header_year,0001318605_0001564590-21-004599,rules,52148000000.0,0.03493980088710992,0,0,0.0
total_liabilities,ok,44.0,total liabilities,1000000.0,0.0,2020-12-31,header_year,0001318605_0001564590-21-004599,rules,28418000000.0,0.03493980088710992,0,0,0.0
stockholders_equity,ok,44.0,total stockholders' equity,1000000.0,0.0,2020-12-31,header_year,0001318605_0001564590-21-004599,rules,22225000000.0,0.03493980088710992,0,0,0.0
cash_and_equivalents,ok,44.0,cash and cash equivalents,1000000.0,0.0,2020-12-31,header_year,0001318605_0001564590-21-004599,rules,19384000000.0,0.03493980088710992,0,0,0.0
operating_cash_flow,ok,51.0,net cash provided by operating activities,1000000.0,0.0,2020-12-31,header_year,0001318605_0001564590-21-004599,rules,5943000000.0,0.03493980088710992,0,0,0.0
revenue,ok,23.0,total revenues,1000000.0,0.0,2021-12-31,header_year,0001318605_0000950170-22-000796,rules,53823000000.0,0.035296861114653036,0,0,0.0
operating_income,row_not_found,23.0,,1000000.0,0.0,2021-12-31,header_year,0001318605_0000950170-22-000796,rules,,0.035296861114653036,0,0,0.0
net_income,ok,23.0,net income (loss) attributable to common stockholders,1000000.0,0.0,2021-12-31,header_year,0001318605_0000950170-22-000796,rules,5519000000.0,0.035296861114653036,0,0,0.0
eps_diluted,ok,23.0,diluted,1000000.0,0.0,2021-12-31,header_year,0001318605_0000950170-22-000796,rules,4.9,0.035296861114653036,0,0,0.0
total_assets,ok,22.0,total assets,1000000.0,0.0,2021-12-31,header_year,0001318605_0000950170-22-000796,rules,62131000000.0,0.035296861114653036,0,0,0.0
total_liabilities,ok,22.0,total liabilities,1000000.0,0.0,2021-12-31,header_year,0001318605_0000950170-22-000796,rules,30548000000.0,0.035296861114653036,0,0,0.0
stockholders_equity,ok,22.0,total stockholders' equity,1000000.0,0.0,2021-12-31,header_year,0001318605_0000950170-22-000796,rules,30189000000.0,0.035296861114653036,0,0,0.0
cash_and_equivalents,ok,22.0,cash and cash equivalents,1000000.0,0.0,2021-12-31,header_year,0001318605_0000950170-22-000796,rules,17576000000.0,0.035296861114653036,0,0,0.0
operating_cash_flow,ok,26.0,net cash provided by operating activities,1000000.0,0.0,2021-12-31,header_year,0001318605_0000950170-22-000796,rules,11497000000.0,0.035296861114653036,0,0,0.0
revenue,ok,24.0,total revenues,1000000.0,0.0,2022-12-31,header_year,0001318605_0000950170-23-001409,rules,81462000000.0,0.033881361111222454,0,0,0.0
operating_income,ok,24.0,income from operations,1000000.0,0.0,2022-12-31,header_year,0001318605_0000950170-23-001409,rules,13656000000.0,0.033881361111222454,0,0,0.0
net_income,ok,24.0,net income attributable to common stockholders,1000000.0,0.0,2022-12-31,header_year,0001318605_0000950170-23-001409,rules,12556000000.0,0.033881361111222454,0,0,0.0
eps_diluted,ok,24.0,diluted,1000000.0,0.0,2022-12-31,header_year,0001318605_0000950170-23-001409,rules,3.62,0.033881361111222454,0,0,0.0
total_assets,ok,23.0,total assets,1000000.0,0.0,2022-12-31,header_year,0001318605_0000950170-23-001409,rules,82338000000.0,0.033881361111222454,0,0,0.0
total_liabilities,ok,23.0,total liabilities,1000000.0,0.0,2022-12-31,header_year,0001318605_0000950170-23-001409,rules,36440000000.0,0.033881361111222454,0,0,0.0
stockholders_equity,ok,23.0,total stockholders' equity,1000000.0,0.0,2022-12-31,header_year,0001318605_0000950170-23-001409,rules,44704000000.0,0.033881361111222454,0,0,0.0
cash_and_equivalents,ok,23.0,cash and cash equivalents,1000000.0,0.0,2022-12-31,header_year,0001318605_0000950170-23-001409,rules,16253000000.0,0.033881361111222454,0,0,0.0
operating_cash_flow,ok,27.0,net cash provided by operating activities,1000000.0,0.0,2022-12-31,header_year,0001318605_0000950170-23-001409,rules,14724000000.0,0.033881361111222454,0,0,0.0
revenue,ok,23.0,total revenues,1000000.0,0.0,2023-12-31,header_year,0001318605_0001628280-24-002390,rules,96773000000.0,0.030789763886585005,0,0,0.0
operating_income,ok,23.0,income from operations,1000000.0,0.0,2023-12-31,header_year,0001318605_0001628280-24-002390,rules,8891000000.0,0.030789763886585005,0,0,0.0
net_income,ok,23.0,net income attributable to common stockholders,1000000.0,0.0,2023-12-31,header_year,0001318605_0001628280-24-002390,rules,14997000000.0,0.030789763886585005,0,0,0.0
eps_diluted,ok,23.0,diluted,1000000.0,0.0,2023-12-31,header_year,0001318605_0001628280-24-002390,rules,4.3,0.030789763886585005,0,0,0.0
total_assets,ok,22.0,total assets,1000000.0,0.0,2023-12-31,header_full_date,0001318605_0001628280-24-002390,rules,106618000000.0,0.030789763886585005,0,0,0.0
total_liabilities,ok,22.0,total liabilities,1000000.0,0.0,2023-12-31,header_full_date,0001318605_0001628280-24-002390,rules,43009000000.0,0.030789763886585005,0,0,0.0
stockholders_equity,ok,22.0,total stockholders' equity,1000000.0,0.0,2023-12-31,header_full_date,0001318605_0001628280-24-002390,rules,62634000000.0,0.030789763886585005,0,0,0.0
cash_and_equivalents,ok,22.0,cash and cash equivalents,1000000.0,0.0,2023-12-31,header_full_date,0001318605_0001628280-24-002390,rules,16398000000.0,0.030789763886585005,0,0,0.0
operating_cash_flow,ok,26.0,net cash provided by operating activities,1000000.0,0.0,2023-12-31,header_year,0001318605_0001628280-24-002390,rules,13256000000.0,0.030789763886585005,0,0,0.0
revenue,ok,23.0,total revenues,1000000.0,0.0,2024-12-31,header_year,0001318605_0001628280-25-003063,rules,97690000000.0,0.030204513886322577,0,0,0.0
operating_income,ok,23.0,income from operations,1000000.0,0.0,2024-12-31,header_year,0001318605_0001628280-25-003063,rules,7076000000.0,0.030204513886322577,0,0,0.0
net_income,ok,23.0,net income attributable to common stockholders,1000000.0,0.0,2024-12-31,header_year,0001318605_0001628280-25-003063,rules,7091000000.0,0.030204513886322577,0,0,0.0
eps_diluted,ok,23.0,diluted,1000000.0,0.0,2024-12-31,header_year,0001318605_0001628280-25-003063,rules,2.04,0.030204513886322577,0,0,0.0
total_assets,ok,22.0,total assets,1000000.0,0.0,2024-12-31,header_full_date,0001318605_0001628280-25-003063,rules,122070000000.0,0.030204513886322577,0,0,0.0
total_liabilities,ok,22.0,total liabilities,1000000.0,0.0,2024-12-31,header_full_date,0001318605_0001628280-25-003063,rules,48390000000.0,0.030204513886322577,0,0,0.0
stockholders_equity,ok,22.0,total stockholders' equity,1000000.0,0.0,2024-12-31,header_full_date,0001318605_0001628280-25-003063,rules,72913000000.0,0.030204513886322577,0,0,0.0
cash_and_equivalents,ok,22.0,cash and cash equivalents,1000000.0,0.0,2024-12-31,header_full_date,0001318605_0001628280-25-003063,rules,16139000000.0,0.030204513886322577,0,0,0.0
operating_cash_flow,ok,26.0,net cash provided by operating activities,1000000.0,0.0,2024-12-31,header_year,0001318605_0001628280-25-003063,rules,14923000000.0,0.030204513886322577,0,0,0.0
revenue,ok,65.0,total revenues,1000000.0,0.0,2019-12-31,header_year,0000012927_0000012927-20-000014,rules,76559000000.0,0.042832439778269164,0,0,0.0
operating_income,row_not_found,65.0,,1000000.0,0.0,2019-12-31,header_year,0000012927_0000012927-20-000014,rules,,0.042832439778269164,0,0,0.0
net_income,row_not_found,65.0,,1000000.0,0.0,2019-12-31,header_year,0000012927_0000012927-20-000014,rules,,0.042832439778269164,0,0,0.0
eps_diluted,ok,65.0,diluted (loss)/earnings per share,1000000.0,0.0,2019-12-31,header_year,0000012927_0000012927-20-000014,rules,-1.12,0.042832439778269164,0,0,0.0
total_assets,ok,67.0,total assets,1000000.0,0.0,2019-12-31,header_year,0000012927_0000012927-20-000014,rules,133625000000.0,0.042832439778269164,0,0,0.0
total_liabilities,row_not_found,67.0,,1000000.0,0.0,2019-12-31,header_year,0000012927_0000012927-20-000014,rules,,0.042832439778269164,0,0,0.0
stockholders_equity,ok,67.0,total shareholders' equity,1000000.0,0.0,2019-12-31,header_year,0000012927_0000012927-20-000014,rules,-8617000000.0,0.042832439778269164,0,0,0.0
cash_and_equivalents,ok,67.0,cash and cash equivalents,1000000.0,0.0,2019-12-31,header_year,0000012927_0000012927-20-000014,rules,9485000000.0,0.042832439778269164,0,0,0.0
operating_cash_flow,row_not_found,68.0,,1000000.0,0.0,2019-12-31,header_year,0000012927_0000012927-20-000014,rules,,0.042832439778269164,0,0,0.0
revenue,ok,36.0,total revenues,1000000.0,0.0,2020-12-31,header_year,0000012927_0000012927-21-000011,rules,58158000000.0,0.04641033333286436,0,0,0.0
operating_income,row_not_found,36.0,,1000000.0,0.0,2020-12-31,header_year,0000012927_0000012927-21-000011,rules,,0.04641033333286436,0,0,0.0
net_income,row_not_found,36.0,,1000000.0,0.0,2020-12-31,header_year,0000012927_0000012927-21-000011,rules,,0.04641033333286436,0,0,0.0
eps_diluted,ok,36.0,diluted (loss)/earnings per share,1000000.0,0.0,2020-12-31,header_year,0000012927_0000012927-21-000011,rules,-20.88,0.04641033333286436,0,0,0.0
total_assets,ok,38.0,total assets,1000000.0,0.0,2020-12-31,header_year,0000012927_0000012927-21-000011,rules,152136000000.0,0.04641033333286436,0,0,0.0
total_liabilities,ok,38.0,total liabilities,1000000.0,0.0,2020-12-31,header_year,0000012927_0000012927-21-000011,rules,170211000000.0,0.04641033333286436,0,0,0.0
stockholders_equity,ok,38.0,total equity,1000000.0,0.0,2020-12-31,header_year,0000012927_0000012927-21-000011,rules,-18075000000.0,0.04641033333286436,0,0,0.0
cash_and_equivalents,ok,38.0,cash and cash equivalents,1000000.0,0.0,2020-12-31,header_year,0000012927_0000012927-21-000011,rules,7752000000.0,0.04641033333286436,0,0,0.0
operating_cash_flow,row_not_found,39.0,,1000000.0,0.0,2020-12-31,header_year,0000012927_0000012927-21-000011,rules,,0.04641033333286436,0,0,0.0
revenue,ok,33.0,total revenues,1000000.0,0.0,2021-12-31,header_year,0000012927_0000012927-22-000010,rules,62286000000.0,0.04475593522268658,0,0,0.0
operating_income,ok,33.0,loss from operations,1000000.0,0.0,2021-12-31,header_year,0000012927_0000012927-22-000010,rules,-2902000000.0,0.04475593522268658,0,0,0.0
net_income,ok,33.0,net loss,1000000.0,0.0,2021-12-31,header_year,0000012927_0000012927-22-000010,rules,-4290000000.0,0.04475593522268658,0,0,0.0
eps_diluted,ok,33.0,diluted loss per share,1000000.0,0.0,2021-12-31,header_year,0000012927_0000012927-22-000010,rules,-7.15,0.04475593522268658,0,0,0.0
total_assets,ok,35.0,total assets,1000000.0,0.0,2021-12-31,header_year,0000012927_0000012927-22-000010,rules,138552000000.0,0.04475593522268658,0,0,0.0
total_liabilities,ok,35.0,total liabilities,1000000.0,0.0,2021-12-31,header_year,0000012927_0000012927-22-000010,rules,153398000000.0,0.04475593522268658,0,0,0.0
stockholders_equity,ok,35.0,total equity,1000000.0,0.0,2021-12-31,header_year,0000012927_0000012927-22-000010,rules,-14846000000.0,0.04475593522268658,0,0,0.0
cash_and_equivalents,ok,35.0,cash and cash equivalents,1000000.0,0.0,2021-12-31,header_year,0000012927_0000012927-22-000010,rules,8052000000.0,0.04475593522268658,0,0,0.0
operating_cash_flow,row_not_found,36.0,,1000000.0,0.0,2021-12-31,header_year,0000012927_0000012927-22-000010,rules,,0.04475593522268658,0,0,0.0
revenue,ok,33.0,total revenues,1000000.0,0.0,2022-12-31,header_year,0000012927_0000012927-23-000007,rules,66608000000.0,0.04064571766260391,0,0,0.0
operating_income,ok,33.0,loss from operations,1000000.0,0.0,2022-12-31,header_year,0000012927_0000012927-23-000007,rules,-3547000000.0,0.04064571766260391,0,0,0.0
net_income,ok,33.0,net loss,1000000.0,0.0,2022-12-31,header_year,0000012927_0000012927-23-000007,rules,-5053000000.0,0.04064571766260391,0,0,0.0
eps_diluted,ok,33.0,diluted loss per share,1000000.0,0.0,2022-12-31,header_year,0000012927_0000012927-23-000007,rules,-8.3,0.04064571766260391,0,0,0.0
total_assets,ok,35.0,total assets,1000000.0,0.0,2022-12-31,header_year,0000012927_0000012927-23-000007,rules,137100000000.0,0.04064571766260391,0,0,0.0
total_liabilities,ok,35.0,total liabilities,1000000.0,0.0,2022-12-31,header_year,0000012927_0000012927-23-000007,rules,152948000000.0,0.04064571766260391,0,0,0.0
stockholders_equity,ok,35.0,total equity,1000000.0,0.0,2022-12-31,header_year,0000012927_0000012927-23-000007,rules,-15848000000.0,0.04064571766260391,0,0,0.0
cash_and_equivalents,ok,35.0,cash and cash equivalents,1000000.0,0.0,2022-12-31,header_year,0000012927_0000012927-23-000007,rules,14614000000.0,0.04064571766260391,0,0,0.0
operating_cash_flow,row_not_found,36.0,,1000000.0,0.0,2022-12-31,header_year,0000012927_0000012927-23-000007,rules,,0.04064571766260391,0,0,0.0
revenue,ok,30.0,total revenues,1000000.0,0.0,2023-12-31,header_year,0000012927_0000012927-24-000010,rules,77794000000.0,0.042551777778296836,0,0,0.0
operating_income,ok,30.0,loss from operations,1000000.0,0.0,2023-12-31,header_year,0000012927_0000012927-24-000010,rules,-773000000.0,0.042551777778296836,0,0,0.0
net_income,ok,30.0,net loss,1000000.0,0.0,2023-12-31,header_year,0000012927_0000012927-24-000010,rules,-2242000000.0,0.042551777778296836,0,0,0.0
eps_diluted,ok,30.0,diluted loss per share,1000000.0,0.0,2023-12-31,header_year,0000012927_0000012927-24-000010,rules,-3.67,0.042551777778296836,0,0,0.0
total_assets,ok,32.0,total assets,1000000.0,0.0,2023-12-31,header_year,0000012927_0000012927-24-000010,rules,137012000000.0,0.042551777778296836,0,0,0.0
total_liabilities,ok,32.0,total liabilities,1000000.0,0.0,2023-12-31,header_year,0000012927_0000012927-24-000010,rules,154240000000.0,0.042551777778296836,0,0,0.0
stockholders_equity,ok,32.0,total equity,1000000.0,0.0,2023-12-31,header_year,0000012927_0000012927-24-000010,rules,-17228000000.0,0.042551777778296836,0,0,0.0
cash_and_equivalents,ok,32.0,cash and cash equivalents,1000000.0,0.0,2023-12-31,header_year,0000012927_0000012927-24-000010,rules,12691000000.0,0.042551777778296836,0,0,0.0
operating_cash_flow,row_not_found,33.0,,1000000.0,0.0,2023-12-31,header_year,0000012927_0000012927-24-000010,rules,,0.042551777778296836,0,0,0.0
revenue,ok,30.0,total revenues,1000000.0,0.0,2024-12-31,header_year,0000012927_0000012927-25-000015,rules,66517000000.0,0.04106547688651416,0,0,0.0
operating_income,ok,30.0,loss from operations,1000000.0,0.0,2024-12-31,header_year,0000012927_0000012927-25-000015,rules,-10707000000.0,0.04106547688651416,0,0,0.0
net_income,ok,30.0,net loss,1000000.0,0.0,2024-12-31,header_year,0000012927_0000012927-25-000015,rules,-11829000000.0,0.04106547688651416,0,0,0.0
eps_diluted,ok,30.0,diluted loss per share,1000000.0,0.0,2024-12-31,header_year,0000012927_0000012927-25-000015,rules,-18.36,0.04106547688651416,0,0,0.0
total_assets,ok,32.0,total assets,1000000.0,0.0,2024-12-31,header_year,0000012927_0000012927-25-000015,rules,156363000000.0,0.04106547688651416,0,0,0.0
total_liabilities,ok,32.0,total liabilities,1000000.0,0.0,2024-12-31,header_year,0000012927_0000012927-25-000015,rules,160277000000.0,0.04106547688651416,0,0,0.0
stockholders_equity,ok,32.0,total equity,1000000.0,0.0,2024-12-31,header_year,0000012927_0000012927-25-000015,rules,-3914000000.0,0.04106547688651416,0,0,0.0
cash_and_equivalents,ok,32.0,cash and cash equivalents,1000000.0,0.0,2024-12-31,header_year,0000012927_0000012927-25-000015,rules,13801000000.0,0.04106547688651416,0,0,0.0
operating_cash_flow,row_not_found,33.0,,1000000.0,0.0,2024-12-31,header_year,0000012927_0000012927-25-000015,rules,,0.04106547688651416,0,0,0.0
revenue,ok,122.0,net operating revenues,1000000.0,0.0,2019-12-31,header_year,0000021344_0000021344-20-000006,rules,37266000000.0,0.047574587994151644,0,0,0.0
operating_income,ok,122.0,operating income,1000000.0,0.0,2019-12-31,header_year,0000021344_0000021344-20-000006,rules,10086000000.0,0.047574587994151644,0,0,0.0
net_income,ok,122.0,net income attributable to shareowners of the coca-cola company,1000000.0,0.0,2019-12-31,header_year,0000021344_0000021344-20-000006,rules,8920000000.0,0.047574587994151644,0,0,0.0
eps_diluted,ok,122.0,diluted net income per share,1000000.0,0.0,2019-12-31,header_year,0000021344_0000021344-20-000006,rules,2.07,0.047574587994151644,0,0,0.0
total_assets,ok,124.0,total assets,1000000.0,0.0,2019-12-31,header_year,0000021344_0000021344-20-000006,rules,86381000000.0,0.047574587994151644,0,0,0.0
total_liabilities,row_not_found,124.0,,1000000.0,0.0,2019-12-31,header_year,0000021344_0000021344-20-000006,rules,,0.047574587994151644,0,0,0.0
stockholders_equity,ok,124.0,equity attributable to shareowners of the coca-cola company,1000000.0,0.0,2019-12-31,header_year,0000021344_0000021344-20-000006,rules,18981000000.0,0.047574587994151644,0,0,0.0
cash_and_equivalents,ok,124.0,cash and cash equivalents,1000000.0,0.0,2019-12-31,header_year,0000021344_0000021344-20-000006,rules,6480000000.0,0.047574587994151644,0,0,0.0
operating_cash_flow,ok,125.0,net cash provided by operating activities,1000000.0,0.0,2019-12-31,header_year,0000021344_0000021344-20-000006,rules,10471000000.0,0.047574587994151644,0,0,0.0
revenue,ok,28.0,net operating revenues,1000000.0,0.0,2020-12-31,header_year,0000021344_0000021344-21-000008,rules,33014000000.0,0.04981409255803252,0,0,0.0
operating_income,ok,28.0,operating income,1000000.0,0.0,2020-12-31,header_year,0000021344_0000021344-21-000008,rules,8997000000.0,0.04981409255803252,0,0,0.0
net_income,ok,28.0,net income attributable to shareowners of the coca-cola company,1000000.0,0.0,2020-12-31,header_year,0000021344_0000021344-21-000008,rules,7747000000.0,0.04981409255803252,0,0,0.0
eps_diluted,ok,28.0,diluted net income per share,1000000.0,0.0,2020-12-31,header_year,0000021344_0000021344-21-000008,rules,1.79,0.04981409255803252,0,0,0.0
total_assets,ok,30.0,total assets,1000000.0,0.0,2020-12-31,header_year,0000021344_0000021344-21-000008,rules,87296000000.0,0.04981409255803252,0,0,0.0
total_liabilities,row_not_found,30.0,,1000000.0,0.0,2020-12-31,header_year,0000021344_0000021344-21-000008,rules,,0.04981409255803252,0,0,0.0
stockholders_equity,ok,30.0,equity attributable to shareowners of the coca-cola company,1000000.0,0.0,2020-12-31,header_year,0000021344_0000021344-21-000008,rules,19299000000.0,0.04981409255803252,0,0,0.0
cash_and_equivalents,ok,30.0,cash and cash equivalents,1000000.0,0.0,2020-12-31,header_year,0000021344_0000021344-21-000008,rules,6795000000.0,0.04981409255803252,0,0,0.0
operating_cash_flow,ok,31.0,net cash provided by operating activities,1000000.0,0.0,2020-12-31,header_year,0000021344_0000021344-21-000008,rules,9844000000.0,0.04981409255803252,0,0,0.0
revenue,ok,26.0,net operating revenues,1000000.0,0.0,2021-12-31,header_year,0000021344_0000021344-22-000009,rules,38655000000.0,0.04932252311199489,0,0,0.0
operating_income,ok,26.0,operating income,1000000.0,0.0,2021-12-31,header_year,0000021344_0000021344-22-000009,rules,10308000000.0,0.04932252311199489,0,0,0.0
net_income,ok,26.0,net income attributable to shareowners of the coca-cola company,1000000.0,0.0,2021-12-31,header_year,0000021344_0000021344-22-000009,rules,9771000000.0,0.04932252311199489,0,0,0.0
eps_diluted,ok,26.0,diluted net income per share,1000000.0,0.0,2021-12-31,header_year,0000021344_0000021344-22-000009,rules,2.25,0.04932252311199489,0,0,0.0
total_assets,ok,28.0,total assets,1000000.0,0.0,2021-12-31,header_year,0000021344_0000021344-22-000009,rules,94354000000.0,0.04932252311199489,0,0,0.0
total_liabilities,row_not_found,28.0,,1000000.0,0.0,2021-12-31,header_year,0000021344_0000021344-22-000009,rules,,0.04932252311199489,0,0,0.0
stockholders_equity,ok,28.0,equity attributable to shareowners of the coca-cola company,1000000.0,0.0,2021-12-31,header_year,0000021344_0000021344-22-000009,rules,22999000000.0,0.04932252311199489,0,0,0.0
cash_and_equivalents,ok,28.0,cash and cash equivalents,1000000.0,0.0,2021-12-31,header_year,0000021344_0000021344-22-000009,rules,9684000000.0,0.04932252311199489,0,0,0.0
operating_cash_flow,ok,29.0,net cash provided by operating activities,1000000.0,0.0,2021-12-31,header_year,0000021344_0000021344-22-000009,rules,12625000000.0,0.04932252311199489,0,0,0.0
revenue,ok,26.0,net operating revenues,1000000.0,0.0,2022-12-31,header_year,0000021344_0000021344-23-000011,rules,43004000000.0,0.042373013889624014,0,0,0.0
operating_income,ok,26.0,operating income,1000000.0,0.0,2022-12-31,header_year,0000021344_0000021344-23-000011,rules,10909000000.0,0.042373013889624014,0,0,0.0
net_income,ok,26.0,net income attributable to shareowners of the coca-cola company,1000000.0,0.0,2022-12-31,header_year,0000021344_0000021344-23-000011,rules,9542000000.0,0.042373013889624014,0,0,0.0
eps_diluted,ok,26.0,diluted net income per share,1000000.0,0.0,2022-12-31,header_year,0000021344_0000021344-23-000011,rules,2.19,0.042373013889624014,0,0,0.0
total_assets,ok,28.0,total assets,1000000.0,0.0,2022-12-31,header_year,0000021344_0000021344-23-000011,rules,92763000000.0,0.042373013889624014,0,0,0.0
total_liabilities,row_not_found,28.0,,1000000.0,0.0,2022-12-31,header_year,0000021344_0000021344-23-000011,rules,,0.042373013889624014,0,0,0.0
stockholders_equity,ok,28.0,equity attributable to shareowners of the coca-cola company,1000000.0,0.0,2022-12-31,header_year,0000021344_0000021344-23-000011,rules,24105000000.0,0.042373013889624014,0,0,0.0
cash_and_equivalents,ok,28.0,cash and cash equivalents,1000000.0,0.0,2022-12-31,header_year,0000021344_0000021344-23-000011,rules,9519000000.0,0.042373013889624014,0,0,0.0
operating_cash_flow,ok,29.0,net cash provided by operating activities,1000000.0,0.0,2022-12-31,header_year,0000021344_0000021344-23-000011,rules,11018000000.0,0.042373013889624014,0,0,0.0
revenue,ok,26.0,net operating revenues,1000000.0,0.0,2023-12-31,header_year,0000021344_0000021344-24-000009,rules,45754000000.0,0.04564944910816848,0,0,0.0
operating_income,ok,26.0,operating income,1000000.0,0.0,2023-12-31,header_year,0000021344_0000021344-24-000009,rules,11311000000.0,0.04564944910816848,0,0,0.0
net_income,ok,26.0,net income attributable to shareowners of the coca-cola company,1000000.0,0.0,2023-12-31,header_year,0000021344_0000021344-24-000009,rules,10714000000.0,0.04564944910816848,0,0,0.0
eps_diluted,ok,26.0,diluted net income per share,1000000.0,0.0,2023-12-31,header_year,0000021344_0000021344-24-000009,rules,2.47,0.04564944910816848,0,0,0.0
total_assets,ok,28.0,total assets,1000000.0,0.0,2023-12-31,header_year,0000021344_0000021344-24-000009,rules,97703000000.0,0.04564944910816848,0,0,0.0
total_liabilities,row_not_found,28.0,,1000000.0,0.0,2023-12-31,header_year,0000021344_0000021344-24-000009,rules,,0.04564944910816848,0,0,0.0
stockholders_equity,ok,28.0,equity attributable to shareowners of the coca-cola company,1000000.0,0.0,2023-12-31,header_year,0000021344_0000021344-24-000009,rules,25941000000.0,0.04564944910816848,0,0,0.0
cash_and_equivalents,ok,28.0,cash and cash equivalents,1000000.0,0.0,2023-12-31,header_year,0000021344_0000021344-24-000009,rules,9366000000.0,0.04564944910816848,0,0,0.0
operating_cash_flow,ok,29.0,net cash provided by operating activities,1000000.0,0.0,2023-12-31,header_year,0000021344_0000021344-24-000009,rules,11599000000.0,0.04564944910816848,0,0,0.0
revenue,ok,26.0,net operating revenues,1000000.0,0.0,2024-12-31,header_year,0000021344_0000021344-25-000011,rules,47061000000.0,0.04350109721740915,0,0,0.0
operating_income,ok,26.0,operating income,1000000.0,0.0,2024-12-31,header_year,0000021344_0000021344-25-000011,rules,9992000000.0,0.04350109721740915,0,0,0.0
net_income,ok,26.0,net income attributable to shareowners of the coca-cola company,1000000.0,0.0,2024-12-31,header_year,0000021344_0000021344-25-000011,rules,10631000000.0,0.04350109721740915,0,0,0.0
eps_diluted,ok,26.0,diluted net income per share,1000000.0,0.0,2024-12-31,header_year,0000021344_0000021344-25-000011,rules,2.46,0.04350109721740915,0,0,0.0
total_assets,ok,28.0,total assets,1000000.0,0.0,2024-12-31,header_year,0000021344_0000021344-25-000011,rules,100549000000.0,0.04350109721740915,0,0,0.0
total_liabilities,row_not_found,28.0,,1000000.0,0.0,2024-12-31,header_year,0000021344_0000021344-25-000011,rules,,0.04350109721740915,0,0,0.0
stockholders_equity,ok,28.0,equity attributable to shareowners of the coca-cola company,1000000.0,0.0,2024-12-31,header_year,0000021344_0000021344-25-000011,rules,24856000000.0,0.04350109721740915,0,0,0.0
cash_and_equivalents,ok,28.0,cash and cash equivalents,1000000.0,0.0,2024-12-31,header_year,0000021344_0000021344-25-000011,rules,10828000000.0,0.04350109721740915,0,0,0.0
operating_cash_flow,ok,29.0,net cash provided by operating activities,1000000.0,0.0,2024-12-31,header_year,0000021344_0000021344-25-000011,rules,6805000000.0,0.04350109721740915,0,0,0.0
revenue,ok,54.0,net sales,1000000.0,0.0,2019-02-03,header_fiscal_year_label,0000354950_0000354950-19-000010,rules,108203000000.0,0.030493500002194196,0,0,0.0
operating_income,ok,54.0,operating income,1000000.0,0.0,2019-02-03,header_fiscal_year_label,0000354950_0000354950-19-000010,rules,15530000000.0,0.030493500002194196,0,0,0.0
net_income,ok,54.0,net earnings,1000000.0,0.0,2019-02-03,header_fiscal_year_label,0000354950_0000354950-19-000010,rules,11121000000.0,0.030493500002194196,0,0,0.0
eps_diluted,ok,54.0,diluted earnings per share,1000000.0,0.0,2019-02-03,header_fiscal_year_label,0000354950_0000354950-19-000010,rules,9.73,0.030493500002194196,0,0,0.0
total_assets,ok,53.0,total assets,1000000.0,0.0,2019-02-03,header_full_date,0000354950_0000354950-19-000010,rules,44003000000.0,0.030493500002194196,0,0,0.0
total_liabilities,ok,53.0,total liabilities,1000000.0,0.0,2019-02-03,header_full_date,0000354950_0000354950-19-000010,rules,45881000000.0,0.030493500002194196,0,0,0.0
stockholders_equity,ok,53.0,total stockholders' (deficit) equity,1000000.0,0.0,2019-02-03,header_full_date,0000354950_0000354950-19-000010,rules,-1878000000.0,0.030493500002194196,0,0,0.0
cash_and_equivalents,ok,53.0,cash and cash equivalents,1000000.0,0.0,2019-02-03,header_full_date,0000354950_0000354950-19-000010,rules,1778000000.0,0.030493500002194196,0,0,0.0
operating_cash_flow,ok,57.0,net cash provided by operating activities,1000000.0,0.0,2019-02-03,header_fiscal_year_label,0000354950_0000354950-19-000010,rules,13038000000.0,0.030493500002194196,0,0,0.0
revenue,ok,58.0,net sales,1000000.0,0.0,2020-02-02,header_fiscal_year_label,0000354950_0000354950-20-000015,rules,110225000000.0,0.024248231551609933,0,0,0.0
operating_income,ok,58.0,operating income,1000000.0,0.0,2020-02-02,header_fiscal_year_label,0000354950_0000354950-20-000015,rules,15843000000.0,0.024248231551609933,0,0,0.0
net_income,ok,58.0,net earnings,1000000.0,0.0,2020-02-02,header_fiscal_year_label,0000354950_0000354950-20-000015,rules,11242000000.0,0.024248231551609933,0,0,0.0
eps_diluted,ok,58.0,diluted earnings per share,1000000.0,0.0,2020-02-02,header_fiscal_year_label,0000354950_0000354950-20-000015,rules,10.25,0.024248231551609933,0,0,0.0
total_assets,ok,57.0,total assets,1000000.0,0.0,2020-02-02,header_full_date,0000354950_0000354950-20-000015,rules,51236000000.0,0.024248231551609933,0,0,0.0
total_liabilities,ok,57.0,total liabilities,1000000.0,0.0,2020-02-02,header_full_date,0000354950_0000354950-20-000015,rules,54352000000.0,0.024248231551609933,0,0,0.0
stockholders_equity,ok,57.0,total stockholders' (deficit) equity,1000000.0,0.0,2020-02-02,header_full_date,0000354950_0000354950-20-000015,rules,-3116000000.0,0.024248231551609933,0,0,0.0
cash_and_equivalents,ok,57.0,cash and cash equivalents,1000000.0,0.0,2020-02-02,header_full_date,0000354950_0000354950-20-000015,rules,2133000000.0,0.024248231551609933,0,0,0.0
operating_cash_flow,ok,61.0,net cash provided by operating activities,1000000.0,0.0,2020-02-02,header_fiscal_year_label,0000354950_0000354950-20-000015,rules,13723000000.0,0.024248231551609933,0,0,0.0
revenue,ok,23.0,net sales,1000000.0,0.0,2021-01-31,header_fiscal_year_label,0000354950_0000354950-21-000089,rules,132110000000.0,0.02691597222454018,0,0,0.0
operating_income,ok,23.0,operating income,1000000.0,0.0,2021-01-31,header_fiscal_year_label,0000354950_0000354950-21-000089,rules,18278000000.0,0.02691597222454018,0,0,0.0
net_income,ok,23.0,net earnings,1000000.0,0.0,2021-01-31,header_fiscal_year_label,0000354950_0000354950-21-000089,rules,12866000000.0,0.02691597222454018,0,0,0.0
eps_diluted,ok,23.0,diluted earnings per share,1000000.0,0.0,2021-01-31,header_fiscal_year_label,0000354950_0000354950-21-000089,rules,11.94,0.02691597222454018,0,0,0.0
total_assets,ok,22.0,total assets,1000000.0,0.0,2021-01-31,header_full_date,0000354950_0000354950-21-000089,rules,70581000000.0,0.02691597222454018,0,0,0.0
total_liabilities,ok,22.0,total liabilities,1000000.0,0.0,2021-01-31,header_full_date,0000354950_0000354950-21-000089,rules,67282000000.0,0.02691597222454018,0,0,0.0
stockholders_equity,ok,22.0,total stockholders' equity (deficit),1000000.0,0.0,2021-01-31,header_full_date,0000354950_0000354950-21-000089,rules,3299000000.0,0.02691597222454018,0,0,0.0
cash_and_equivalents,ok,22.0,cash and cash equivalents,1000000.0,0.0,2021-01-31,header_full_date,0000354950_0000354950-21-000089,rules,7895000000.0,0.02691597222454018,0,0,0.0
operating_cash_flow,ok,26.0,net cash provided by operating activities,1000000.0,0.0,2021-01-31,header_fiscal_year_label,0000354950_0000354950-21-000089,rules,18839000000.0,0.02691597222454018,0,0,0.0
revenue,ok,22.0,net sales,1000000.0,0.0,2022-01-30,header_fiscal_year_label,0000354950_0000354950-22-000070,rules,151157000000.0,0.025089717554187194,0,0,0.0
operating_income,ok,22.0,operating income,1000000.0,0.0,2022-01-30,header_fiscal_year_label,0000354950_0000354950-22-000070,rules,23040000000.0,0.025089717554187194,0,0,0.0
net_income,ok,22.0,net earnings,1000000.0,0.0,2022-01-30,header_fiscal_year_label,0000354950_0000354950-22-000070,rules,16433000000.0,0.025089717554187194,0,0,0.0
eps_diluted,ok,22.0,diluted earnings per share,1000000.0,0.0,2022-01-30,header_fiscal_year_label,0000354950_0000354950-22-000070,rules,15.53,0.025089717554187194,0,0,0.0
total_assets,ok,21.0,total assets,1000000.0,0.0,2022-01-30,header_full_date,0000354950_0000354950-22-000070,rules,71876000000.0,0.025089717554187194,0,0,0.0
total_liabilities,ok,21.0,total liabilities,1000000.0,0.0,2022-01-30,header_full_date,0000354950_0000354950-22-000070,rules,73572000000.0,0.025089717554187194,0,0,0.0
stockholders_equity,ok,21.0,total stockholders' (deficit) equity,1000000.0,0.0,2022-01-30,header_full_date,0000354950_0000354950-22-000070,rules,-1696000000.0,0.025089717554187194,0,0,0.0
cash_and_equivalents,ok,21.0,cash and cash equivalents,1000000.0,0.0,2022-01-30,header_full_date,0000354950_0000354950-22-000070,rules,2343000000.0,0.025089717554187194,0,0,0.0
operating_cash_flow,ok,25.0,net cash provided by operating activities,1000000.0,0.0,2022-01-30,header_fiscal_year_label,0000354950_0000354950-22-000070,rules,16571000000.0,0.025089717554187194,0,0,0.0
revenue,ok,61.0,net sales,1000000.0,0.0,2023-01-29,header_fiscal_year_label,0000354950_0000354950-23-000059,rules,157403000000.0,0.02604691199828974,0,0,0.0
operating_income,ok,61.0,operating income,1000000.0,0.0,2023-01-29,header_fiscal_year_label,0000354950_0000354950-23-000059,rules,24039000000.0,0.02604691199828974,0,0,0.0
net_income,ok,61.0,net earnings,1000000.0,0.0,2023-01-29,header_fiscal_year_label,0000354950_0000354950-23-000059,rules,17105000000.0,0.02604691199828974,0,0,0.0
eps_diluted,ok,61.0,diluted earnings per share,1000000.0,0.0,2023-01-29,header_fiscal_year_label,0000354950_0000354950-23-000059,rules,16.69,0.02604691199828974,0,0,0.0
total_assets,ok,59.0,total assets,1000000.0,0.0,2023-01-29,header_full_date,0000354950_0000354950-23-000059,rules,76445000000.0,0.02604691199828974,0,0,0.0
total_liabilities,ok,59.0,total liabilities,1000000.0,0.0,2023-01-29,header_full_date,0000354950_0000354950-23-000059,rules,74883000000.0,0.02604691199828974,0,0,0.0
stockholders_equity,ok,59.0,total stockholders' equity (deficit),1000000.0,0.0,2023-01-29,header_full_date,0000354950_0000354950-23-000059,rules,1562000000.0,0.02604691199828974,0,0,0.0
cash_and_equivalents,ok,59.0,cash and cash equivalents,1000000.0,0.0,2023-01-29,header_full_date,0000354950_0000354950-23-000059,rules,2757000000.0,0.02604691199828974,0,0,0.0
operating_cash_flow,ok,67.0,net cash provided by operating activities,1000000.0,0.0,2023-01-29,header_fiscal_year_label,0000354950_0000354950-23-000059,rules,14615000000.0,0.02604691199828974,0,0,0.0
revenue,ok,61.0,net sales,1000000.0,0.0,2024-01-28,header_fiscal_year_label,0000354950_0000354950-24-000062,rules,152669000000.0,0.032190833331292704,0,0,0.0
operating_income,ok,61.0,operating income,1000000.0,0.0,2024-01-28,header_fiscal_year_label,0000354950_0000354950-24-000062,rules,21689000000.0,0.032190833331292704,0,0,0.0
net_income,ok,61.0,net earnings,1000000.0,0.0,2024-01-28,header_fiscal_year_label,0000354950_0000354950-24-000062,rules,15143000000.0,0.032190833331292704,0,0,0.0
eps_diluted,ok,61.0,diluted earnings per share,1000000.0,0.0,2024-01-28,header_fiscal_year_label,0000354950_0000354950-24-000062,rules,15.11,0.032190833331292704,0,0,0.0
total_assets,ok,59.0,total assets,1000000.0,0.0,2024-01-28,header_full_date,0000354950_0000354950-24-000062,rules,76530000000.0,0.032190833331292704,0,0,0.0
total_liabilities,ok,59.0,total liabilities,1000000.0,0.0,2024-01-28,header_full_date,0000354950_0000354950-24-000062,rules,75486000000.0,0.032190833331292704,0,0,0.0
stockholders_equity,ok,59.0,total stockholders' equity,1000000.0,0.0,2024-01-28,header_full_date,0000354950_0000354950-24-000062,rules,1044000000.0,0.032190833331292704,0,0,0.0
cash_and_equivalents,ok,59.0,cash and cash equivalents,1000000.0,0.0,2024-01-28,header_full_date,0000354950_0000354950-24-000062,rules,3760000000.0,0.032190833331292704,0,0,0.0
operating_cash_flow,ok,67.0,net cash provided by operating activities,1000000.0,0.0,2024-01-28,header_fiscal_year_label,0000354950_0000354950-24-000062,rules,21172000000.0,0.032190833331292704,0,0,0.0
revenue,ok,123.0,net sales,1000000.0,0.0,2019-06-30,header_year,0000080424_0000080424-19-000050,rules,67684000000.0,0.03501041666863279,0,0,0.0
operating_income,ok,123.0,operating income,1000000.0,0.0,2019-06-30,header_year,0000080424_0000080424-19-000050,rules,5487000000.0,0.03501041666863279,0,0,0.0
net_income,ok,123.0,net earnings attributable to procter & gamble,1000000.0,0.0,2019-06-30,header_year,0000080424_0000080424-19-000050,rules,3897000000.0,0.03501041666863279,0,0,0.0
eps_diluted,ok,123.0,diluted net earnings per common share,1000000.0,0.0,2019-06-30,header_year,0000080424_0000080424-19-000050,rules,1.43,0.03501041666863279,0,0,0.0
total_assets,ok,126.0,total assets,1000000.0,0.0,2019-06-30,header_year,0000080424_0000080424-19-000050,rules,115095000000.0,0.03501041666863279,0,0,0.0
total_liabilities,ok,126.0,total liabilities,1000000.0,0.0,2019-06-30,header_year,0000080424_0000080424-19-000050,rules,67516000000.0,0.03501041666863279,0,0,0.0
stockholders_equity,ok,126.0,total shareholders' equity,1000000.0,0.0,2019-06-30,header_year,0000080424_0000080424-19-000050,rules,47579000000.0,0.03501041666863279,0,0,0.0
cash_and_equivalents,ok,126.0,cash and cash equivalents,1000000.0,0.0,2019-06-30,header_year,0000080424_0000080424-19-000050,rules,4239000000.0,0.03501041666863279,0,0,0.0
operating_cash_flow,ok,128.0,total operating activities,1000000.0,0.0,2019-06-30,header_year,0000080424_0000080424-19-000050,rules,15242000000.0,0.03501041666863279,0,0,0.0
revenue,ok,39.0,net sales,1000000.0,0.0,2020-06-30,header_year,0000080424_0000080424-20-000053,rules,70950000000.0,0.03195786111367246,0,0,0.0
operating_income,ok,39.0,operating income,1000000.0,0.0,2020-06-30,header_year,0000080424_0000080424-20-000053,rules,15706000000.0,0.03195786111367246,0,0,0.0
net_income,ok,39.0,net earnings attributable to procter & gamble,1000000.0,0.0,2020-06-30,header_year,0000080424_0000080424-20-000053,rules,13027000000.0,0.03195786111367246,0,0,0.0
eps_diluted,ok,39.0,diluted,1000000.0,0.0,2020-06-30,header_year,0000080424_0000080424-20-000053,rules,4.96,0.03195786111367246,0,0,0.0
total_assets,ok,41.0,total assets,1000000.0,0.0,2020-06-30,header_year,0000080424_0000080424-20-000053,rules,120700000000.0,0.03195786111367246,0,0,0.0
total_liabilities,ok,41.0,total liabilities,1000000.0,0.0,2020-06-30,header_year,0000080424_0000080424-20-000053,rules,73822000000.0,0.03195786111367246,0,0,0.0
stockholders_equity,ok,41.0,total shareholders' equity,1000000.0,0.0,2020-06-30,header_year,0000080424_0000080424-20-000053,rules,46878000000.0,0.03195786111367246,0,0,0.0
cash_and_equivalents,ok,41.0,cash and cash equivalents,1000000.0,0.0,2020-06-30,header_year,0000080424_0000080424-20-000053,rules,16181000000.0,0.03195786111367246,0,0,0.0
operating_cash_flow,ok,43.0,total operating activities,1000000.0,0.0,2020-06-30,header_year,0000080424_0000080424-20-000053,rules,17403000000.0,0.03195786111367246,0,0,0.0
revenue,ok,37.0,net sales,1000000.0,0.0,2021-06-30,header_year,0000080424_0000080424-21-000100,rules,76118000000.0,0.029336245336000703,0,0,0.0
operating_income,ok,37.0,operating income,1000000.0,0.0,2021-06-30,header_year,0000080424_0000080424-21-000100,rules,17986000000.0,0.029336245336000703,0,0,0.0
net_income,ok,37.0,net earnings attributable to procter & gamble,1000000.0,0.0,2021-06-30,header_year,0000080424_0000080424-21-000100,rules,14306000000.0,0.029336245336000703,0,0,0.0
eps_diluted,ok,37.0,diluted,1000000.0,0.0,2021-06-30,header_year,0000080424_0000080424-21-000100,rules,5.5,0.029336245336000703,0,0,0.0
total_assets,ok,39.0,total assets,1000000.0,0.0,2021-06-30,header_year,0000080424_0000080424-21-000100,rules,119307000000.0,0.029336245336000703,0,0,0.0
total_liabilities,ok,39.0,total liabilities,1000000.0,0.0,2021-06-30,header_year,0000080424_0000080424-21-000100,rules,72653000000.0,0.029336245336000703,0,0,0.0
stockholders_equity,ok,39.0,total shareholders' equity,1000000.0,0.0,2021-06-30,header_year,0000080424_0000080424-21-000100,rules,46654000000.0,0.029336245336000703,0,0,0.0
cash_and_equivalents,ok,39.0,cash and cash equivalents,1000000.0,0.0,2021-06-30,header_year,0000080424_0000080424-21-000100,rules,10288000000.0,0.029336245336000703,0,0,0.0
operating_cash_flow,ok,41.0,total operating activities,1000000.0,0.0,2021-06-30,header_year,0000080424_0000080424-21-000100,rules,18371000000.0,0.029336245336000703,0,0,0.0
revenue,ok,38.0,net sales,1000000.0,0.0,2022-06-30,header_year,0000080424_0000080424-22-000064,rules,80187000000.0,0.0287405416666944,0,0,0.0
operating_income,ok,38.0,operating income,1000000.0,0.0,2022-06-30,header_year,0000080424_0000080424-22-000064,rules,17813000000.0,0.0287405416666944,0,0,0.0
net_income,ok,38.0,net earnings attributable to procter & gamble,1000000.0,0.0,2022-06-30,header_year,0000080424_0000080424-22-000064,rules,14742000000.0,0.0287405416666944,0,0,0.0
eps_diluted,ok,38.0,diluted,1000000.0,0.0,2022-06-30,header_year,0000080424_0000080424-22-000064,rules,5.81,0.0287405416666944,0,0,0.0
total_assets,ok,40.0,total assets,1000000.0,0.0,2022-06-30,header_year,0000080424_0000080424-22-000064,rules,117208000000.0,0.0287405416666944,0,0,0.0
total_liabilities,ok,40.0,total liabilities,1000000.0,0.0,2022-06-30,header_year,0000080424_0000080424-22-000064,rules,70354000000.0,0.0287405416666944,0,0,0.0
stockholders_equity,ok,40.0,total shareholders' equity,1000000.0,0.0,2022-06-30,header_year,0000080424_0000080424-22-000064,rules,46854000000.0,0.0287405416666944,0,0,0.0
cash_and_equivalents,ok,40.0,cash and cash equivalents,1000000.0,0.0,2022-06-30,header_year,0000080424_0000080424-22-000064,rules,7214000000.0,0.0287405416666944,0,0,0.0
operating_cash_flow,ok,42.0,total operating activities,1000000.0,0.0,2022-06-30,header_year,0000080424_0000080424-22-000064,rules,16723000000.0,0.0287405416666944,0,0,0.0
revenue,ok,28.0,net sales,1000000.0,0.0,2023-06-30,header_year,0000080424_0000080424-23-000073,rules,82006000000.0,0.027424620335093804,0,0,0.0
operating_income,ok,28.0,operating income,1000000.0,0.0,2023-06-30,header_year,0000080424_0000080424-23-000073,rules,18134000000.0,0.027424620335093804,0,0,0.0
net_income,ok,28.0,net earnings attributable to procter & gamble,1000000.0,0.0,2023-06-30,header_year,0000080424_0000080424-23-000073,rules,14653000000.0,0.027424620335093804,0,0,0.0
eps_diluted,ok,28.0,diluted,1000000.0,0.0,2023-06-30,header_year,0000080424_0000080424-23-000073,rules,5.9,0.027424620335093804,0,0,0.0
total_assets,ok,30.0,total assets,1000000.0,0.0,2023-06-30,header_year,0000080424_0000080424-23-000073,rules,120829000000.0,0.027424620335093804,0,0,0.0
total_liabilities,ok,30.0,total liabilities,1000000.0,0.0,2023-06-30,header_year,0000080424_0000080424-23-000073,rules,73764000000.0,0.027424620335093804,0,0,0.0
stockholders_equity,ok,30.0,total shareholders' equity,1000000.0,0.0,2023-06-30,header_year,0000080424_0000080424-23-000073,rules,47065000000.0,0.027424620335093804,0,0,0.0
cash_and_equivalents,ok,30.0,cash and cash equivalents,1000000.0,0.0,2023-06-30,header_year,0000080424_0000080424-23-000073,rules,8246000000.0,0.027424620335093804,0,0,0.0
operating_cash_flow,ok,32.0,total operating activities,1000000.0,0.0,2023-06-30,header_year,0000080424_0000080424-23-000073,rules,16848000000.0,0.027424620335093804,0,0,0.0
revenue,ok,29.0,net sales,1000000.0,0.0,2024-06-30,header_year,0000080424_0000080424-24-000083,rules,84039000000.0,0.03345959722193786,0,0,0.0
operating_income,ok,29.0,operating income,1000000.0,0.0,2024-06-30,header_year,0000080424_0000080424-24-000083,rules,18545000000.0,0.03345959722193786,0,0,0.0
net_income,ok,29.0,net earnings attributable to procter & gamble,1000000.0,0.0,2024-06-30,header_year,0000080424_0000080424-24-000083,rules,14879000000.0,0.03345959722193786,0,0,0.0
eps_diluted,ok,29.0,diluted,1000000.0,0.0,2024-06-30,header_year,0000080424_0000080424-24-000083,rules,6.02,0.03345959722193786,0,0,0.0
total_assets,ok,31.0,total assets,1000000.0,0.0,2024-06-30,header_year,0000080424_0000080424-24-000083,rules,122370000000.0,0.03345959722193786,0,0,0.0
total_liabilities,ok,31.0,total liabilities,1000000.0,0.0,2024-06-30,header_year,0000080424_0000080424-24-000083,rules,71811000000.0,0.03345959722193786,0,0,0.0
stockholders_equity,ok,31.0,total shareholders' equity,1000000.0,0.0,2024-06-30,header_year,0000080424_0000080424-24-000083,rules,50559000000.0,0.03345959722193786,0,0,0.0
cash_and_equivalents,ok,31.0,cash and cash equivalents,1000000.0,0.0,2024-06-30,header_year,0000080424_0000080424-24-000083,rules,9482000000.0,0.03345959722193786,0,0,0.0
operating_cash_flow,ok,33.0,total operating activities,1000000.0,0.0,2024-06-30,header_year,0000080424_0000080424-24-000083,rules,19846000000.0,0.03345959722193786,0,0,0.0
revenue,ok,227.0,total revenues,1000000.0,0.0,2019-09-28,header_year,0001744489_0001744489-19-000225,rules,69570000000.0,0.06699972688996543,0,0,0.0
operating_income,row_not_found,227.0,,1000000.0,0.0,2019-09-28,header_year,0001744489_0001744489-19-000225,rules,,0.06699972688996543,0,0,0.0
net_income,ok,227.0,net income attributable to the walt disney company (disney),1000000.0,0.0,2019-09-28,header_year,0001744489_0001744489-19-000225,rules,11054000000.0,0.06699972688996543,0,0,0.0
eps_diluted,no_value_in_row,227.0,diluted,1000000.0,0.0,2019-09-28,header_year,0001744489_0001744489-19-000225,rules,,0.06699972688996543,0,0,0.0
total_assets,ok,230.0,total assets,1000000.0,0.0,2019-09-28,header_full_date,0001744489_0001744489-19-000225,rules,193984000000.0,0.06699972688996543,0,0,0.0
total_liabilities,row_not_found,230.0,,1000000.0,0.0,2019-09-28,header_full_date,0001744489_0001744489-19-000225,rules,,0.06699972688996543,0,0,0.0
stockholders_equity,ok,230.0,total disney shareholders' equity,1000000.0,0.0,2019-09-28,header_full_date,0001744489_0001744489-19-000225,rules,88877000000.0,0.06699972688996543,0,0,0.0
cash_and_equivalents,ok,230.0,cash and cash equivalents,1000000.0,0.0,2019-09-28,header_full_date,0001744489_0001744489-19-000225,rules,5418000000.0,0.06699972688996543,0,0,0.0
operating_cash_flow,row_not_found,231.0,,1000000.0,0.0,2019-09-28,header_year,0001744489_0001744489-19-000225,rules,,0.06699972688996543,0,0,0.0
revenue,ok,62.0,total revenues,1000000.0,0.0,2020-10-03,header_year,0001744489_0001744489-20-000197,rules,65388000000.0,0.050690092560317784,0,0,0.0
operating_income,row_not_found,62.0,,1000000.0,0.0,2020-10-03,header_year,0001744489_0001744489-20-000197,rules,,0.050690092560317784,0,0,0.0
net_income,ok,62.0,net income (loss) attributable to the walt disney company (disney),1000000.0,0.0,2020-10-03,header_year,0001744489_0001744489-20-000197,rules,-2864000000.0,0.050690092560317784,0,0,0.0
eps_diluted,no_value_in_row,62.0,diluted,1000000.0,0.0,2020-10-03,header_year,0001744489_0001744489-20-000197,rules,,0.050690092560317784,0,0,0.0
total_assets,ok,64.0,total assets,1000000.0,0.0,2020-10-03,header_full_date,0001744489_0001744489-20-000197,rules,201549000000.0,0.050690092560317784,0,0,0.0
total_liabilities,row_not_found,64.0,,1000000.0,0.0,2020-10-03,header_full_date,0001744489_0001744489-20-000197,rules,,0.050690092560317784,0,0,0.0
stockholders_equity,ok,64.0,total disney shareholders' equity,1000000.0,0.0,2020-10-03,header_full_date,0001744489_0001744489-20-000197,rules,83583000000.0,0.050690092560317784,0,0,0.0
cash_and_equivalents,ok,64.0,cash and cash equivalents,1000000.0,0.0,2020-10-03,header_full_date,0001744489_0001744489-20-000197,rules,17914000000.0,0.050690092560317784,0,0,0.0
operating_cash_flow,row_not_found,65.0,,1000000.0,0.0,2020-10-03,header_year,0001744489_0001744489-20-000197,rules,,0.050690092560317784,0,0,0.0
revenue,ok,63.0,total revenues,1000000.0,0.0,2021-10-02,header_year,0001744489_0001744489-21-000220,rules,67418000000.0,0.04835944444898309,0,0,0.0
operating_income,row_not_found,63.0,,1000000.0,0.0,2021-10-02,header_year,0001744489_0001744489-21-000220,rules,,0.04835944444898309,0,0,0.0
net_income,ok,63.0,net income (loss) attributable to the walt disney company (disney),1000000.0,0.0,2021-10-02,header_year,0001744489_0001744489-21-000220,rules,1995000000.0,0.04835944444898309,0,0,0.0
eps_diluted,no_value_in_row,63.0,diluted,1000000.0,0.0,2021-10-02,header_year,0001744489_0001744489-21-000220,rules,,0.04835944444898309,0,0,0.0
total_assets,ok,65.0,total assets,1000000.0,0.0,2021-10-02,header_full_date,0001744489_0001744489-21-000220,rules,203609000000.0,0.04835944444898309,0,0,0.0
total_liabilities,row_not_found,65.0,,1000000.0,0.0,2021-10-02,header_full_date,0001744489_0001744489-21-000220,rules,,0.04835944444898309,0,0,0.0
stockholders_equity,ok,65.0,total disney shareholders' equity,1000000.0,0.0,2021-10-02,header_full_date,0001744489_0001744489-21-000220,rules,88553000000.0,0.04835944444898309,0,0,0.0
cash_and_equivalents,ok,65.0,cash and cash equivalents,1000000.0,0.0,2021-10-02,header_full_date,0001744489_0001744489-21-000220,rules,15959000000.0,0.04835944444898309,0,0,0.0
operating_cash_flow,row_not_found,66.0,,1000000.0,0.0,2021-10-02,header_year,0001744489_0001744489-21-000220,rules,,0.04835944444898309,0,0,0.0
revenue,ok,64.0,total revenues,1000000.0,0.0,2022-10-01,header_year,0001744489_0001744489-22-000213,rules,82722000000.0,0.05216805100078798,0,0,0.0
operating_income,row_not_found,64.0,,1000000.0,0.0,2022-10-01,header_year,0001744489_0001744489-22-000213,rules,,0.05216805100078798,0,0,0.0
net_income,ok,64.0,net income (loss) attributable to the walt disney company (disney),1000000.0,0.0,2022-10-01,header_year,0001744489_0001744489-22-000213,rules,3145000000.0,0.05216805100078798,0,0,0.0
eps_diluted,no_value_in_row,64.0,diluted,1000000.0,0.0,2022-10-01,header_year,0001744489_0001744489-22-000213,rules,,0.05216805100078798,0,0,0.0
total_assets,ok,66.0,total assets,1000000.0,0.0,2022-10-01,header_full_date,0001744489_0001744489-22-000213,rules,203631000000.0,0.05216805100078798,0,0,0.0
total_liabilities,row_not_found,66.0,,1000000.0,0.0,2022-10-01,header_full_date,0001744489_0001744489-22-000213,rules,,0.05216805100078798,0,0,0.0
stockholders_equity,ok,66.0,total disney shareholders' equity,1000000.0,0.0,2022-10-01,header_full_date,0001744489_0001744489-22-000213,rules,95008000000.0,0.05216805100078798,0,0,0.0
cash_and_equivalents,ok,66.0,cash and cash equivalents,1000000.0,0.0,2022-10-01,header_full_date,0001744489_0001744489-22-000213,rules,11615000000.0,0.05216805100078798,0,0,0.0
operating_cash_flow,row_not_found,67.0,,1000000.0,0.0,2022-10-01,header_year,0001744489_0001744489-22-000213,rules,,0.05216805100078798,0,0,0.0
revenue,ok,103.0,total revenues,1000000.0,0.0,2023-09-30,header_year,0001744489_0001744489-23-000216,rules,88898000000.0,0.06995431011051147,0,0,0.0
operating_income,row_not_found,103.0,,1000000.0,0.0,2023-09-30,header_year,0001744489_0001744489-23-000216,rules,,0.06995431011051147,0,0,0.0
net_income,ok,103.0,net income attributable to the walt disney company (disney),1000000.0,0.0,2023-09-30,header_year,0001744489_0001744489-23-000216,rules,2354000000.0,0.06995431011051147,0,0,0.0
eps_diluted,no_value_in_row,103.0,diluted,1000000.0,0.0,2023-09-30,header_year,0001744489_0001744489-23-000216,rules,,0.06995431011051147,0,0,0.0
total_assets,ok,105.0,total assets,1000000.0,0.0,2023-09-30,header_full_date,0001744489_0001744489-23-000216,rules,205579000000.0,0.06995431011051147,0,0,0.0
total_liabilities,row_not_found,105.0,,1000000.0,0.0,2023-09-30,header_full_date,0001744489_0001744489-23-000216,rules,,0.06995431011051147,0,0,0.0
stockholders_equity,ok,105.0,total disney shareholders' equity,1000000.0,0.0,2023-09-30,header_full_date,0001744489_0001744489-23-000216,rules,99277000000.0,0.06995431011051147,0,0,0.0
cash_and_equivalents,ok,105.0,cash and cash equivalents,1000000.0,0.0,2023-09-30,header_full_date,0001744489_0001744489-23-000216,rules,14182000000.0,0.06995431011051147,0,0,0.0
operating_cash_flow,row_not_found,106.0,,1000000.0,0.0,2023-09-30,header_year,0001744489_0001744489-23-000216,rules,,0.06995431011051147,0,0,0.0
revenue,ok,71.0,total revenues,1000000.0,0.0,2024-09-28,header_year,0001744489_0001744489-24-000276,rules,91361000000.0,0.05854268978065294,0,0,0.0
operating_income,row_not_found,71.0,,1000000.0,0.0,2024-09-28,header_year,0001744489_0001744489-24-000276,rules,,0.05854268978065294,0,0,0.0
net_income,ok,71.0,net income attributable to the walt disney company (disney),1000000.0,0.0,2024-09-28,header_year,0001744489_0001744489-24-000276,rules,4972000000.0,0.05854268978065294,0,0,0.0
eps_diluted,no_value_in_row,71.0,diluted,1000000.0,0.0,2024-09-28,header_year,0001744489_0001744489-24-000276,rules,,0.05854268978065294,0,0,0.0
total_assets,ok,73.0,total assets,1000000.0,0.0,2024-09-28,header_full_date,0001744489_0001744489-24-000276,rules,196219000000.0,0.05854268978065294,0,0,0.0
total_liabilities,row_not_found,73.0,,1000000.0,0.0,2024-09-28,header_full_date,0001744489_0001744489-24-000276,rules,,0.05854268978065294,0,0,0.0
stockholders_equity,ok,73.0,total disney shareholders' equity,1000000.0,0.0,2024-09-28,header_full_date,0001744489_0001744489-24-000276,rules,100696000000.0,0.05854268978065294,0,0,0.0
cash_and_equivalents,ok,73.0,cash and cash equivalents,1000000.0,0.0,2024-09-28,header_full_date,0001744489_0001744489-24-000276,rules,6002000000.0,0.05854268978065294,0,0,0.0
operating_cash_flow,row_not_found,74.0,,1000000.0,0.0,2024-09-28,header_year,0001744489_0001744489-24-000276,rules,,0.05854268978065294,0,0,0.0
revenue,statement_not_found,,,,,,,0000732712_0000732712-20-000014,rules,,0.003121745442816367,0,0,0.0
operating_income,statement_not_found,,,,,,,0000732712_0000732712-20-000014,rules,,0.003121745442816367,0,0,0.0
net_income,statement_not_found,,,,,,,0000732712_0000732712-20-000014,rules,,0.003121745442816367,0,0,0.0
eps_diluted,statement_not_found,,,,,,,0000732712_0000732712-20-000014,rules,,0.003121745442816367,0,0,0.0
total_assets,statement_not_found,,,,,,,0000732712_0000732712-20-000014,rules,,0.003121745442816367,0,0,0.0
total_liabilities,statement_not_found,,,,,,,0000732712_0000732712-20-000014,rules,,0.003121745442816367,0,0,0.0
stockholders_equity,statement_not_found,,,,,,,0000732712_0000732712-20-000014,rules,,0.003121745442816367,0,0,0.0
cash_and_equivalents,statement_not_found,,,,,,,0000732712_0000732712-20-000014,rules,,0.003121745442816367,0,0,0.0
operating_cash_flow,statement_not_found,,,,,,,0000732712_0000732712-20-000014,rules,,0.003121745442816367,0,0,0.0
revenue,row_not_found,79.0,,1000000.0,0.0,2020-12-31,header_year,0000732712_0000732712-21-000012,rules,,0.048779680555324174,0,0,0.0
operating_income,ok,79.0,operating income,1000000.0,0.0,2020-12-31,header_year,0000732712_0000732712-21-000012,rules,28798000000.0,0.048779680555324174,0,0,0.0
net_income,ok,79.0,net income attributable to verizon,1000000.0,0.0,2020-12-31,header_year,0000732712_0000732712-21-000012,rules,17801000000.0,0.048779680555324174,0,0,0.0
eps_diluted,ok,79.0,[section] diluted earnings per common share,1000000.0,0.0,2020-12-31,header_year,0000732712_0000732712-21-000012,rules,4.3,0.048779680555324174,0,0,0.0
total_assets,ok,83.0,total assets,1000000.0,0.0,2020-12-31,header_year,0000732712_0000732712-21-000012,rules,316481000000.0,0.048779680555324174,0,0,0.0
total_liabilities,row_not_found,83.0,,1000000.0,0.0,2020-12-31,header_year,0000732712_0000732712-21-000012,rules,,0.048779680555324174,0,0,0.0
stockholders_equity,ok,83.0,total equity,1000000.0,0.0,2020-12-31,header_year,0000732712_0000732712-21-000012,rules,69272000000.0,0.048779680555324174,0,0,0.0
cash_and_equivalents,ok,83.0,cash and cash equivalents,1000000.0,0.0,2020-12-31,header_year,0000732712_0000732712-21-000012,rules,22171000000.0,0.048779680555324174,0,0,0.0
operating_cash_flow,ok,85.0,net cash provided by operating activities,1000000.0,0.0,2020-12-31,header_year,0000732712_0000732712-21-000012,rules,41768000000.0,0.048779680555324174,0,0,0.0
revenue,row_not_found,76.0,,1000000.0,0.0,2021-12-31,header_year,0000732712_0000732712-22-000008,rules,,0.0629336760030128,0,0,0.0
operating_income,ok,76.0,operating income,1000000.0,0.0,2021-12-31,header_year,0000732712_0000732712-22-000008,rules,32448000000.0,0.0629336760030128,0,0,0.0
net_income,ok,76.0,net income attributable to verizon,1000000.0,0.0,2021-12-31,header_year,0000732712_0000732712-22-000008,rules,22065000000.0,0.0629336760030128,0,0,0.0
eps_diluted,ok,76.0,[section] diluted earnings per common share,1000000.0,0.0,2021-12-31,header_year,0000732712_0000732712-22-000008,rules,5.32,0.0629336760030128,0,0,0.0
total_assets,ok,80.0,total assets,1000000.0,0.0,2021-12-31,header_year,0000732712_0000732712-22-000008,rules,366596000000.0,0.0629336760030128,0,0,0.0
total_liabilities,row_not_found,80.0,,1000000.0,0.0,2021-12-31,header_year,0000732712_0000732712-22-000008,rules,,0.0629336760030128,0,0,0.0
stockholders_equity,ok,80.0,total equity,1000000.0,0.0,2021-12-31,header_year,0000732712_0000732712-22-000008,rules,83200000000.0,0.0629336760030128,0,0,0.0
cash_and_equivalents,ok,80.0,cash and cash equivalents,1000000.0,0.0,2021-12-31,header_year,0000732712_0000732712-22-000008,rules,2921000000.0,0.0629336760030128,0,0,0.0
operating_cash_flow,ok,82.0,net cash provided by operating activities,1000000.0,0.0,2021-12-31,header_year,0000732712_0000732712-22-000008,rules,39539000000.0,0.0629336760030128,0,0,0.0
revenue,row_not_found,77.0,,1000000.0,0.0,2022-12-31,header_year,0000732712_0000732712-23-000012,rules,,0.07508287955877474,0,0,0.0
operating_income,ok,77.0,operating income,1000000.0,0.0,2022-12-31,header_year,0000732712_0000732712-23-000012,rules,30467000000.0,0.07508287955877474,0,0,0.0
net_income,ok,77.0,net income attributable to verizon,1000000.0,0.0,2022-12-31,header_year,0000732712_0000732712-23-000012,rules,21256000000.0,0.07508287955877474,0,0,0.0
eps_diluted,ok,77.0,[section] diluted earnings per common share,1000000.0,0.0,2022-12-31,header_year,0000732712_0000732712-23-000012,rules,5.06,0.07508287955877474,0,0,0.0
total_assets,ok,81.0,total assets,1000000.0,0.0,2022-12-31,header_year,0000732712_0000732712-23-000012,rules,379680000000.0,0.07508287955877474,0,0,0.0
total_liabilities,row_not_found,81.0,,1000000.0,0.0,2022-12-31,header_year,0000732712_0000732712-23-000012,rules,,0.07508287955877474,0,0,0.0
stockholders_equity,ok,81.0,total equity,1000000.0,0.0,2022-12-31,header_year,0000732712_0000732712-23-000012,rules,92463000000.0,0.07508287955877474,0,0,0.0
cash_and_equivalents,ok,81.0,cash and cash equivalents,1000000.0,0.0,2022-12-31,header_year,0000732712_0000732712-23-000012,rules,2605000000.0,0.07508287955877474,0,0,0.0
operating_cash_flow,ok,83.0,net cash provided by operating activities,1000000.0,0.0,2022-12-31,header_year,0000732712_0000732712-23-000012,rules,37141000000.0,0.07508287955877474,0,0,0.0
revenue,row_not_found,78.0,,1000000.0,0.0,2023-12-31,header_year,0000732712_0000732712-24-000010,rules,,0.12187213889167954,0,0,0.0
operating_income,ok,78.0,operating income,1000000.0,0.0,2023-12-31,header_year,0000732712_0000732712-24-000010,rules,22877000000.0,0.12187213889167954,0,0,0.0
net_income,ok,78.0,net income attributable to verizon,1000000.0,0.0,2023-12-31,header_year,0000732712_0000732712-24-000010,rules,11614000000.0,0.12187213889167954,0,0,0.0
eps_diluted,ok,78.0,[section] diluted earnings per common share,1000000.0,0.0,2023-12-31,header_year,0000732712_0000732712-24-000010,rules,2.75,0.12187213889167954,0,0,0.0
total_assets,ok,82.0,total assets,1000000.0,0.0,2023-12-31,header_year,0000732712_0000732712-24-000010,rules,380255000000.0,0.12187213889167954,0,0,0.0
total_liabilities,row_not_found,82.0,,1000000.0,0.0,2023-12-31,header_year,0000732712_0000732712-24-000010,rules,,0.12187213889167954,0,0,0.0
stockholders_equity,ok,82.0,total equity,1000000.0,0.0,2023-12-31,header_year,0000732712_0000732712-24-000010,rules,93799000000.0,0.12187213889167954,0,0,0.0
cash_and_equivalents,ok,82.0,cash and cash equivalents,1000000.0,0.0,2023-12-31,header_year,0000732712_0000732712-24-000010,rules,2065000000.0,0.12187213889167954,0,0,0.0
operating_cash_flow,ok,84.0,net cash provided by operating activities,1000000.0,0.0,2023-12-31,header_year,0000732712_0000732712-24-000010,rules,37475000000.0,0.12187213889167954,0,0,0.0
revenue,row_not_found,78.0,,1000000.0,0.0,2024-12-31,header_year,0000732712_0000732712-25-000006,rules,,0.06968469444351892,0,0,0.0
operating_income,ok,78.0,operating income,1000000.0,0.0,2024-12-31,header_year,0000732712_0000732712-25-000006,rules,28686000000.0,0.06968469444351892,0,0,0.0
net_income,ok,78.0,net income attributable to verizon,1000000.0,0.0,2024-12-31,header_year,0000732712_0000732712-25-000006,rules,17506000000.0,0.06968469444351892,0,0,0.0
eps_diluted,ok,78.0,[section] diluted earnings per common share,1000000.0,0.0,2024-12-31,header_year,0000732712_0000732712-25-000006,rules,4.14,0.06968469444351892,0,0,0.0
total_assets,ok,82.0,total assets,1000000.0,0.0,2024-12-31,header_year,0000732712_0000732712-25-000006,rules,384711000000.0,0.06968469444351892,0,0,0.0
total_liabilities,row_not_found,82.0,,1000000.0,0.0,2024-12-31,header_year,0000732712_0000732712-25-000006,rules,,0.06968469444351892,0,0,0.0
stockholders_equity,ok,82.0,total equity,1000000.0,0.0,2024-12-31,header_year,0000732712_0000732712-25-000006,rules,100575000000.0,0.06968469444351892,0,0,0.0
cash_and_equivalents,ok,82.0,cash and cash equivalents,1000000.0,0.0,2024-12-31,header_year,0000732712_0000732712-25-000006,rules,4194000000.0,0.06968469444351892,0,0,0.0
operating_cash_flow,ok,84.0,net cash provided by operating activities,1000000.0,0.0,2024-12-31,header_year,0000732712_0000732712-25-000006,rules,36912000000.0,0.06968469444351892,0,0,0.0
revenue,ok,167.0,total revenues,1000000.0,0.0,2019-01-31,header_year,0000104169_0000104169-19-000016,rules,514405000000.0,0.0572003379994486,0,0,0.0
operating_income,ok,167.0,operating income,1000000.0,0.0,2019-01-31,header_year,0000104169_0000104169-19-000016,rules,21957000000.0,0.0572003379994486,0,0,0.0
net_income,ok,167.0,consolidated net income,1000000.0,0.0,2019-01-31,header_year,0000104169_0000104169-19-000016,rules,7179000000.0,0.0572003379994486,0,0,0.0
eps_diluted,no_value_in_row,167.0,diluted,1000000.0,0.0,2019-01-31,header_year,0000104169_0000104169-19-000016,rules,,0.0572003379994486,0,0,0.0
total_assets,ok,169.0,total assets,1000000.0,0.0,2019-01-31,header_year,0000104169_0000104169-19-000016,rules,219295000000.0,0.0572003379994486,0,0,0.0
total_liabilities,row_not_found,169.0,,1000000.0,0.0,2019-01-31,header_year,0000104169_0000104169-19-000016,rules,,0.0572003379994486,0,0,0.0
stockholders_equity,ok,169.0,total walmart shareholders' equity,1000000.0,0.0,2019-01-31,header_year,0000104169_0000104169-19-000016,rules,72496000000.0,0.0572003379994486,0,0,0.0
cash_and_equivalents,ok,169.0,cash and cash equivalents,1000000.0,0.0,2019-01-31,header_year,0000104169_0000104169-19-000016,rules,7722000000.0,0.0572003379994486,0,0,0.0
operating_cash_flow,ok,171.0,net cash provided by operating activities,1000000.0,0.0,2019-01-31,header_year,0000104169_0000104169-19-000016,rules,27753000000.0,0.0572003379994486,0,0,0.0
revenue,ok,150.0,total revenues,1000000.0,0.0,2020-01-31,header_year,0000104169_0000104169-20-000011,rules,523964000000.0,0.06603106477996334,0,0,0.0
operating_income,ok,150.0,operating income,1000000.0,0.0,2020-01-31,header_year,0000104169_0000104169-20-000011,rules,20568000000.0,0.06603106477996334,0,0,0.0
net_income,ok,150.0,consolidated net income,1000000.0,0.0,2020-01-31,header_year,0000104169_0000104169-20-000011,rules,15201000000.0,0.06603106477996334,0,0,0.0
eps_diluted,no_value_in_row,150.0,diluted,1000000.0,0.0,2020-01-31,header_year,0000104169_0000104169-20-000011,rules,,0.06603106477996334,0,0,0.0
total_assets,ok,152.0,total assets,1000000.0,0.0,2020-01-31,header_year,0000104169_0000104169-20-000011,rules,236495000000.0,0.06603106477996334,0,0,0.0
total_liabilities,row_not_found,152.0,,1000000.0,0.0,2020-01-31,header_year,0000104169_0000104169-20-000011,rules,,0.06603106477996334,0,0,0.0
stockholders_equity,ok,152.0,total walmart shareholders' equity,1000000.0,0.0,2020-01-31,header_year,0000104169_0000104169-20-000011,rules,74669000000.0,0.06603106477996334,0,0,0.0
cash_and_equivalents,ok,152.0,cash and cash equivalents,1000000.0,0.0,2020-01-31,header_year,0000104169_0000104169-20-000011,rules,9465000000.0,0.06603106477996334,0,0,0.0
operating_cash_flow,ok,154.0,net cash provided by operating activities,1000000.0,0.0,2020-01-31,header_year,0000104169_0000104169-20-000011,rules,25255000000.0,0.06603106477996334,0,0,0.0
revenue,ok,50.0,total revenues,1000000.0,0.0,2021-01-31,header_year,0000104169_0000104169-21-000033,rules,559151000000.0,0.06723236111510131,0,0,0.0
operating_income,ok,50.0,operating income,1000000.0,0.0,2021-01-31,header_year,0000104169_0000104169-21-000033,rules,22548000000.0,0.06723236111510131,0,0,0.0
net_income,ok,50.0,consolidated net income,1000000.0,0.0,2021-01-31,header_year,0000104169_0000104169-21-000033,rules,13706000000.0,0.06723236111510131,0,0,0.0
eps_diluted,no_value_in_row,50.0,diluted,1000000.0,0.0,2021-01-31,header_year,0000104169_0000104169-21-000033,rules,,0.06723236111510131,0,0,0.0
total_assets,ok,52.0,total assets,1000000.0,0.0,2021-01-31,header_year,0000104169_0000104169-21-000033,rules,252496000000.0,0.06723236111510131,0,0,0.0
total_liabilities,row_not_found,52.0,,1000000.0,0.0,2021-01-31,header_year,0000104169_0000104169-21-000033,rules,,0.06723236111510131,0,0,0.0
stockholders_equity,ok,52.0,total walmart shareholders' equity,1000000.0,0.0,2021-01-31,header_year,0000104169_0000104169-21-000033,rules,80925000000.0,0.06723236111510131,0,0,0.0
cash_and_equivalents,ok,52.0,cash and cash equivalents,1000000.0,0.0,2021-01-31,header_year,0000104169_0000104169-21-000033,rules,17741000000.0,0.06723236111510131,0,0,0.0
operating_cash_flow,ok,54.0,net cash provided by operating activities,1000000.0,0.0,2021-01-31,header_year,0000104169_0000104169-21-000033,rules,36074000000.0,0.06723236111510131,0,0,0.0
revenue,ok,49.0,total revenues,1000000.0,0.0,2022-01-31,header_year,0000104169_0000104169-22-000012,rules,572754000000.0,0.07077992122180553,0,0,0.0
operating_income,ok,49.0,operating income,1000000.0,0.0,2022-01-31,header_year,0000104169_0000104169-22-000012,rules,25942000000.0,0.07077992122180553,0,0,0.0
net_income,ok,49.0,consolidated net income,1000000.0,0.0,2022-01-31,header_year,0000104169_0000104169-22-000012,rules,13940000000.0,0.07077992122180553,0,0,0.0
eps_diluted,no_value_in_row,49.0,diluted,1000000.0,0.0,2022-01-31,header_year,0000104169_0000104169-22-000012,rules,,0.07077992122180553,0,0,0.0
total_assets,ok,51.0,total assets,1000000.0,0.0,2022-01-31,header_year,0000104169_0000104169-22-000012,rules,244860000000.0,0.07077992122180553,0,0,0.0
total_liabilities,row_not_found,51.0,,1000000.0,0.0,2022-01-31,header_year,0000104169_0000104169-22-000012,rules,,0.07077992122180553,0,0,0.0
stockholders_equity,ok,51.0,total walmart shareholders' equity,1000000.0,0.0,2022-01-31,header_year,0000104169_0000104169-22-000012,rules,83253000000.0,0.07077992122180553,0,0,0.0
cash_and_equivalents,ok,51.0,cash and cash equivalents,1000000.0,0.0,2022-01-31,header_year,0000104169_0000104169-22-000012,rules,14760000000.0,0.07077992122180553,0,0,0.0
operating_cash_flow,ok,53.0,net cash provided by operating activities,1000000.0,0.0,2022-01-31,header_year,0000104169_0000104169-22-000012,rules,24181000000.0,0.07077992122180553,0,0,0.0
revenue,ok,49.0,total revenues,1000000.0,0.0,2023-01-31,header_year,0000104169_0000104169-23-000020,rules,611289000000.0,0.05029044899856672,0,0,0.0
operating_income,ok,49.0,operating income,1000000.0,0.0,2023-01-31,header_year,0000104169_0000104169-23-000020,rules,20428000000.0,0.05029044899856672,0,0,0.0
net_income,ok,49.0,consolidated net income,1000000.0,0.0,2023-01-31,header_year,0000104169_0000104169-23-000020,rules,11292000000.0,0.05029044899856672,0,0,0.0
eps_diluted,no_value_in_row,49.0,diluted,1000000.0,0.0,2023-01-31,header_year,0000104169_0000104169-23-000020,rules,,0.05029044899856672,0,0,0.0
total_assets,ok,51.0,total assets,1000000.0,0.0,2023-01-31,header_year,0000104169_0000104169-23-000020,rules,243197000000.0,0.05029044899856672,0,0,0.0
total_liabilities,row_not_found,51.0,,1000000.0,0.0,2023-01-31,header_year,0000104169_0000104169-23-000020,rules,,0.05029044899856672,0,0,0.0
stockholders_equity,ok,51.0,total walmart shareholders' equity,1000000.0,0.0,2023-01-31,header_year,0000104169_0000104169-23-000020,rules,76693000000.0,0.05029044899856672,0,0,0.0
cash_and_equivalents,ok,51.0,cash and cash equivalents,1000000.0,0.0,2023-01-31,header_year,0000104169_0000104169-23-000020,rules,8625000000.0,0.05029044899856672,0,0,0.0
operating_cash_flow,ok,53.0,net cash provided by operating activities,1000000.0,0.0,2023-01-31,header_year,0000104169_0000104169-23-000020,rules,28841000000.0,0.05029044899856672,0,0,0.0
revenue,ok,49.0,total revenues,1000000.0,0.0,2024-01-31,header_year,0000104169_0000104169-24-000056,rules,648125000000.0,0.044467055555691734,0,0,0.0
operating_income,ok,49.0,operating income,1000000.0,0.0,2024-01-31,header_year,0000104169_0000104169-24-000056,rules,27012000000.0,0.044467055555691734,0,0,0.0
net_income,ok,49.0,consolidated net income,1000000.0,0.0,2024-01-31,header_year,0000104169_0000104169-24-000056,rules,16270000000.0,0.044467055555691734,0,0,0.0
eps_diluted,no_value_in_row,49.0,diluted,1000000.0,0.0,2024-01-31,header_year,0000104169_0000104169-24-000056,rules,,0.044467055555691734,0,0,0.0
total_assets,ok,51.0,total assets,1000000.0,0.0,2024-01-31,header_year,0000104169_0000104169-24-000056,rules,252399000000.0,0.044467055555691734,0,0,0.0
total_liabilities,row_not_found,51.0,,1000000.0,0.0,2024-01-31,header_year,0000104169_0000104169-24-000056,rules,,0.044467055555691734,0,0,0.0
stockholders_equity,ok,51.0,total walmart shareholders' equity,1000000.0,0.0,2024-01-31,header_year,0000104169_0000104169-24-000056,rules,83861000000.0,0.044467055555691734,0,0,0.0
cash_and_equivalents,ok,51.0,cash and cash equivalents,1000000.0,0.0,2024-01-31,header_year,0000104169_0000104169-24-000056,rules,9867000000.0,0.044467055555691734,0,0,0.0
operating_cash_flow,ok,53.0,net cash provided by operating activities,1000000.0,0.0,2024-01-31,header_year,0000104169_0000104169-24-000056,rules,35726000000.0,0.044467055555691734,0,0,0.0
