cik,field,period_end,value
12927,revenue,2017-12-31,94005000000.0
12927,revenue,2018-12-31,101127000000.0
12927,revenue,2019-12-31,76559000000.0
12927,revenue,2007-12-31,66387000000.0
12927,revenue,2008-12-31,60909000000.0
12927,revenue,2009-12-31,68281000000.0
12927,revenue,2010-12-31,64306000000.0
12927,revenue,2011-12-31,68735000000.0
12927,revenue,2012-12-31,81698000000.0
12927,revenue,2013-12-31,86623000000.0
12927,revenue,2014-12-31,90762000000.0
12927,revenue,2015-12-31,96114000000.0
12927,revenue,2016-12-31,94571000000.0
12927,revenue,2016-12-31,93496000000.0
12927,revenue,2017-12-31,93392000000.0
12927,revenue,2020-12-31,58158000000.0
12927,revenue,2021-12-31,62286000000.0
12927,revenue,2022-12-31,66608000000.0
12927,revenue,2023-12-31,77794000000.0
12927,revenue,2024-12-31,66517000000.0
12927,revenue,2025-12-31,89463000000.0
12927,revenue,2007-12-31,57049000000.0
12927,revenue,2008-12-31,50180000000.0
12927,revenue,2009-12-31,57032000000.0
12927,revenue,2010-12-31,52586000000.0
12927,revenue,2011-12-31,57401000000.0
12927,revenue,2012-12-31,71234000000.0
12927,revenue,2013-12-31,76792000000.0
12927,revenue,2014-12-31,80688000000.0
12927,revenue,2015-12-31,85255000000.0
12927,revenue,2016-12-31,84399000000.0
12927,revenue,2017-12-31,83204000000.0
12927,operating_income,2007-12-31,5830000000.0
12927,operating_income,2008-12-31,3950000000.0
12927,operating_income,2009-12-31,2096000000.0
12927,operating_income,2010-12-31,4971000000.0
12927,operating_income,2011-12-31,5844000000.0
12927,operating_income,2011-12-31,5823000000.0
12927,operating_income,2012-12-31,6311000000.0
12927,operating_income,2012-12-31,6290000000.0
12927,operating_income,2013-12-31,6562000000.0
12927,operating_income,2014-12-31,7473000000.0
12927,operating_income,2015-12-31,7443000000.0
12927,operating_income,2016-12-31,5834000000.0
12927,operating_income,2016-12-31,6527000000.0
12927,operating_income,2017-12-31,10278000000.0
12927,operating_income,2017-12-31,10344000000.0
12927,operating_income,2018-12-31,11987000000.0
12927,operating_income,2019-12-31,-1975000000.0
12927,operating_income,2020-12-31,-12767000000.0
12927,operating_income,2021-12-31,-2902000000.0
12927,operating_income,2021-12-31,-2870000000.0
12927,operating_income,2022-12-31,-3547000000.0
12927,operating_income,2022-12-31,-3519000000.0
12927,operating_income,2023-12-31,-773000000.0
12927,operating_income,2024-12-31,-10707000000.0
12927,operating_income,2025-12-31,4281000000.0
12927,net_income,2007-12-31,4074000000.0
12927,net_income,2008-12-31,2672000000.0
12927,net_income,2009-12-31,1312000000.0
12927,net_income,2010-12-31,3307000000.0
12927,net_income,2011-12-31,4018000000.0
12927,net_income,2012-12-31,3900000000.0
12927,net_income,2013-12-31,4585000000.0
12927,net_income,2014-12-31,5446000000.0
12927,net_income,2015-12-31,5176000000.0
12927,net_income,2016-12-31,4895000000.0
12927,net_income,2016-12-31,5034000000.0
12927,net_income,2017-12-31,8197000000.0
12927,net_income,2017-12-31,8458000000.0
12927,net_income,2018-12-31,10460000000.0
12927,net_income,2019-12-31,-636000000.0
12927,net_income,2020-12-31,-11873000000.0
12927,net_income,2021-12-31,-4202000000.0
12927,net_income,2022-12-31,-4935000000.0
12927,net_income,2023-12-31,-2222000000.0
12927,net_income,2024-12-31,-11817000000.0
12927,net_income,2025-12-31,2235000000.0
12927,net_income,2007-12-31,4082000000.0
12927,net_income,2008-12-31,2670000000.0
12927,net_income,2009-12-31,1314000000.0
12927,net_income,2010-12-31,3308000000.0
12927,net_income,2011-12-31,4017000000.0
12927,net_income,2012-12-31,3903000000.0
12927,net_income,2013-12-31,4594000000.0
12927,net_income,2014-12-31,5456000000.0
12927,net_income,2015-12-31,5173000000.0
12927,net_income,2016-12-31,4894000000.0
12927,net_income,2016-12-31,5033000000.0
12927,net_income,2017-12-31,8195000000.0
12927,net_income,2017-12-31,8456000000.0
12927,net_income,2018-12-31,10439000000.0
12927,net_income,2019-12-31,-677000000.0
12927,net_income,2020-12-31,-11941000000.0
12927,net_income,2021-12-31,-4290000000.0
12927,net_income,2022-12-31,-5053000000.0
12927,net_income,2023-12-31,-2242000000.0
12927,net_income,2024-12-31,-11829000000.0
12927,net_income,2025-12-31,2238000000.0
12927,eps_diluted,2007-12-31,5.28
12927,eps_diluted,2008-12-31,3.67
12927,eps_diluted,2009-12-31,1.84
12927,eps_diluted,2010-12-31,4.45
12927,eps_diluted,2011-12-31,5.34
12927,eps_diluted,2012-12-31,5.11
12927,eps_diluted,2013-12-31,5.96
12927,eps_diluted,2014-12-31,7.38
12927,eps_diluted,2015-12-31,7.44
12927,eps_diluted,2016-12-31,7.61
12927,eps_diluted,2016-12-31,7.83
12927,eps_diluted,2017-12-31,13.43
12927,eps_diluted,2017-12-31,13.85
12927,eps_diluted,2018-12-31,17.85
12927,eps_diluted,2019-12-31,-1.12
12927,eps_diluted,2020-12-31,-20.88
12927,eps_diluted,2021-12-31,-7.15
12927,eps_diluted,2022-12-31,-8.3
12927,eps_diluted,2023-12-31,-3.67
12927,eps_diluted,2024-12-31,-18.36
12927,eps_diluted,2025-12-31,2.48
12927,eps_diluted,2007-12-31,5.26
12927,eps_diluted,2008-12-31,3.65
12927,eps_diluted,2009-12-31,1.87
12927,eps_diluted,2010-12-31,4.46
12927,eps_diluted,2011-12-31,5.33
12927,total_assets,2008-12-31,53779000000.0
12927,total_assets,2009-12-31,62053000000.0
12927,total_assets,2010-12-31,68565000000.0
12927,total_assets,2011-12-31,79986000000.0
12927,total_assets,2012-12-31,88896000000.0
12927,total_assets,2013-12-31,92663000000.0
12927,total_assets,2014-12-31,99198000000.0
12927,total_assets,2014-12-31,92921000000.0
12927,total_assets,2015-12-31,94408000000.0
12927,total_assets,2016-12-31,89997000000.0
12927,total_assets,2017-12-31,92333000000.0
12927,total_assets,2017-12-31,112362000000.0
12927,total_assets,2018-12-31,117359000000.0
12927,total_assets,2019-12-31,133625000000.0
12927,total_assets,2020-12-31,152136000000.0
12927,total_assets,2021-12-31,138552000000.0
12927,total_assets,2022-12-31,137100000000.0
12927,total_assets,2023-12-31,137012000000.0
12927,total_assets,2024-12-31,156363000000.0
12927,total_assets,2025-12-31,168235000000.0
12927,total_liabilities,2010-12-31,65703000000.0
12927,total_liabilities,2011-12-31,76378000000.0
12927,total_liabilities,2019-12-31,141925000000.0
12927,total_liabilities,2020-12-31,170211000000.0
12927,total_liabilities,2021-12-31,153398000000.0
12927,total_liabilities,2022-12-31,152948000000.0
12927,total_liabilities,2023-12-31,154240000000.0
12927,total_liabilities,2024-12-31,160277000000.0
12927,total_liabilities,2025-12-31,162778000000.0
12927,stockholders_equity,2008-12-31,-1294000000.0
12927,stockholders_equity,2009-12-31,2128000000.0
12927,stockholders_equity,2010-12-31,2766000000.0
12927,stockholders_equity,2011-12-31,3515000000.0
12927,stockholders_equity,2012-12-31,5867000000.0
12927,stockholders_equity,2013-12-31,14875000000.0
12927,stockholders_equity,2014-12-31,8665000000.0
12927,stockholders_equity,2015-12-31,6335000000.0
12927,stockholders_equity,2016-12-31,817000000.0
12927,stockholders_equity,2017-12-31,355000000.0
12927,stockholders_equity,2017-12-31,1656000000.0
12927,stockholders_equity,2018-12-31,339000000.0
12927,stockholders_equity,2019-12-31,-8617000000.0
12927,stockholders_equity,2020-12-31,-18316000000.0
12927,stockholders_equity,2021-12-31,-14999000000.0
12927,stockholders_equity,2022-12-31,-15883000000.0
12927,stockholders_equity,2023-12-31,-17233000000.0
12927,stockholders_equity,2024-12-31,-3908000000.0
12927,stockholders_equity,2025-12-31,5454000000.0
12927,stockholders_equity,2006-12-31,4792000000.0
12927,stockholders_equity,2007-12-31,9078000000.0
12927,stockholders_equity,2008-12-31,-1142000000.0
12927,stockholders_equity,2009-12-31,2225000000.0
12927,stockholders_equity,2010-12-31,2862000000.0
12927,stockholders_equity,2011-12-31,3608000000.0
12927,stockholders_equity,2012-12-31,5967000000.0
12927,stockholders_equity,2013-12-31,14997000000.0
12927,stockholders_equity,2014-12-31,8790000000.0
12927,stockholders_equity,2015-12-31,6397000000.0
12927,stockholders_equity,2015-12-31,7298000000.0
12927,stockholders_equity,2016-12-31,877000000.0
12927,stockholders_equity,2016-12-31,1917000000.0
12927,stockholders_equity,2017-12-31,412000000.0
12927,stockholders_equity,2017-12-31,1713000000.0
12927,stockholders_equity,2018-12-31,410000000.0
12927,stockholders_equity,2019-12-31,-8300000000.0
12927,stockholders_equity,2019-12-31,-8462000000.0
12927,stockholders_equity,2020-01-01,-8462000000.0
12927,stockholders_equity,2020-12-31,-18075000000.0
12927,stockholders_equity,2021-12-31,-14846000000.0
12927,stockholders_equity,2022-12-31,-15848000000.0
12927,stockholders_equity,2023-12-31,-17228000000.0
12927,stockholders_equity,2024-12-31,-3914000000.0
12927,stockholders_equity,2025-12-31,5457000000.0
12927,cash_and_equivalents,2006-12-31,6118000000.0
12927,cash_and_equivalents,2007-12-31,7042000000.0
12927,cash_and_equivalents,2008-12-31,3268000000.0
12927,cash_and_equivalents,2009-12-31,9215000000.0
12927,cash_and_equivalents,2010-12-31,5359000000.0
12927,cash_and_equivalents,2011-12-31,10049000000.0
12927,cash_and_equivalents,2012-12-31,10341000000.0
12927,cash_and_equivalents,2013-12-31,9088000000.0
12927,cash_and_equivalents,2014-12-31,11733000000.0
12927,cash_and_equivalents,2015-12-31,11302000000.0
12927,cash_and_equivalents,2016-12-31,8801000000.0
12927,cash_and_equivalents,2017-12-31,8813000000.0
12927,cash_and_equivalents,2018-12-31,7637000000.0
12927,cash_and_equivalents,2019-12-31,9485000000.0
12927,cash_and_equivalents,2020-12-31,7752000000.0
12927,cash_and_equivalents,2021-12-31,8052000000.0
12927,cash_and_equivalents,2022-12-31,14614000000.0
12927,cash_and_equivalents,2023-12-31,12691000000.0
12927,cash_and_equivalents,2024-12-31,13801000000.0
12927,cash_and_equivalents,2025-12-31,10921000000.0
12927,cash_and_equivalents,2015-12-31,11371000000.0
12927,cash_and_equivalents,2016-12-31,8869000000.0
12927,cash_and_equivalents,2017-12-31,8887000000.0
12927,cash_and_equivalents,2018-12-31,7813000000.0
12927,cash_and_equivalents,2019-12-31,9571000000.0
12927,cash_and_equivalents,2020-12-31,7835000000.0
12927,cash_and_equivalents,2021-12-31,8104000000.0
12927,cash_and_equivalents,2022-12-31,14647000000.0
12927,cash_and_equivalents,2023-12-31,12713000000.0
12927,cash_and_equivalents,2024-12-31,13822000000.0
12927,cash_and_equivalents,2025-12-31,11663000000.0
12927,operating_cash_flow,2007-12-31,9584000000.0
12927,operating_cash_flow,2008-12-31,-401000000.0
12927,operating_cash_flow,2009-12-31,5603000000.0
12927,operating_cash_flow,2010-12-31,2952000000.0
12927,operating_cash_flow,2011-12-31,4023000000.0
12927,operating_cash_flow,2012-12-31,7508000000.0
12927,operating_cash_flow,2013-12-31,8179000000.0
12927,operating_cash_flow,2014-12-31,8858000000.0
12927,operating_cash_flow,2015-12-31,9363000000.0
12927,operating_cash_flow,2016-12-31,10499000000.0
12927,operating_cash_flow,2016-12-31,10496000000.0
12927,operating_cash_flow,2017-12-31,13344000000.0
12927,operating_cash_flow,2017-12-31,13346000000.0
12927,operating_cash_flow,2018-12-31,15322000000.0
12927,operating_cash_flow,2019-12-31,-2446000000.0
12927,operating_cash_flow,2020-12-31,-18410000000.0
12927,operating_cash_flow,2021-12-31,-3416000000.0
12927,operating_cash_flow,2022-12-31,3512000000.0
12927,operating_cash_flow,2023-12-31,5960000000.0
12927,operating_cash_flow,2024-12-31,-12080000000.0
12927,operating_cash_flow,2025-12-31,1065000000.0
18230,revenue,2007-12-31,44958000000.0
18230,revenue,2008-12-31,51324000000.0
18230,revenue,2009-12-31,32396000000.0
18230,revenue,2010-12-31,42588000000.0
18230,revenue,2011-12-31,60138000000.0
18230,revenue,2012-12-31,65875000000.0
18230,revenue,2013-12-31,55656000000.0
18230,revenue,2014-12-31,55184000000.0
18230,revenue,2015-12-31,47011000000.0
18230,revenue,2016-12-31,38537000000.0
18230,revenue,2017-12-31,45462000000.0
18230,revenue,2018-12-31,54722000000.0
18230,revenue,2019-12-31,53800000000.0
18230,revenue,2020-12-31,41748000000.0
18230,revenue,2021-12-31,50971000000.0
18230,revenue,2022-12-31,59427000000.0
18230,revenue,2023-12-31,67060000000.0
18230,revenue,2024-12-31,64809000000.0
18230,revenue,2025-12-31,67589000000.0
18230,revenue,2007-12-31,41962000000.0
18230,revenue,2008-12-31,48044000000.0
18230,revenue,2009-12-31,29540000000.0
18230,revenue,2010-12-31,39867000000.0
18230,revenue,2011-12-31,57392000000.0
18230,revenue,2012-12-31,63068000000.0
18230,revenue,2013-12-31,52694000000.0
18230,revenue,2014-12-31,52142000000.0
18230,revenue,2015-12-31,44147000000.0
18230,revenue,2016-12-31,35773000000.0
18230,revenue,2017-12-31,42676000000.0
18230,operating_income,2007-12-31,4921000000.0
18230,operating_income,2008-12-31,4448000000.0
18230,operating_income,2009-12-31,577000000.0
18230,operating_income,2010-12-31,3963000000.0
18230,operating_income,2011-12-31,7153000000.0
18230,operating_income,2012-12-31,8573000000.0
18230,operating_income,2013-12-31,5628000000.0
18230,operating_income,2014-12-31,5328000000.0
18230,operating_income,2014-12-31,3314000000.0
18230,operating_income,2015-12-31,3256000000.0
18230,operating_income,2015-12-31,3785000000.0
18230,operating_income,2016-12-31,498000000.0
18230,operating_income,2016-12-31,1162000000.0
18230,operating_income,2017-12-31,4406000000.0
18230,operating_income,2017-12-31,4460000000.0
18230,operating_income,2018-12-31,8293000000.0
18230,operating_income,2019-12-31,8290000000.0
18230,operating_income,2020-12-31,4553000000.0
18230,operating_income,2021-12-31,6878000000.0
18230,operating_income,2022-12-31,7904000000.0
18230,operating_income,2023-12-31,12966000000.0
18230,operating_income,2024-12-31,13072000000.0
18230,operating_income,2025-12-31,11151000000.0
18230,net_income,2007-12-31,3541000000.0
18230,net_income,2008-12-31,3557000000.0
18230,net_income,2009-12-31,895000000.0
18230,net_income,2010-12-31,2700000000.0
18230,net_income,2008-12-31,3585000000.0
18230,net_income,2009-12-31,827000000.0
18230,net_income,2010-12-31,2758000000.0
18230,net_income,2011-12-31,4981000000.0
18230,net_income,2012-12-31,5722000000.0
18230,net_income,2013-12-31,3803000000.0
18230,net_income,2014-12-31,3711000000.0
18230,net_income,2014-12-31,2468000000.0
18230,net_income,2015-12-31,2113000000.0
18230,net_income,2015-12-31,2523000000.0
18230,net_income,2016-12-31,-59000000.0
18230,net_income,2017-12-31,759000000.0
18230,net_income,2018-12-31,6148000000.0
18230,net_income,2019-12-31,6094000000.0
18230,net_income,2020-12-31,3003000000.0
18230,net_income,2021-12-31,6493000000.0
18230,net_income,2022-12-31,6704000000.0
18230,net_income,2023-12-31,10332000000.0
18230,net_income,2024-12-31,10788000000.0
18230,net_income,2025-12-31,8882000000.0
18230,eps_diluted,2007-12-31,5.37
18230,eps_diluted,2008-12-31,5.66
18230,eps_diluted,2009-12-31,1.43
18230,eps_diluted,2010-12-31,4.15
18230,eps_diluted,2011-12-31,7.4
18230,eps_diluted,2012-12-31,8.48
18230,eps_diluted,2013-12-31,5.75
18230,eps_diluted,2014-12-31,5.88
18230,eps_diluted,2014-12-31,3.9
18230,eps_diluted,2015-12-31,3.5
18230,eps_diluted,2015-12-31,4.18
18230,eps_diluted,2016-12-31,-0.11
18230,eps_diluted,2017-12-31,1.26
18230,eps_diluted,2018-12-31,10.26
18230,eps_diluted,2019-12-31,10.74
18230,eps_diluted,2020-12-31,5.46
18230,eps_diluted,2021-12-31,11.83
18230,eps_diluted,2022-12-31,12.64
18230,eps_diluted,2023-12-31,20.12
18230,eps_diluted,2024-12-31,22.05
18230,eps_diluted,2025-12-31,18.81
18230,total_assets,2007-12-31,56132000000.0
18230,total_assets,2008-12-31,67782000000.0
18230,total_assets,2009-12-31,60038000000.0
18230,total_assets,2010-12-31,64020000000.0
18230,total_assets,2011-12-31,81446000000.0
18230,total_assets,2011-12-31,81218000000.0
18230,total_assets,2012-12-31,89356000000.0
18230,total_assets,2012-12-31,88970000000.0
18230,total_assets,2013-12-31,84896000000.0
18230,total_assets,2014-12-31,84681000000.0
18230,total_assets,2014-12-31,84498000000.0
18230,total_assets,2015-12-31,78497000000.0
18230,total_assets,2015-12-31,78342000000.0
18230,total_assets,2016-12-31,74704000000.0
18230,total_assets,2017-12-31,76962000000.0
18230,total_assets,2018-12-31,78509000000.0
18230,total_assets,2019-12-31,78453000000.0
18230,total_assets,2020-12-31,78324000000.0
18230,total_assets,2021-12-31,82793000000.0
18230,total_assets,2022-12-31,81943000000.0
18230,total_assets,2023-12-31,87476000000.0
18230,total_assets,2024-12-31,87764000000.0
18230,total_assets,2025-12-31,98585000000.0
18230,total_liabilities,2007-12-31,47136000000.0
18230,total_liabilities,2008-12-31,61068000000.0
18230,total_liabilities,2009-12-31,50738000000.0
18230,total_liabilities,2010-12-31,52695000000.0
18230,total_liabilities,2011-12-31,68044000000.0
18230,total_liabilities,2011-12-31,67816000000.0
18230,total_liabilities,2012-12-31,71774000000.0
18230,total_liabilities,2012-12-31,71388000000.0
18230,total_liabilities,2013-12-31,64018000000.0
18230,total_liabilities,2014-12-31,67855000000.0
18230,total_liabilities,2015-12-31,63612000000.0
18230,total_liabilities,2015-12-31,63457000000.0
18230,total_liabilities,2016-12-31,61491000000.0
18230,total_liabilities,2017-12-31,63196000000.0
18230,total_liabilities,2018-12-31,64429000000.0
18230,total_liabilities,2019-12-31,63824000000.0
18230,total_liabilities,2020-12-31,62946000000.0
18230,total_liabilities,2021-12-31,66277000000.0
18230,total_liabilities,2022-12-31,66052000000.0
18230,total_liabilities,2023-12-31,67973000000.0
18230,total_liabilities,2024-12-31,68270000000.0
18230,total_liabilities,2025-12-31,77267000000.0
18230,stockholders_equity,2006-12-31,6937000000.0
18230,stockholders_equity,2007-12-31,8996000000.0
18230,stockholders_equity,2007-12-31,8980000000.0
18230,stockholders_equity,2008-12-31,6190000000.0
18230,stockholders_equity,2009-12-31,8823000000.0
18230,stockholders_equity,2009-12-31,8820000000.0
18230,stockholders_equity,2010-12-31,10864000000.0
18230,stockholders_equity,2011-12-31,12929000000.0
18230,stockholders_equity,2012-12-31,17582000000.0
18230,stockholders_equity,2013-12-31,20878000000.0
18230,stockholders_equity,2014-12-31,16826000000.0
18230,stockholders_equity,2015-12-31,14885000000.0
18230,stockholders_equity,2016-12-31,13213000000.0
18230,stockholders_equity,2016-12-31,13228000000.0
18230,stockholders_equity,2017-01-01,13228000000.0
18230,stockholders_equity,2017-12-31,13766000000.0
18230,stockholders_equity,2018-01-01,13719000000.0
18230,stockholders_equity,2018-12-31,14080000000.0
18230,stockholders_equity,2019-01-01,14315000000.0
18230,stockholders_equity,2019-12-31,14629000000.0
18230,stockholders_equity,2020-12-31,15378000000.0
18230,stockholders_equity,2021-12-31,16516000000.0
18230,stockholders_equity,2022-12-31,15891000000.0
18230,stockholders_equity,2023-12-31,19503000000.0
18230,stockholders_equity,2024-12-31,19494000000.0
18230,stockholders_equity,2025-12-31,21318000000.0
18230,cash_and_equivalents,2006-12-31,530000000.0
18230,cash_and_equivalents,2007-12-31,1122000000.0
18230,cash_and_equivalents,2008-12-31,2736000000.0
18230,cash_and_equivalents,2009-12-31,4867000000.0
18230,cash_and_equivalents,2020-12-31,9352000000.0
18230,cash_and_equivalents,2021-12-31,9254000000.0
18230,cash_and_equivalents,2022-12-31,7004000000.0
18230,cash_and_equivalents,2023-12-31,6978000000.0
18230,cash_and_equivalents,2024-12-31,6889000000.0
18230,cash_and_equivalents,2025-12-31,9980000000.0
18230,cash_and_equivalents,2015-12-31,6511000000.0
18230,cash_and_equivalents,2016-12-31,7199000000.0
18230,cash_and_equivalents,2017-12-31,8320000000.0
18230,cash_and_equivalents,2018-12-31,7890000000.0
18230,cash_and_equivalents,2019-12-31,8292000000.0
18230,cash_and_equivalents,2020-12-31,9366000000.0
18230,cash_and_equivalents,2021-12-31,9263000000.0
18230,cash_and_equivalents,2022-12-31,7013000000.0
18230,cash_and_equivalents,2023-12-31,6985000000.0
18230,cash_and_equivalents,2024-12-31,6896000000.0
18230,cash_and_equivalents,2025-12-31,9986000000.0
18230,operating_cash_flow,2007-12-31,7955000000.0
18230,operating_cash_flow,2008-12-31,4797000000.0
18230,operating_cash_flow,2008-12-31,4672000000.0
18230,operating_cash_flow,2009-12-31,6499000000.0
18230,operating_cash_flow,2009-12-31,6343000000.0
18230,operating_cash_flow,2010-12-31,5009000000.0
18230,operating_cash_flow,2017-12-31,5706000000.0
18230,operating_cash_flow,2018-12-31,6558000000.0
18230,operating_cash_flow,2019-12-31,6912000000.0
18230,operating_cash_flow,2020-12-31,6327000000.0
18230,operating_cash_flow,2021-12-31,7198000000.0
18230,operating_cash_flow,2022-12-31,7766000000.0
18230,operating_cash_flow,2023-12-31,12885000000.0
18230,operating_cash_flow,2024-12-31,12035000000.0
18230,operating_cash_flow,2025-12-31,11739000000.0
18230,operating_cash_flow,2011-12-31,7010000000.0
18230,operating_cash_flow,2011-12-31,6957000000.0
18230,operating_cash_flow,2012-12-31,5241000000.0
18230,operating_cash_flow,2012-12-31,5184000000.0
18230,operating_cash_flow,2013-12-31,10191000000.0
18230,operating_cash_flow,2014-12-31,8057000000.0
18230,operating_cash_flow,2015-12-31,6675000000.0
18230,operating_cash_flow,2015-12-31,6699000000.0
18230,operating_cash_flow,2016-12-31,5608000000.0
18230,operating_cash_flow,2016-12-31,5636000000.0
18230,operating_cash_flow,2016-12-31,5639000000.0
18230,operating_cash_flow,2017-12-31,5702000000.0
21344,revenue,2016-12-31,41863000000.0
21344,revenue,2017-12-31,35410000000.0
21344,revenue,2017-12-31,36212000000.0
21344,revenue,2018-12-31,31856000000.0
21344,revenue,2018-12-31,34300000000.0
21344,revenue,2019-12-31,37266000000.0
21344,revenue,2020-12-31,33014000000.0
21344,revenue,2021-12-31,38655000000.0
21344,revenue,2022-12-31,43004000000.0
21344,revenue,2023-12-31,45754000000.0
21344,revenue,2024-12-31,47061000000.0
21344,revenue,2025-12-31,47941000000.0
21344,revenue,2007-12-31,28857000000.0
21344,revenue,2008-12-31,31944000000.0
21344,revenue,2009-12-31,30990000000.0
21344,revenue,2010-12-31,35119000000.0
21344,revenue,2011-12-31,46542000000.0
21344,revenue,2012-12-31,48017000000.0
21344,revenue,2013-12-31,46854000000.0
21344,revenue,2014-12-31,45998000000.0
21344,revenue,2015-12-31,44294000000.0
21344,operating_income,2007-12-31,7252000000.0
21344,operating_income,2008-12-31,8446000000.0
21344,operating_income,2009-12-31,8231000000.0
21344,operating_income,2010-12-31,8449000000.0
21344,operating_income,2010-12-31,8413000000.0
21344,operating_income,2011-12-31,10154000000.0
21344,operating_income,2011-12-31,10173000000.0
21344,operating_income,2012-12-31,10779000000.0
21344,operating_income,2013-12-31,10228000000.0
21344,operating_income,2014-12-31,9708000000.0
21344,operating_income,2015-12-31,8728000000.0
21344,operating_income,2016-12-31,8626000000.0
21344,operating_income,2016-12-31,8657000000.0
21344,operating_income,2017-12-31,7501000000.0
21344,operating_income,2017-12-31,7599000000.0
21344,operating_income,2017-12-31,7755000000.0
21344,operating_income,2018-12-31,8700000000.0
21344,operating_income,2018-12-31,9152000000.0
21344,operating_income,2019-12-31,10086000000.0
21344,operating_income,2020-12-31,8997000000.0
21344,operating_income,2021-12-31,10308000000.0
21344,operating_income,2022-12-31,10909000000.0
21344,operating_income,2023-12-31,11311000000.0
21344,operating_income,2024-12-31,9992000000.0
21344,operating_income,2025-12-31,13762000000.0
21344,net_income,2007-12-31,5981000000.0
21344,net_income,2008-12-31,5807000000.0
21344,net_income,2009-12-31,6824000000.0
21344,net_income,2010-12-31,11809000000.0
21344,net_income,2010-12-31,11787000000.0
21344,net_income,2011-12-31,8572000000.0
21344,net_income,2011-12-31,8584000000.0
21344,net_income,2012-12-31,9019000000.0
21344,net_income,2013-12-31,8584000000.0
21344,net_income,2014-12-31,7098000000.0
21344,net_income,2015-12-31,7351000000.0
21344,net_income,2016-12-31,6527000000.0
21344,net_income,2017-12-31,1248000000.0
21344,net_income,2018-12-31,6434000000.0
21344,net_income,2019-12-31,8920000000.0
21344,net_income,2020-12-31,7747000000.0
21344,net_income,2021-12-31,9771000000.0
21344,net_income,2022-12-31,9542000000.0
21344,net_income,2023-12-31,10714000000.0
21344,net_income,2024-12-31,10631000000.0
21344,net_income,2025-12-31,13107000000.0
21344,net_income,2007-12-31,6027000000.0
21344,net_income,2008-12-31,5874000000.0
21344,net_income,2009-12-31,6906000000.0
21344,net_income,2010-12-31,11859000000.0
21344,net_income,2010-12-31,11837000000.0
21344,net_income,2011-12-31,8634000000.0
21344,net_income,2011-12-31,8646000000.0
21344,net_income,2012-12-31,9086000000.0
21344,net_income,2013-12-31,8626000000.0
21344,net_income,2014-12-31,7124000000.0
21344,net_income,2015-12-31,7366000000.0
21344,net_income,2016-12-31,6550000000.0
21344,net_income,2017-12-31,1283000000.0
21344,net_income,2018-12-31,6476000000.0
21344,net_income,2019-12-31,8985000000.0
21344,net_income,2020-12-31,7768000000.0
21344,net_income,2021-12-31,9804000000.0
21344,net_income,2022-12-31,9571000000.0
21344,net_income,2023-12-31,10703000000.0
21344,net_income,2024-12-31,10649000000.0
21344,net_income,2025-12-31,13137000000.0
21344,eps_diluted,2007-12-31,2.57
21344,eps_diluted,2008-12-31,2.49
21344,eps_diluted,2009-12-31,2.93
21344,eps_diluted,2010-12-31,5.06
21344,eps_diluted,2010-12-31,2.53
21344,eps_diluted,2011-12-31,3.69
21344,eps_diluted,2011-12-31,1.85
21344,eps_diluted,2012-12-31,1.97
21344,eps_diluted,2013-12-31,1.9
21344,eps_diluted,2014-12-31,1.6
21344,eps_diluted,2015-12-31,1.67
21344,eps_diluted,2016-12-31,1.49
21344,eps_diluted,2017-12-31,0.29
21344,eps_diluted,2018-12-31,1.5
21344,eps_diluted,2019-12-31,2.07
21344,eps_diluted,2020-12-31,1.79
21344,eps_diluted,2021-12-31,2.25
21344,eps_diluted,2022-12-31,2.19
21344,eps_diluted,2023-12-31,2.47
21344,eps_diluted,2024-12-31,2.46
21344,eps_diluted,2025-12-31,3.04
21344,eps_diluted,2017-12-31,0.27
21344,eps_diluted,2018-12-31,1.57
21344,total_assets,2008-12-31,40519000000.0
21344,total_assets,2009-12-31,48671000000.0
21344,total_assets,2010-12-31,72921000000.0
21344,total_assets,2011-12-31,79974000000.0
21344,total_assets,2012-12-31,86174000000.0
21344,total_assets,2013-12-31,90055000000.0
21344,total_assets,2014-12-31,92023000000.0
21344,total_assets,2015-12-31,90093000000.0
21344,total_assets,2015-12-31,89996000000.0
21344,total_assets,2016-12-31,87270000000.0
21344,total_assets,2017-12-31,87896000000.0
21344,total_assets,2018-12-31,83216000000.0
21344,total_assets,2019-12-31,86381000000.0
21344,total_assets,2020-12-31,87296000000.0
21344,total_assets,2021-12-31,94354000000.0
21344,total_assets,2022-12-31,92763000000.0
21344,total_assets,2023-12-31,97703000000.0
21344,total_assets,2024-12-31,100549000000.0
21344,total_assets,2025-12-31,104816000000.0
21344,stockholders_equity,2008-12-31,20472000000.0
21344,stockholders_equity,2009-12-31,24799000000.0
21344,stockholders_equity,2010-12-31,31003000000.0
21344,stockholders_equity,2011-12-31,31635000000.0
21344,stockholders_equity,2012-12-31,32790000000.0
21344,stockholders_equity,2013-12-31,33173000000.0
21344,stockholders_equity,2014-12-31,30320000000.0
21344,stockholders_equity,2015-12-31,25554000000.0
21344,stockholders_equity,2016-12-31,23062000000.0
21344,stockholders_equity,2017-12-31,17072000000.0
21344,stockholders_equity,2018-12-31,16981000000.0
21344,stockholders_equity,2019-12-31,18981000000.0
21344,stockholders_equity,2020-12-31,19299000000.0
21344,stockholders_equity,2021-12-31,22999000000.0
21344,stockholders_equity,2022-12-31,24105000000.0
21344,stockholders_equity,2023-12-31,25941000000.0
21344,stockholders_equity,2024-12-31,24856000000.0
21344,stockholders_equity,2025-12-31,32169000000.0
21344,stockholders_equity,2006-12-31,0.0
21344,stockholders_equity,2007-12-31,0.0
21344,stockholders_equity,2008-12-31,20862000000.0
21344,stockholders_equity,2009-12-31,25346000000.0
21344,stockholders_equity,2010-12-31,31317000000.0
21344,stockholders_equity,2011-12-31,31921000000.0
21344,stockholders_equity,2012-12-31,33168000000.0
21344,stockholders_equity,2013-12-31,33440000000.0
21344,stockholders_equity,2014-12-31,30561000000.0
21344,stockholders_equity,2015-12-31,25764000000.0
21344,stockholders_equity,2016-12-31,23220000000.0
21344,stockholders_equity,2017-12-31,18977000000.0
21344,stockholders_equity,2018-12-31,19058000000.0
21344,stockholders_equity,2019-12-31,21098000000.0
21344,stockholders_equity,2020-12-31,21284000000.0
21344,stockholders_equity,2021-12-31,24860000000.0
21344,stockholders_equity,2022-12-31,25826000000.0
21344,stockholders_equity,2023-12-31,27480000000.0
21344,stockholders_equity,2024-12-31,26372000000.0
21344,stockholders_equity,2025-12-31,34275000000.0
21344,cash_and_equivalents,2006-12-31,2440000000.0
21344,cash_and_equivalents,2007-12-31,4093000000.0
21344,cash_and_equivalents,2008-12-31,4701000000.0
21344,cash_and_equivalents,2009-12-31,7021000000.0
21344,cash_and_equivalents,2010-12-31,8517000000.0
21344,cash_and_equivalents,2011-12-31,12803000000.0
21344,cash_and_equivalents,2012-12-31,8442000000.0
21344,cash_and_equivalents,2013-12-31,10414000000.0
21344,cash_and_equivalents,2014-12-31,8958000000.0
21344,cash_and_equivalents,2015-12-31,7309000000.0
21344,cash_and_equivalents,2016-12-31,8555000000.0
21344,cash_and_equivalents,2017-12-31,6006000000.0
21344,cash_and_equivalents,2017-12-31,6102000000.0
21344,cash_and_equivalents,2018-12-31,8926000000.0
21344,cash_and_equivalents,2018-12-31,9077000000.0
21344,cash_and_equivalents,2019-12-31,6480000000.0
21344,cash_and_equivalents,2020-12-31,6795000000.0
21344,cash_and_equivalents,2021-12-31,9684000000.0
21344,cash_and_equivalents,2022-12-31,9519000000.0
21344,cash_and_equivalents,2023-12-31,9366000000.0
21344,cash_and_equivalents,2024-12-31,10828000000.0
21344,cash_and_equivalents,2025-12-31,10270000000.0
21344,cash_and_equivalents,2015-12-31,7612000000.0
21344,cash_and_equivalents,2016-12-31,8850000000.0
21344,cash_and_equivalents,2017-12-31,6373000000.0
21344,cash_and_equivalents,2018-12-31,9318000000.0
21344,cash_and_equivalents,2019-12-31,6737000000.0
21344,cash_and_equivalents,2020-12-31,7110000000.0
21344,cash_and_equivalents,2021-12-31,10025000000.0
21344,cash_and_equivalents,2022-12-31,9825000000.0
21344,cash_and_equivalents,2023-12-31,9692000000.0
21344,cash_and_equivalents,2024-12-31,11488000000.0
21344,cash_and_equivalents,2025-12-31,11010000000.0
21344,operating_cash_flow,2007-12-31,7150000000.0
21344,operating_cash_flow,2008-12-31,7571000000.0
21344,operating_cash_flow,2009-12-31,8186000000.0
21344,operating_cash_flow,2010-12-31,9532000000.0
21344,operating_cash_flow,2011-12-31,9474000000.0
21344,operating_cash_flow,2012-12-31,10645000000.0
21344,operating_cash_flow,2013-12-31,10542000000.0
21344,operating_cash_flow,2014-12-31,10615000000.0
21344,operating_cash_flow,2015-12-31,10528000000.0
21344,operating_cash_flow,2016-12-31,8796000000.0
21344,operating_cash_flow,2016-12-31,8792000000.0
21344,operating_cash_flow,2017-12-31,6995000000.0
21344,operating_cash_flow,2017-12-31,6930000000.0
21344,operating_cash_flow,2017-12-31,7041000000.0
21344,operating_cash_flow,2018-12-31,7320000000.0
21344,operating_cash_flow,2018-12-31,7627000000.0
21344,operating_cash_flow,2019-12-31,10471000000.0
21344,operating_cash_flow,2020-12-31,9844000000.0
21344,operating_cash_flow,2021-12-31,12625000000.0
21344,operating_cash_flow,2022-12-31,11018000000.0
21344,operating_cash_flow,2023-12-31,11599000000.0
21344,operating_cash_flow,2024-12-31,6805000000.0
21344,operating_cash_flow,2025-12-31,7408000000.0
50863,revenue,2016-12-31,59387000000.0
50863,revenue,2017-12-30,62761000000.0
50863,revenue,2018-12-29,70848000000.0
50863,revenue,2019-12-28,71965000000.0
50863,revenue,2020-12-26,77867000000.0
50863,revenue,2021-12-25,79024000000.0
50863,revenue,2022-12-31,63054000000.0
50863,revenue,2023-12-30,54228000000.0
50863,revenue,2024-12-28,53101000000.0
50863,revenue,2025-12-27,52853000000.0
50863,revenue,2007-12-29,38334000000.0
50863,revenue,2008-12-27,37586000000.0
50863,revenue,2009-12-26,35127000000.0
50863,revenue,2010-12-25,43623000000.0
50863,revenue,2011-12-31,53999000000.0
50863,revenue,2012-12-29,53341000000.0
50863,revenue,2013-12-28,52708000000.0
50863,revenue,2014-12-27,55870000000.0
50863,revenue,2015-12-26,55355000000.0
50863,operating_income,2007-12-29,8216000000.0
50863,operating_income,2008-12-27,8954000000.0
50863,operating_income,2009-12-26,5711000000.0
50863,operating_income,2010-12-25,15588000000.0
50863,operating_income,2011-12-31,17477000000.0
50863,operating_income,2012-12-29,14638000000.0
50863,operating_income,2013-12-28,12291000000.0
50863,operating_income,2014-12-27,15347000000.0
50863,operating_income,2015-12-26,14002000000.0
50863,operating_income,2016-12-31,12874000000.0
50863,operating_income,2016-12-31,13133000000.0
50863,operating_income,2017-12-30,17936000000.0
50863,operating_income,2017-12-30,18050000000.0
50863,operating_income,2018-12-29,23316000000.0
50863,operating_income,2019-12-28,22035000000.0
50863,operating_income,2020-12-26,23678000000.0
50863,operating_income,2021-12-25,19456000000.0
50863,operating_income,2022-12-31,2334000000.0
50863,operating_income,2023-12-30,93000000.0
50863,operating_income,2024-12-28,-11678000000.0
50863,operating_income,2025-12-27,-2214000000.0
50863,net_income,2007-12-29,6976000000.0
50863,net_income,2008-12-27,5292000000.0
50863,net_income,2009-12-26,4369000000.0
50863,net_income,2010-12-25,11464000000.0
50863,net_income,2011-12-31,12942000000.0
50863,net_income,2012-12-29,11005000000.0
50863,net_income,2013-12-28,9620000000.0
50863,net_income,2014-12-27,11704000000.0
50863,net_income,2015-12-26,11420000000.0
50863,net_income,2016-12-31,10316000000.0
50863,net_income,2017-12-30,9601000000.0
50863,net_income,2018-12-29,21053000000.0
50863,net_income,2019-12-28,21048000000.0
50863,net_income,2020-12-26,20899000000.0
50863,net_income,2021-12-25,19868000000.0
50863,net_income,2022-12-31,8014000000.0
50863,net_income,2023-12-30,1689000000.0
50863,net_income,2024-12-28,-18756000000.0
50863,net_income,2025-12-27,-267000000.0
50863,net_income,2022-12-31,8017000000.0
50863,net_income,2023-12-30,1675000000.0
50863,net_income,2024-12-28,-19233000000.0
50863,net_income,2025-12-27,26000000.0
50863,eps_diluted,2007-12-29,1.18
50863,eps_diluted,2008-12-27,0.92
50863,eps_diluted,2009-12-26,0.77
50863,eps_diluted,2010-12-25,2.01
50863,eps_diluted,2011-12-31,2.39
50863,eps_diluted,2012-12-29,2.13
50863,eps_diluted,2013-12-28,1.89
50863,eps_diluted,2014-12-27,2.31
50863,eps_diluted,2015-12-26,2.33
50863,eps_diluted,2016-12-31,2.12
50863,eps_diluted,2017-12-30,1.99
50863,eps_diluted,2018-12-29,4.48
50863,eps_diluted,2019-12-28,4.71
50863,eps_diluted,2020-12-26,4.94
50863,eps_diluted,2021-12-25,4.86
50863,eps_diluted,2022-12-31,1.94
50863,eps_diluted,2023-12-30,0.4
50863,eps_diluted,2024-12-28,-4.38
50863,eps_diluted,2025-12-27,-0.06
50863,total_assets,2008-12-27,50472000000.0
50863,total_assets,2009-12-26,53095000000.0
50863,total_assets,2010-12-25,63186000000.0
50863,total_assets,2011-12-31,71119000000.0
50863,total_assets,2012-12-29,84351000000.0
50863,total_assets,2013-12-28,92358000000.0
50863,total_assets,2014-12-27,91956000000.0
50863,total_assets,2014-12-27,91900000000.0
50863,total_assets,2015-12-26,103065000000.0
50863,total_assets,2015-12-26,101459000000.0
50863,total_assets,2016-12-31,113327000000.0
50863,total_assets,2017-12-30,123249000000.0
50863,total_assets,2018-12-29,127963000000.0
50863,total_assets,2019-12-28,136524000000.0
50863,total_assets,2020-12-26,153091000000.0
50863,total_assets,2021-12-25,168406000000.0
50863,total_assets,2022-12-31,182103000000.0
50863,total_assets,2023-12-30,191572000000.0
50863,total_assets,2024-12-28,196485000000.0
50863,total_assets,2025-12-27,211429000000.0
50863,stockholders_equity,2006-12-30,37210000000.0
50863,stockholders_equity,2007-12-29,43220000000.0
50863,stockholders_equity,2008-12-27,39546000000.0
50863,stockholders_equity,2009-12-26,41704000000.0
50863,stockholders_equity,2010-12-25,49430000000.0
50863,stockholders_equity,2011-12-31,45911000000.0
50863,stockholders_equity,2012-12-29,51203000000.0
50863,stockholders_equity,2013-12-28,58256000000.0
50863,stockholders_equity,2014-12-27,55865000000.0
50863,stockholders_equity,2015-12-26,61085000000.0
50863,stockholders_equity,2016-12-31,66226000000.0
50863,stockholders_equity,2017-12-30,69019000000.0
50863,stockholders_equity,2017-12-30,69653000000.0
50863,stockholders_equity,2018-12-29,74563000000.0
50863,stockholders_equity,2019-12-28,77504000000.0
50863,stockholders_equity,2020-12-26,81038000000.0
50863,stockholders_equity,2021-12-25,95391000000.0
50863,stockholders_equity,2022-12-31,101423000000.0
50863,stockholders_equity,2023-12-30,105590000000.0
50863,stockholders_equity,2024-12-28,99270000000.0
50863,stockholders_equity,2025-12-27,114281000000.0
50863,stockholders_equity,2022-12-31,103286000000.0
50863,stockholders_equity,2023-12-30,109965000000.0
50863,stockholders_equity,2024-12-28,105032000000.0
50863,stockholders_equity,2025-12-27,126360000000.0
50863,cash_and_equivalents,2006-12-30,6598000000.0
50863,cash_and_equivalents,2007-12-29,7307000000.0
50863,cash_and_equivalents,2008-12-27,3350000000.0
50863,cash_and_equivalents,2009-12-26,3987000000.0
50863,cash_and_equivalents,2010-12-25,5498000000.0
50863,cash_and_equivalents,2011-12-31,5065000000.0
50863,cash_and_equivalents,2012-12-29,8478000000.0
50863,cash_and_equivalents,2013-12-28,5674000000.0
50863,cash_and_equivalents,2014-12-27,2561000000.0
50863,cash_and_equivalents,2015-12-26,15308000000.0
50863,cash_and_equivalents,2016-12-31,5560000000.0
50863,cash_and_equivalents,2017-12-30,3433000000.0
50863,cash_and_equivalents,2018-12-29,3019000000.0
50863,cash_and_equivalents,2024-12-28,8249000000.0
50863,cash_and_equivalents,2025-12-27,14265000000.0
50863,cash_and_equivalents,2019-12-28,4194000000.0
50863,cash_and_equivalents,2020-12-26,5865000000.0
50863,cash_and_equivalents,2021-12-25,4827000000.0
50863,cash_and_equivalents,2022-12-31,11144000000.0
50863,cash_and_equivalents,2023-12-30,7079000000.0
50863,cash_and_equivalents,2025-12-27,14712000000.0
50863,operating_cash_flow,2007-12-29,12625000000.0
50863,operating_cash_flow,2008-12-27,10926000000.0
50863,operating_cash_flow,2009-12-26,11170000000.0
50863,operating_cash_flow,2010-12-25,16692000000.0
50863,operating_cash_flow,2011-12-31,20963000000.0
50863,operating_cash_flow,2012-12-29,18884000000.0
50863,operating_cash_flow,2017-12-30,22110000000.0
50863,operating_cash_flow,2018-12-29,29432000000.0
50863,operating_cash_flow,2019-12-28,33145000000.0
50863,operating_cash_flow,2020-12-26,35384000000.0
50863,operating_cash_flow,2020-12-26,35864000000.0
50863,operating_cash_flow,2021-12-25,29991000000.0
50863,operating_cash_flow,2021-12-25,29456000000.0
50863,operating_cash_flow,2022-12-31,15433000000.0
50863,operating_cash_flow,2023-12-30,11471000000.0
50863,operating_cash_flow,2024-12-28,8288000000.0
50863,operating_cash_flow,2025-12-27,9697000000.0
50863,operating_cash_flow,2013-12-28,20776000000.0
50863,operating_cash_flow,2014-12-27,20418000000.0
50863,operating_cash_flow,2015-12-26,19017000000.0
50863,operating_cash_flow,2015-12-26,19018000000.0
50863,operating_cash_flow,2016-12-31,21808000000.0
66740,revenue,2016-12-31,30109000000.0
66740,revenue,2017-12-31,31657000000.0
66740,revenue,2018-12-31,32765000000.0
66740,revenue,2019-12-31,32136000000.0
66740,revenue,2020-12-31,32184000000.0
66740,revenue,2021-12-31,35355000000.0
66740,revenue,2022-12-31,34229000000.0
66740,revenue,2022-12-31,26161000000.0
66740,revenue,2023-12-31,24610000000.0
66740,revenue,2024-12-31,24575000000.0
66740,revenue,2025-12-31,24948000000.0
66740,revenue,2023-12-31,32681000000.0
66740,revenue,2007-12-31,24462000000.0
66740,revenue,2008-12-31,25269000000.0
66740,revenue,2009-12-31,23123000000.0
66740,revenue,2010-12-31,26662000000.0
66740,revenue,2011-12-31,29611000000.0
66740,revenue,2012-12-31,29904000000.0
66740,revenue,2013-12-31,30871000000.0
66740,revenue,2014-12-31,31821000000.0
66740,revenue,2015-12-31,30274000000.0
66740,operating_income,2007-12-31,6193000000.0
66740,operating_income,2008-12-31,5218000000.0
66740,operating_income,2009-12-31,4814000000.0
66740,operating_income,2010-12-31,5918000000.0
66740,operating_income,2011-12-31,6178000000.0
66740,operating_income,2012-12-31,6483000000.0
66740,operating_income,2013-12-31,6666000000.0
66740,operating_income,2014-12-31,7135000000.0
66740,operating_income,2015-12-31,6946000000.0
66740,operating_income,2016-12-31,7223000000.0
66740,operating_income,2016-12-31,7027000000.0
66740,operating_income,2017-12-31,7820000000.0
66740,operating_income,2017-12-31,7692000000.0
66740,operating_income,2018-12-31,7207000000.0
66740,operating_income,2019-12-31,6174000000.0
66740,operating_income,2020-12-31,7161000000.0
66740,operating_income,2021-12-31,7369000000.0
66740,operating_income,2022-12-31,6539000000.0
66740,operating_income,2022-12-31,4369000000.0
66740,operating_income,2023-12-31,-9128000000.0
66740,operating_income,2023-12-31,-10689000000.0
66740,operating_income,2024-12-31,4822000000.0
66740,operating_income,2025-12-31,4629000000.0
66740,net_income,2007-12-31,4096000000.0
66740,net_income,2008-12-31,3460000000.0
66740,net_income,2009-12-31,3193000000.0
66740,net_income,2010-12-31,4085000000.0
66740,net_income,2011-12-31,4283000000.0
66740,net_income,2012-12-31,4444000000.0
66740,net_income,2013-12-31,4659000000.0
66740,net_income,2014-12-31,4956000000.0
66740,net_income,2015-12-31,4833000000.0
66740,net_income,2016-12-31,5050000000.0
66740,net_income,2017-12-31,4858000000.0
66740,net_income,2018-12-31,5349000000.0
66740,net_income,2019-12-31,4570000000.0
66740,net_income,2019-12-31,4517000000.0
66740,net_income,2020-12-31,5384000000.0
66740,net_income,2020-12-31,5449000000.0
66740,net_income,2021-12-31,5921000000.0
66740,net_income,2022-12-31,5777000000.0
66740,net_income,2023-12-31,-6995000000.0
66740,net_income,2024-12-31,4173000000.0
66740,net_income,2025-12-31,3250000000.0
66740,net_income,2007-12-31,4151000000.0
66740,net_income,2008-12-31,3520000000.0
66740,net_income,2009-12-31,3244000000.0
66740,net_income,2010-12-31,4163000000.0
66740,net_income,2011-12-31,4357000000.0
66740,net_income,2012-12-31,4511000000.0
66740,net_income,2013-12-31,4721000000.0
66740,net_income,2014-12-31,4998000000.0
66740,net_income,2015-12-31,4841000000.0
66740,net_income,2016-12-31,5058000000.0
66740,net_income,2017-12-31,4869000000.0
66740,net_income,2018-12-31,5363000000.0
66740,net_income,2019-12-31,4582000000.0
66740,net_income,2019-12-31,4529000000.0
66740,net_income,2020-12-31,5388000000.0
66740,net_income,2020-12-31,5453000000.0
66740,net_income,2021-12-31,5929000000.0
66740,net_income,2022-12-31,5791000000.0
66740,net_income,2023-12-31,-6979000000.0
66740,net_income,2024-12-31,4188000000.0
66740,net_income,2025-12-31,3262000000.0
66740,eps_diluted,2007-12-31,5.6
66740,eps_diluted,2008-12-31,4.89
66740,eps_diluted,2009-12-31,4.52
66740,eps_diluted,2010-12-31,5.63
66740,eps_diluted,2011-12-31,5.96
66740,eps_diluted,2012-12-31,6.32
66740,eps_diluted,2013-12-31,6.72
66740,eps_diluted,2014-12-31,7.49
66740,eps_diluted,2015-12-31,7.58
66740,eps_diluted,2016-12-31,8.16
66740,eps_diluted,2017-12-31,7.93
66740,eps_diluted,2018-12-31,8.89
66740,eps_diluted,2019-12-31,7.81
66740,eps_diluted,2019-12-31,7.72
66740,eps_diluted,2020-12-31,9.25
66740,eps_diluted,2020-12-31,9.36
66740,eps_diluted,2021-12-31,10.12
66740,eps_diluted,2022-12-31,10.18
66740,eps_diluted,2023-12-31,-12.63
66740,eps_diluted,2024-12-31,7.55
66740,eps_diluted,2025-12-31,6.0
66740,eps_diluted,2022-12-31,7.07
66740,eps_diluted,2023-12-31,-15.17
66740,eps_diluted,2024-12-31,7.26
66740,total_assets,2008-12-31,25793000000.0
66740,total_assets,2009-12-31,27250000000.0
66740,total_assets,2010-12-31,30156000000.0
66740,total_assets,2011-12-31,31616000000.0
66740,total_assets,2012-12-31,33876000000.0
66740,total_assets,2013-12-31,33550000000.0
66740,total_assets,2013-12-31,33304000000.0
66740,total_assets,2014-12-31,31269000000.0
66740,total_assets,2014-12-31,31209000000.0
66740,total_assets,2014-12-31,31374000000.0
66740,total_assets,2015-12-31,32718000000.0
66740,total_assets,2015-12-31,32883000000.0
66740,total_assets,2016-12-31,32906000000.0
66740,total_assets,2017-12-31,37987000000.0
66740,total_assets,2018-12-31,36500000000.0
66740,total_assets,2019-12-31,44659000000.0
66740,total_assets,2020-12-31,47344000000.0
66740,total_assets,2021-12-31,47072000000.0
66740,total_assets,2022-12-31,46455000000.0
66740,total_assets,2023-12-31,50580000000.0
66740,total_assets,2024-12-31,39868000000.0
66740,total_assets,2025-12-31,37733000000.0
66740,total_liabilities,2008-12-31,15489000000.0
66740,total_liabilities,2009-12-31,13948000000.0
66740,total_liabilities,2010-12-31,14139000000.0
66740,total_liabilities,2011-12-31,15754000000.0
66740,total_liabilities,2012-12-31,15836000000.0
66740,total_liabilities,2013-12-31,15602000000.0
66740,total_liabilities,2014-12-31,18127000000.0
66740,total_liabilities,2014-12-31,18067000000.0
66740,total_liabilities,2015-12-31,20971000000.0
66740,total_liabilities,2015-12-31,21415000000.0
66740,total_liabilities,2016-12-31,22563000000.0
66740,total_liabilities,2017-12-31,26365000000.0
66740,total_liabilities,2018-12-31,26652000000.0
66740,total_liabilities,2019-12-31,34533000000.0
66740,total_liabilities,2020-12-31,34413000000.0
66740,total_liabilities,2021-12-31,31955000000.0
66740,total_liabilities,2022-12-31,31685000000.0
66740,total_liabilities,2023-12-31,45712000000.0
66740,total_liabilities,2024-12-31,35974000000.0
66740,total_liabilities,2025-12-31,32986000000.0
66740,stockholders_equity,2008-12-31,9880000000.0
66740,stockholders_equity,2009-12-31,12764000000.0
66740,stockholders_equity,2010-12-31,15663000000.0
66740,stockholders_equity,2011-12-31,15420000000.0
66740,stockholders_equity,2012-12-31,17575000000.0
66740,stockholders_equity,2013-12-31,17502000000.0
66740,stockholders_equity,2014-12-31,13109000000.0
66740,stockholders_equity,2015-12-31,11708000000.0
66740,stockholders_equity,2015-12-31,11429000000.0
66740,stockholders_equity,2016-12-31,10298000000.0
66740,stockholders_equity,2017-12-31,11563000000.0
66740,stockholders_equity,2018-12-31,9796000000.0
66740,stockholders_equity,2019-12-31,10063000000.0
66740,stockholders_equity,2020-12-31,12867000000.0
66740,stockholders_equity,2021-12-31,15046000000.0
66740,stockholders_equity,2022-12-31,14722000000.0
66740,stockholders_equity,2023-12-31,4807000000.0
66740,stockholders_equity,2024-12-31,3842000000.0
66740,stockholders_equity,2025-12-31,4702000000.0
66740,stockholders_equity,2006-12-31,10238000000.0
66740,stockholders_equity,2007-12-31,12072000000.0
66740,stockholders_equity,2008-12-31,10304000000.0
66740,stockholders_equity,2009-12-31,13302000000.0
66740,stockholders_equity,2010-12-31,16017000000.0
66740,stockholders_equity,2011-12-31,15862000000.0
66740,stockholders_equity,2012-12-31,18040000000.0
66740,stockholders_equity,2013-12-31,17948000000.0
66740,stockholders_equity,2013-12-31,17669000000.0
66740,stockholders_equity,2014-12-31,13142000000.0
66740,stockholders_equity,2014-12-31,12863000000.0
66740,stockholders_equity,2015-12-31,11747000000.0
66740,stockholders_equity,2015-12-31,11468000000.0
66740,stockholders_equity,2016-12-31,10343000000.0
66740,stockholders_equity,2017-12-31,11622000000.0
66740,stockholders_equity,2018-12-31,9848000000.0
66740,stockholders_equity,2019-12-31,10126000000.0
66740,stockholders_equity,2020-12-31,12931000000.0
66740,stockholders_equity,2021-12-31,15117000000.0
66740,stockholders_equity,2022-12-31,14770000000.0
66740,stockholders_equity,2023-12-31,4868000000.0
66740,stockholders_equity,2024-12-31,3894000000.0
66740,stockholders_equity,2025-12-31,4747000000.0
66740,cash_and_equivalents,2006-12-31,1447000000.0
66740,cash_and_equivalents,2007-12-31,1896000000.0
66740,cash_and_equivalents,2008-12-31,1849000000.0
66740,cash_and_equivalents,2009-12-31,3040000000.0
66740,cash_and_equivalents,2010-12-31,3377000000.0
66740,cash_and_equivalents,2011-12-31,2219000000.0
66740,cash_and_equivalents,2012-12-31,2883000000.0
66740,cash_and_equivalents,2013-12-31,2581000000.0
66740,cash_and_equivalents,2014-12-31,1897000000.0
66740,cash_and_equivalents,2015-12-31,1798000000.0
66740,cash_and_equivalents,2016-12-31,2398000000.0
66740,cash_and_equivalents,2017-12-31,3053000000.0
66740,cash_and_equivalents,2018-12-31,2853000000.0
66740,cash_and_equivalents,2020-12-31,4634000000.0
66740,cash_and_equivalents,2021-12-31,4564000000.0
66740,cash_and_equivalents,2022-12-31,3655000000.0
66740,cash_and_equivalents,2023-12-31,5933000000.0
66740,cash_and_equivalents,2024-12-31,5600000000.0
66740,cash_and_equivalents,2025-12-31,5235000000.0
66740,operating_cash_flow,2007-12-31,4246000000.0
66740,operating_cash_flow,2008-12-31,4533000000.0
66740,operating_cash_flow,2009-12-31,4941000000.0
66740,operating_cash_flow,2010-12-31,5174000000.0
66740,operating_cash_flow,2015-12-31,6420000000.0
66740,operating_cash_flow,2016-12-31,6662000000.0
66740,operating_cash_flow,2017-12-31,6240000000.0
66740,operating_cash_flow,2018-12-31,6439000000.0
66740,operating_cash_flow,2019-12-31,7070000000.0
66740,operating_cash_flow,2020-12-31,8113000000.0
66740,operating_cash_flow,2021-12-31,7454000000.0
66740,operating_cash_flow,2022-12-31,5591000000.0
66740,operating_cash_flow,2023-12-31,6680000000.0
66740,operating_cash_flow,2024-12-31,1819000000.0
66740,operating_cash_flow,2025-12-31,2306000000.0
66740,operating_cash_flow,2011-12-31,5284000000.0
66740,operating_cash_flow,2012-12-31,5300000000.0
66740,operating_cash_flow,2013-12-31,5817000000.0
66740,operating_cash_flow,2014-12-31,6626000000.0
77476,revenue,2016-12-31,62799000000.0
77476,revenue,2017-12-30,63525000000.0
77476,revenue,2018-12-29,64661000000.0
77476,revenue,2019-12-28,67161000000.0
77476,revenue,2020-12-26,70372000000.0
77476,revenue,2021-12-25,79474000000.0
77476,revenue,2022-12-31,86392000000.0
77476,revenue,2023-12-30,91471000000.0
77476,revenue,2024-12-28,91854000000.0
77476,revenue,2025-12-27,93925000000.0
77476,revenue,2007-12-29,39474000000.0
77476,revenue,2008-12-27,43251000000.0
77476,revenue,2009-12-26,43232000000.0
77476,revenue,2010-12-25,57838000000.0
77476,revenue,2011-12-31,66504000000.0
77476,revenue,2012-12-29,65492000000.0
77476,revenue,2013-12-28,66415000000.0
77476,revenue,2014-12-27,66683000000.0
77476,revenue,2015-12-26,63056000000.0
77476,operating_income,2007-12-29,7182000000.0
77476,operating_income,2008-12-27,6959000000.0
77476,operating_income,2009-12-26,8044000000.0
77476,operating_income,2010-12-25,8332000000.0
77476,operating_income,2011-12-31,9633000000.0
77476,operating_income,2012-12-29,9112000000.0
77476,operating_income,2013-12-28,9705000000.0
77476,operating_income,2014-12-27,9581000000.0
77476,operating_income,2015-12-26,8353000000.0
77476,operating_income,2016-12-31,9785000000.0
77476,operating_income,2016-12-31,9804000000.0
77476,operating_income,2017-12-30,10509000000.0
77476,operating_income,2017-12-30,10276000000.0
77476,operating_income,2018-12-29,10110000000.0
77476,operating_income,2019-12-28,10291000000.0
77476,operating_income,2020-12-26,10080000000.0
77476,operating_income,2021-12-25,11162000000.0
77476,operating_income,2022-12-31,11512000000.0
77476,operating_income,2023-12-30,11986000000.0
77476,operating_income,2024-12-28,12887000000.0
77476,operating_income,2025-12-27,11498000000.0
77476,net_income,2007-12-29,5658000000.0
77476,net_income,2008-12-27,5142000000.0
77476,net_income,2009-12-26,5946000000.0
77476,net_income,2010-12-25,6320000000.0
77476,net_income,2011-12-31,6443000000.0
77476,net_income,2012-12-29,6178000000.0
77476,net_income,2013-12-28,6740000000.0
77476,net_income,2014-12-27,6513000000.0
77476,net_income,2015-12-26,5452000000.0
77476,net_income,2016-12-31,6329000000.0
77476,net_income,2017-12-30,4857000000.0
77476,net_income,2018-12-29,12515000000.0
77476,net_income,2019-12-28,7314000000.0
77476,net_income,2020-12-26,7120000000.0
77476,net_income,2021-12-25,7618000000.0
77476,net_income,2022-12-31,8910000000.0
77476,net_income,2023-12-30,9074000000.0
77476,net_income,2024-12-28,9578000000.0
77476,net_income,2025-12-27,8240000000.0
77476,net_income,2007-12-29,5670000000.0
77476,net_income,2008-12-27,5166000000.0
77476,net_income,2009-12-26,5979000000.0
77476,net_income,2010-12-25,6338000000.0
77476,net_income,2011-12-31,6462000000.0
77476,net_income,2012-12-29,6214000000.0
77476,net_income,2013-12-28,6787000000.0
77476,net_income,2014-12-27,6558000000.0
77476,net_income,2015-12-26,5501000000.0
77476,net_income,2016-12-31,6379000000.0
77476,net_income,2017-12-30,4908000000.0
77476,net_income,2018-12-29,12559000000.0
77476,net_income,2019-12-28,7353000000.0
77476,net_income,2020-12-26,7175000000.0
77476,net_income,2021-12-25,7679000000.0
77476,net_income,2022-12-31,8978000000.0
77476,net_income,2023-12-30,9155000000.0
77476,net_income,2024-12-28,9626000000.0
77476,net_income,2025-12-27,8295000000.0
77476,eps_diluted,2007-12-29,3.41
77476,eps_diluted,2008-12-27,3.21
77476,eps_diluted,2009-12-26,3.77
77476,eps_diluted,2010-12-25,3.91
77476,eps_diluted,2011-12-31,4.03
77476,eps_diluted,2012-12-29,3.92
77476,eps_diluted,2013-12-28,4.32
77476,eps_diluted,2014-12-27,4.27
77476,eps_diluted,2015-12-26,3.67
77476,eps_diluted,2016-12-31,4.36
77476,eps_diluted,2017-12-30,3.38
77476,eps_diluted,2018-12-29,8.78
77476,eps_diluted,2019-12-28,5.2
77476,eps_diluted,2020-12-26,5.12
77476,eps_diluted,2021-12-25,5.49
77476,eps_diluted,2022-12-31,6.42
77476,eps_diluted,2023-12-30,6.56
77476,eps_diluted,2024-12-28,6.95
77476,eps_diluted,2025-12-27,6.0
77476,total_assets,2008-12-27,35994000000.0
77476,total_assets,2009-12-26,39848000000.0
77476,total_assets,2010-12-25,68153000000.0
77476,total_assets,2011-12-31,72882000000.0
77476,total_assets,2012-12-29,74638000000.0
77476,total_assets,2013-12-28,77478000000.0
77476,total_assets,2014-12-27,70509000000.0
77476,total_assets,2015-12-26,69667000000.0
77476,total_assets,2016-12-31,74129000000.0
77476,total_assets,2016-12-31,73490000000.0
77476,total_assets,2017-12-30,79804000000.0
77476,total_assets,2018-12-29,77648000000.0
77476,total_assets,2019-12-28,78547000000.0
77476,total_assets,2020-12-26,92918000000.0
77476,total_assets,2021-12-25,92377000000.0
77476,total_assets,2022-12-31,92187000000.0
77476,total_assets,2023-12-30,100495000000.0
77476,total_assets,2024-12-28,99467000000.0
77476,total_assets,2025-12-27,107399000000.0
77476,total_liabilities,2008-12-27,23412000000.0
77476,total_liabilities,2009-12-26,22406000000.0
77476,total_liabilities,2010-12-25,46677000000.0
77476,total_liabilities,2011-12-31,51983000000.0
77476,total_liabilities,2012-12-29,52239000000.0
77476,total_liabilities,2013-12-28,53089000000.0
77476,total_liabilities,2014-12-27,52961000000.0
77476,total_liabilities,2015-12-26,57637000000.0
77476,total_liabilities,2016-12-31,62930000000.0
77476,total_liabilities,2016-12-31,62291000000.0
77476,total_liabilities,2017-12-30,68823000000.0
77476,total_liabilities,2018-12-29,63046000000.0
77476,total_liabilities,2019-12-28,63679000000.0
77476,total_liabilities,2020-12-26,79366000000.0
77476,total_liabilities,2021-12-25,76226000000.0
77476,total_liabilities,2022-12-31,74914000000.0
77476,total_liabilities,2023-12-30,81858000000.0
77476,total_liabilities,2024-12-28,81296000000.0
77476,total_liabilities,2025-12-27,86852000000.0
77476,stockholders_equity,2008-12-27,12203000000.0
77476,stockholders_equity,2009-12-26,16908000000.0
77476,stockholders_equity,2010-12-25,21273000000.0
77476,stockholders_equity,2011-12-31,20704000000.0
77476,stockholders_equity,2012-12-29,22417000000.0
77476,stockholders_equity,2013-12-28,24409000000.0
77476,stockholders_equity,2014-12-27,17578000000.0
77476,stockholders_equity,2015-12-26,12068000000.0
77476,stockholders_equity,2016-12-31,11246000000.0
77476,stockholders_equity,2017-12-30,11045000000.0
77476,stockholders_equity,2018-12-29,14518000000.0
77476,stockholders_equity,2019-12-28,14786000000.0
77476,stockholders_equity,2020-12-26,13454000000.0
77476,stockholders_equity,2021-12-25,16043000000.0
77476,stockholders_equity,2022-12-31,17149000000.0
77476,stockholders_equity,2023-12-30,18503000000.0
77476,stockholders_equity,2024-12-28,18041000000.0
77476,stockholders_equity,2025-12-27,20406000000.0
77476,stockholders_equity,2007-12-29,17296000000.0
77476,stockholders_equity,2008-12-27,12582000000.0
77476,stockholders_equity,2009-12-26,17442000000.0
77476,stockholders_equity,2010-12-25,21476000000.0
77476,stockholders_equity,2011-12-31,20899000000.0
77476,stockholders_equity,2012-12-29,22399000000.0
77476,stockholders_equity,2013-12-28,24389000000.0
77476,stockholders_equity,2014-12-27,17548000000.0
77476,stockholders_equity,2015-12-26,12030000000.0
77476,stockholders_equity,2016-12-31,11199000000.0
77476,stockholders_equity,2017-12-30,10981000000.0
77476,stockholders_equity,2018-12-29,14602000000.0
77476,stockholders_equity,2019-12-28,14868000000.0
77476,stockholders_equity,2020-12-26,13552000000.0
77476,stockholders_equity,2021-12-25,16151000000.0
77476,stockholders_equity,2022-12-31,17273000000.0
77476,stockholders_equity,2023-12-30,18637000000.0
77476,stockholders_equity,2024-12-28,18171000000.0
77476,stockholders_equity,2025-12-27,20547000000.0
77476,cash_and_equivalents,2006-12-30,1651000000.0
77476,cash_and_equivalents,2007-12-29,910000000.0
77476,cash_and_equivalents,2008-12-27,2064000000.0
77476,cash_and_equivalents,2009-12-26,3943000000.0
77476,cash_and_equivalents,2010-12-25,5943000000.0
77476,cash_and_equivalents,2011-12-31,4067000000.0
77476,cash_and_equivalents,2012-12-29,6297000000.0
77476,cash_and_equivalents,2013-12-28,9375000000.0
77476,cash_and_equivalents,2014-12-27,6134000000.0
77476,cash_and_equivalents,2015-12-26,9096000000.0
77476,cash_and_equivalents,2016-12-31,9158000000.0
77476,cash_and_equivalents,2017-12-30,10610000000.0
77476,cash_and_equivalents,2018-12-29,8721000000.0
77476,cash_and_equivalents,2019-12-28,5509000000.0
77476,cash_and_equivalents,2020-12-26,8185000000.0
77476,cash_and_equivalents,2021-12-25,5596000000.0
77476,cash_and_equivalents,2022-12-31,4954000000.0
77476,cash_and_equivalents,2023-12-30,9711000000.0
77476,cash_and_equivalents,2024-12-28,8505000000.0
77476,cash_and_equivalents,2025-12-27,9159000000.0
77476,cash_and_equivalents,2015-12-26,9119000000.0
77476,cash_and_equivalents,2016-12-31,9169000000.0
77476,cash_and_equivalents,2017-12-30,10657000000.0
77476,cash_and_equivalents,2018-12-29,10769000000.0
77476,cash_and_equivalents,2019-12-28,5570000000.0
77476,cash_and_equivalents,2020-12-26,8254000000.0
77476,cash_and_equivalents,2021-12-25,5707000000.0
77476,cash_and_equivalents,2022-12-31,5100000000.0
77476,cash_and_equivalents,2023-12-30,9761000000.0
77476,cash_and_equivalents,2024-12-28,8553000000.0
77476,cash_and_equivalents,2025-12-27,9204000000.0
77476,operating_cash_flow,2007-12-29,6934000000.0
77476,operating_cash_flow,2008-12-27,6999000000.0
77476,operating_cash_flow,2009-12-26,6796000000.0
77476,operating_cash_flow,2010-12-25,8448000000.0
77476,operating_cash_flow,2011-12-31,8944000000.0
77476,operating_cash_flow,2012-12-29,8479000000.0
77476,operating_cash_flow,2013-12-28,9688000000.0
77476,operating_cash_flow,2014-12-27,10506000000.0
77476,operating_cash_flow,2015-12-26,10580000000.0
77476,operating_cash_flow,2015-12-26,10864000000.0
77476,operating_cash_flow,2016-12-31,10404000000.0
77476,operating_cash_flow,2016-12-31,10673000000.0
77476,operating_cash_flow,2016-12-31,10663000000.0
77476,operating_cash_flow,2017-12-30,9994000000.0
77476,operating_cash_flow,2017-12-30,10030000000.0
77476,operating_cash_flow,2018-12-29,9415000000.0
77476,operating_cash_flow,2019-12-28,9649000000.0
77476,operating_cash_flow,2020-12-26,10613000000.0
77476,operating_cash_flow,2021-12-25,11616000000.0
77476,operating_cash_flow,2022-12-31,10811000000.0
77476,operating_cash_flow,2023-12-30,13442000000.0
77476,operating_cash_flow,2024-12-28,12507000000.0
77476,operating_cash_flow,2025-12-27,12087000000.0
78003,revenue,2016-12-31,52824000000.0
78003,revenue,2017-12-31,52546000000.0
78003,revenue,2018-12-31,53647000000.0
78003,revenue,2018-12-31,40825000000.0
78003,revenue,2019-12-31,51750000000.0
78003,revenue,2019-12-31,41172000000.0
78003,revenue,2019-12-31,40905000000.0
78003,revenue,2020-12-31,41908000000.0
78003,revenue,2020-12-31,41651000000.0
78003,revenue,2021-12-31,81288000000.0
78003,revenue,2021-12-31,73636000000.0
78003,revenue,2022-12-31,91793000000.0
78003,revenue,2023-12-31,50914000000.0
78003,revenue,2022-12-31,100330000000.0
78003,revenue,2022-12-31,101175000000.0
78003,revenue,2023-12-31,58496000000.0
78003,revenue,2023-12-31,59553000000.0
78003,revenue,2024-12-31,63627000000.0
78003,revenue,2025-12-31,62579000000.0
78003,revenue,2007-12-31,48418000000.0
78003,revenue,2008-12-31,48296000000.0
78003,revenue,2009-12-31,50009000000.0
78003,revenue,2009-12-31,49269000000.0
78003,revenue,2010-12-31,67809000000.0
78003,revenue,2010-12-31,67057000000.0
78003,revenue,2010-12-31,65165000000.0
78003,revenue,2011-12-31,67425000000.0
78003,revenue,2011-12-31,65259000000.0
78003,revenue,2011-12-31,61035000000.0
78003,revenue,2012-12-31,58986000000.0
78003,revenue,2012-12-31,54657000000.0
78003,revenue,2013-12-31,51584000000.0
78003,revenue,2014-12-31,49605000000.0
78003,revenue,2015-12-31,48851000000.0
78003,net_income,2007-12-31,8144000000.0
78003,net_income,2008-12-31,8104000000.0
78003,net_income,2009-12-31,8635000000.0
78003,net_income,2010-12-31,8257000000.0
78003,net_income,2011-12-31,10009000000.0
78003,net_income,2012-12-31,14570000000.0
78003,net_income,2013-12-31,22003000000.0
78003,net_income,2014-12-31,9135000000.0
78003,net_income,2015-12-31,6960000000.0
78003,net_income,2016-12-31,7215000000.0
78003,net_income,2017-12-31,21308000000.0
78003,net_income,2018-12-31,11153000000.0
78003,net_income,2019-12-31,16273000000.0
78003,net_income,2019-12-31,16026000000.0
78003,net_income,2020-12-31,9616000000.0
78003,net_income,2020-12-31,9159000000.0
78003,net_income,2021-12-31,21979000000.0
78003,net_income,2022-12-31,31372000000.0
78003,net_income,2023-12-31,2119000000.0
78003,net_income,2024-12-31,8031000000.0
78003,net_income,2025-12-31,7771000000.0
78003,net_income,2007-12-31,8186000000.0
78003,net_income,2008-12-31,8127000000.0
78003,net_income,2009-12-31,8644000000.0
78003,net_income,2009-12-31,8643000000.0
78003,net_income,2010-12-31,8289000000.0
78003,net_income,2010-12-31,8288000000.0
78003,net_income,2011-12-31,10051000000.0
78003,net_income,2011-12-31,10049000000.0
78003,net_income,2012-12-31,14598000000.0
78003,net_income,2013-12-31,22072000000.0
78003,net_income,2014-12-31,9168000000.0
78003,net_income,2015-12-31,6986000000.0
78003,net_income,2016-12-31,7246000000.0
78003,net_income,2017-12-31,21355000000.0
78003,net_income,2018-12-31,11188000000.0
78003,net_income,2019-12-31,16302000000.0
78003,net_income,2019-12-31,16056000000.0
78003,net_income,2020-12-31,9652000000.0
78003,net_income,2020-12-31,9195000000.0
78003,net_income,2021-12-31,22025000000.0
78003,net_income,2022-12-31,31407000000.0
78003,net_income,2023-12-31,2158000000.0
78003,net_income,2024-12-31,8062000000.0
78003,net_income,2025-12-31,7812000000.0
78003,eps_diluted,2007-12-31,1.17
78003,eps_diluted,2008-12-31,1.2
78003,eps_diluted,2009-12-31,1.23
78003,eps_diluted,2010-12-31,1.02
78003,eps_diluted,2011-12-31,1.27
78003,eps_diluted,2012-12-31,1.94
78003,eps_diluted,2013-12-31,3.19
78003,eps_diluted,2014-12-31,1.42
78003,eps_diluted,2015-12-31,1.11
78003,eps_diluted,2016-12-31,1.17
78003,eps_diluted,2017-12-31,3.52
78003,eps_diluted,2018-12-31,1.87
78003,eps_diluted,2019-12-31,2.87
78003,eps_diluted,2019-12-31,2.82
78003,eps_diluted,2020-12-31,1.71
78003,eps_diluted,2020-12-31,1.63
78003,eps_diluted,2021-12-31,3.85
78003,eps_diluted,2022-12-31,5.47
78003,eps_diluted,2023-12-31,0.37
78003,eps_diluted,2024-12-31,1.41
78003,eps_diluted,2025-12-31,1.36
78003,eps_diluted,2007-12-31,1.18
78003,eps_diluted,2008-12-31,1.19
78003,eps_diluted,2009-12-31,1.21
78003,eps_diluted,2010-12-31,1.01
78003,eps_diluted,2010-12-31,1.03
78003,eps_diluted,2011-12-31,1.11
78003,eps_diluted,2011-12-31,1.06
78003,eps_diluted,2011-12-31,0.99
78003,eps_diluted,2012-12-31,1.26
78003,eps_diluted,2012-12-31,1.2
78003,eps_diluted,2013-12-31,1.65
78003,eps_diluted,2014-12-31,1.41
78003,eps_diluted,2018-12-31,1.86
78003,eps_diluted,2018-12-31,0.64
78003,eps_diluted,2019-12-31,1.91
78003,eps_diluted,2019-12-31,1.89
78003,eps_diluted,2020-12-31,1.24
78003,eps_diluted,2020-12-31,1.18
78003,eps_diluted,2021-12-31,3.93
78003,total_assets,2008-12-31,111148000000.0
78003,total_assets,2009-12-31,212949000000.0
78003,total_assets,2010-12-31,195014000000.0
78003,total_assets,2011-12-31,188002000000.0
78003,total_assets,2012-12-31,185798000000.0
78003,total_assets,2013-12-31,172101000000.0
78003,total_assets,2014-12-31,169274000000.0
78003,total_assets,2014-12-31,167566000000.0
78003,total_assets,2015-12-31,167460000000.0
78003,total_assets,2015-12-31,167381000000.0
78003,total_assets,2016-12-31,171615000000.0
78003,total_assets,2017-12-31,171797000000.0
78003,total_assets,2018-12-31,159422000000.0
78003,total_assets,2019-12-31,167489000000.0
78003,total_assets,2019-12-31,167594000000.0
78003,total_assets,2020-12-31,154229000000.0
78003,total_assets,2021-12-31,181476000000.0
78003,total_assets,2022-12-31,197205000000.0
78003,total_assets,2023-12-31,226501000000.0
78003,total_assets,2024-12-31,213396000000.0
78003,total_assets,2025-12-31,208160000000.0
78003,total_liabilities,2008-12-31,53408000000.0
78003,total_liabilities,2009-12-31,122503000000.0
78003,total_liabilities,2010-12-31,106749000000.0
78003,total_liabilities,2011-12-31,105381000000.0
78003,total_liabilities,2012-12-31,104120000000.0
78003,total_liabilities,2013-12-31,95481000000.0
78003,total_liabilities,2014-12-31,97652000000.0
78003,total_liabilities,2014-12-31,95944000000.0
78003,total_liabilities,2015-12-31,102463000000.0
78003,total_liabilities,2015-12-31,102384000000.0
78003,total_liabilities,2016-12-31,111776000000.0
78003,total_liabilities,2017-12-31,100141000000.0
78003,total_liabilities,2018-12-31,95664000000.0
78003,total_liabilities,2019-12-31,104042000000.0
78003,total_liabilities,2019-12-31,104148000000.0
78003,total_liabilities,2020-12-31,90756000000.0
78003,total_liabilities,2021-12-31,104013000000.0
78003,total_liabilities,2022-12-31,101288000000.0
78003,total_liabilities,2023-12-31,137213000000.0
78003,total_liabilities,2024-12-31,124899000000.0
78003,total_liabilities,2025-12-31,121385000000.0
78003,stockholders_equity,2008-12-31,57556000000.0
78003,stockholders_equity,2009-12-31,90014000000.0
78003,stockholders_equity,2010-12-31,87813000000.0
78003,stockholders_equity,2011-12-31,82190000000.0
78003,stockholders_equity,2012-12-31,81260000000.0
78003,stockholders_equity,2013-12-31,76307000000.0
78003,stockholders_equity,2014-12-31,71301000000.0
78003,stockholders_equity,2015-12-31,64720000000.0
78003,stockholders_equity,2016-12-31,59544000000.0
78003,stockholders_equity,2017-12-31,71308000000.0
78003,stockholders_equity,2018-12-31,63407000000.0
78003,stockholders_equity,2019-12-31,63143000000.0
78003,stockholders_equity,2020-12-31,63238000000.0
78003,stockholders_equity,2021-12-31,77201000000.0
78003,stockholders_equity,2022-12-31,95661000000.0
78003,stockholders_equity,2023-12-31,89014000000.0
78003,stockholders_equity,2024-12-31,88203000000.0
78003,stockholders_equity,2025-12-31,86476000000.0
78003,stockholders_equity,2006-12-31,71432000000.0
78003,stockholders_equity,2007-12-31,65124000000.0
78003,stockholders_equity,2008-12-31,57740000000.0
78003,stockholders_equity,2009-12-31,90446000000.0
78003,stockholders_equity,2010-12-31,88265000000.0
78003,stockholders_equity,2011-12-31,82621000000.0
78003,stockholders_equity,2012-12-31,81678000000.0
78003,stockholders_equity,2013-12-31,76620000000.0
78003,stockholders_equity,2014-12-31,71622000000.0
78003,stockholders_equity,2015-12-31,64998000000.0
78003,stockholders_equity,2016-12-31,59840000000.0
78003,stockholders_equity,2017-12-31,71656000000.0
78003,stockholders_equity,2018-12-31,63758000000.0
78003,stockholders_equity,2019-12-31,63447000000.0
78003,stockholders_equity,2020-12-31,63473000000.0
78003,stockholders_equity,2021-12-31,77462000000.0
78003,stockholders_equity,2022-12-31,95916000000.0
78003,stockholders_equity,2023-12-31,89288000000.0
78003,stockholders_equity,2024-12-31,88497000000.0
78003,stockholders_equity,2025-12-31,86775000000.0
78003,cash_and_equivalents,2006-12-31,1827000000.0
78003,cash_and_equivalents,2007-12-31,3406000000.0
78003,cash_and_equivalents,2008-12-31,2122000000.0
78003,cash_and_equivalents,2009-09-27,4234000000.0
78003,cash_and_equivalents,2009-12-31,1978000000.0
78003,cash_and_equivalents,2010-12-31,1735000000.0
78003,cash_and_equivalents,2011-12-31,3539000000.0
78003,cash_and_equivalents,2011-12-31,3182000000.0
78003,cash_and_equivalents,2012-12-31,10389000000.0
78003,cash_and_equivalents,2012-12-31,10081000000.0
78003,cash_and_equivalents,2013-12-31,2183000000.0
78003,cash_and_equivalents,2014-12-31,3343000000.0
78003,cash_and_equivalents,2015-12-31,3641000000.0
78003,cash_and_equivalents,2016-12-31,2595000000.0
78003,cash_and_equivalents,2017-12-31,1342000000.0
78003,cash_and_equivalents,2018-12-31,1139000000.0
78003,cash_and_equivalents,2019-12-31,1305000000.0
78003,cash_and_equivalents,2019-12-31,1121000000.0
78003,cash_and_equivalents,2020-12-31,1784000000.0
78003,cash_and_equivalents,2020-12-31,1786000000.0
78003,cash_and_equivalents,2021-12-31,1944000000.0
78003,cash_and_equivalents,2022-12-31,416000000.0
78003,cash_and_equivalents,2023-12-31,2853000000.0
78003,cash_and_equivalents,2024-12-31,1043000000.0
78003,cash_and_equivalents,2025-12-31,1142000000.0
78003,cash_and_equivalents,2015-12-31,3707000000.0
78003,cash_and_equivalents,2016-12-31,2666000000.0
78003,cash_and_equivalents,2017-12-31,1431000000.0
78003,cash_and_equivalents,2018-12-31,1225000000.0
78003,cash_and_equivalents,2019-12-31,1350000000.0
78003,cash_and_equivalents,2020-12-31,1825000000.0
78003,cash_and_equivalents,2021-12-31,1983000000.0
78003,cash_and_equivalents,2022-12-31,468000000.0
78003,cash_and_equivalents,2023-12-31,2917000000.0
78003,cash_and_equivalents,2024-12-31,1107000000.0
78003,cash_and_equivalents,2025-12-31,1197000000.0
78003,operating_cash_flow,2007-12-31,13353000000.0
78003,operating_cash_flow,2008-12-31,18238000000.0
78003,operating_cash_flow,2009-12-31,16587000000.0
78003,operating_cash_flow,2010-12-31,11454000000.0
78003,operating_cash_flow,2011-12-31,20240000000.0
78003,operating_cash_flow,2012-12-31,17054000000.0
78003,operating_cash_flow,2012-12-31,16746000000.0
78003,operating_cash_flow,2013-12-31,17765000000.0
78003,operating_cash_flow,2013-12-31,17684000000.0
78003,operating_cash_flow,2014-12-31,16883000000.0
78003,operating_cash_flow,2014-12-31,17084000000.0
78003,operating_cash_flow,2015-12-31,14512000000.0
78003,operating_cash_flow,2015-12-31,14688000000.0
78003,operating_cash_flow,2016-12-31,15901000000.0
78003,operating_cash_flow,2016-12-31,16192000000.0
78003,operating_cash_flow,2017-12-31,16470000000.0
78003,operating_cash_flow,2017-12-31,16802000000.0
78003,operating_cash_flow,2018-12-31,15827000000.0
78003,operating_cash_flow,2019-12-31,12588000000.0
78003,operating_cash_flow,2020-12-31,14403000000.0
78003,operating_cash_flow,2021-12-31,32580000000.0
78003,operating_cash_flow,2022-12-31,29267000000.0
78003,operating_cash_flow,2023-12-31,8700000000.0
78003,operating_cash_flow,2024-12-31,12744000000.0
78003,operating_cash_flow,2025-12-31,11704000000.0
78003,operating_cash_flow,2018-12-31,8875000000.0
78003,operating_cash_flow,2019-12-31,7011000000.0
78003,operating_cash_flow,2019-12-31,7015000000.0
78003,operating_cash_flow,2020-12-31,10586000000.0
78003,operating_cash_flow,2020-12-31,10540000000.0
78003,operating_cash_flow,2021-12-31,32922000000.0
80424,revenue,2012-06-30,28400000000.0
80424,revenue,2013-06-30,29200000000.0
80424,revenue,2014-06-30,29400000000.0
80424,revenue,2017-06-30,65058000000.0
80424,revenue,2018-06-30,66832000000.0
80424,revenue,2019-06-30,67684000000.0
80424,revenue,2020-06-30,70950000000.0
80424,revenue,2021-06-30,76118000000.0
80424,revenue,2022-06-30,80187000000.0
80424,revenue,2023-06-30,82006000000.0
80424,revenue,2024-06-30,84039000000.0
80424,revenue,2025-06-30,84284000000.0
80424,revenue,2026-06-30,87032000000.0
80424,revenue,2008-06-30,79257000000.0
80424,revenue,2009-06-30,76694000000.0
80424,revenue,2010-06-30,78938000000.0
80424,revenue,2010-06-30,77567000000.0
80424,revenue,2011-06-30,82559000000.0
80424,revenue,2011-06-30,81104000000.0
80424,revenue,2012-06-30,83680000000.0
80424,revenue,2012-06-30,82006000000.0
80424,revenue,2013-06-30,84167000000.0
80424,revenue,2013-06-30,82581000000.0
80424,revenue,2013-06-30,80116000000.0
80424,revenue,2014-06-30,83062000000.0
80424,revenue,2014-06-30,80510000000.0
80424,revenue,2014-06-30,74401000000.0
80424,revenue,2015-06-30,76279000000.0
80424,revenue,2015-06-30,70749000000.0
80424,revenue,2016-06-30,65299000000.0
80424,operating_income,2008-06-30,15979000000.0
80424,operating_income,2009-06-30,15374000000.0
80424,operating_income,2010-06-30,16021000000.0
80424,operating_income,2010-06-30,15732000000.0
80424,operating_income,2011-06-30,15818000000.0
80424,operating_income,2011-06-30,15495000000.0
80424,operating_income,2012-06-30,13292000000.0
80424,operating_income,2012-06-30,13035000000.0
80424,operating_income,2013-06-30,14481000000.0
80424,operating_income,2013-06-30,14330000000.0
80424,operating_income,2013-06-30,13817000000.0
80424,operating_income,2014-06-30,15288000000.0
80424,operating_income,2014-06-30,14740000000.0
80424,operating_income,2014-06-30,13910000000.0
80424,operating_income,2015-06-30,11790000000.0
80424,operating_income,2015-06-30,11049000000.0
80424,operating_income,2016-06-30,13441000000.0
80424,operating_income,2017-06-30,13955000000.0
80424,operating_income,2017-06-30,13766000000.0
80424,operating_income,2018-06-30,13711000000.0
80424,operating_income,2018-06-30,13363000000.0
80424,operating_income,2019-06-30,5487000000.0
80424,operating_income,2020-06-30,15706000000.0
80424,operating_income,2021-06-30,17986000000.0
80424,operating_income,2022-06-30,17813000000.0
80424,operating_income,2023-06-30,18134000000.0
80424,operating_income,2024-06-30,18545000000.0
80424,operating_income,2025-06-30,20451000000.0
80424,operating_income,2026-06-30,19748000000.0
80424,net_income,2008-06-30,12075000000.0
80424,net_income,2009-06-30,13436000000.0
80424,net_income,2010-06-30,12736000000.0
80424,net_income,2011-06-30,11797000000.0
80424,net_income,2012-06-30,10756000000.0
80424,net_income,2013-06-30,11312000000.0
80424,net_income,2014-06-30,11643000000.0
80424,net_income,2015-06-30,7036000000.0
80424,net_income,2016-06-30,10508000000.0
80424,net_income,2017-06-30,15326000000.0
80424,net_income,2018-06-30,9750000000.0
80424,net_income,2019-06-30,3897000000.0
80424,net_income,2020-06-30,13027000000.0
80424,net_income,2021-06-30,14306000000.0
80424,net_income,2022-06-30,14742000000.0
80424,net_income,2023-06-30,14653000000.0
80424,net_income,2024-06-30,14879000000.0
80424,net_income,2025-06-30,15974000000.0
80424,net_income,2026-06-30,16046000000.0
80424,net_income,2010-06-30,12846000000.0
80424,net_income,2011-06-30,11927000000.0
80424,net_income,2012-06-30,10904000000.0
80424,net_income,2013-06-30,11402000000.0
80424,net_income,2014-06-30,11785000000.0
80424,net_income,2015-06-30,7144000000.0
80424,net_income,2016-06-30,10604000000.0
80424,net_income,2017-06-30,15411000000.0
80424,net_income,2018-06-30,9861000000.0
80424,net_income,2019-06-30,3966000000.0
80424,net_income,2020-06-30,13103000000.0
80424,net_income,2021-06-30,14352000000.0
80424,net_income,2022-06-30,14793000000.0
80424,net_income,2023-06-30,14738000000.0
80424,net_income,2024-06-30,14974000000.0
80424,net_income,2025-06-30,16065000000.0
80424,net_income,2026-06-30,16144000000.0
80424,eps_diluted,2008-06-30,3.64
80424,eps_diluted,2009-06-30,4.26
80424,eps_diluted,2010-06-30,4.11
80424,eps_diluted,2011-06-30,3.93
80424,eps_diluted,2012-06-30,3.66
80424,eps_diluted,2013-06-30,3.86
80424,eps_diluted,2014-06-30,4.01
80424,eps_diluted,2015-06-30,2.44
80424,eps_diluted,2016-06-30,3.69
80424,eps_diluted,2017-06-30,5.59
80424,eps_diluted,2018-06-30,3.67
80424,eps_diluted,2019-06-30,1.43
80424,eps_diluted,2020-06-30,4.96
80424,eps_diluted,2021-06-30,5.5
80424,eps_diluted,2022-06-30,5.81
80424,eps_diluted,2023-06-30,5.9
80424,eps_diluted,2024-06-30,6.02
80424,eps_diluted,2025-06-30,6.51
80424,eps_diluted,2026-06-30,6.62
80424,eps_diluted,2008-06-30,3.4
80424,eps_diluted,2009-06-30,3.39
80424,eps_diluted,2010-06-30,3.53
80424,eps_diluted,2010-06-30,3.47
80424,eps_diluted,2011-06-30,3.85
80424,eps_diluted,2012-06-30,3.12
80424,eps_diluted,2012-06-30,3.06
80424,eps_diluted,2013-06-30,3.83
80424,eps_diluted,2013-06-30,3.71
80424,eps_diluted,2014-06-30,3.98
80424,eps_diluted,2014-06-30,3.86
80424,eps_diluted,2014-06-30,3.63
80424,eps_diluted,2015-06-30,3.06
80424,eps_diluted,2015-06-30,2.84
80424,eps_diluted,2016-06-30,3.49
80424,eps_diluted,2017-06-30,3.69
80424,total_assets,2008-06-30,143992000000.0
80424,total_assets,2009-06-30,134833000000.0
80424,total_assets,2010-06-30,128172000000.0
80424,total_assets,2011-06-30,138354000000.0
80424,total_assets,2012-06-30,132244000000.0
80424,total_assets,2013-06-30,139263000000.0
80424,total_assets,2014-06-30,144266000000.0
80424,total_assets,2015-06-30,129495000000.0
80424,total_assets,2016-06-30,127136000000.0
80424,total_assets,2017-06-30,120406000000.0
80424,total_assets,2018-06-30,118310000000.0
80424,total_assets,2019-06-30,115095000000.0
80424,total_assets,2020-06-30,120700000000.0
80424,total_assets,2021-06-30,119307000000.0
80424,total_assets,2022-06-30,117208000000.0
80424,total_assets,2023-06-30,120829000000.0
80424,total_assets,2024-06-30,122370000000.0
80424,total_assets,2025-06-30,125231000000.0
80424,total_assets,2026-06-30,126521000000.0
80424,total_liabilities,2009-06-30,71451000000.0
80424,total_liabilities,2010-06-30,66733000000.0
80424,total_liabilities,2011-06-30,70353000000.0
80424,total_liabilities,2012-06-30,68209000000.0
80424,total_liabilities,2013-06-30,70554000000.0
80424,total_liabilities,2014-06-30,74290000000.0
80424,total_liabilities,2015-06-30,66445000000.0
80424,total_liabilities,2016-06-30,69153000000.0
80424,total_liabilities,2017-06-30,64628000000.0
80424,total_liabilities,2018-06-30,65427000000.0
80424,total_liabilities,2019-06-30,67516000000.0
80424,total_liabilities,2020-06-30,73822000000.0
80424,total_liabilities,2021-06-30,72653000000.0
80424,total_liabilities,2022-06-30,70354000000.0
80424,total_liabilities,2023-06-30,73764000000.0
80424,total_liabilities,2024-06-30,71811000000.0
80424,total_liabilities,2025-06-30,72946000000.0
80424,total_liabilities,2026-06-30,72210000000.0
80424,stockholders_equity,2007-06-30,67012000000.0
80424,stockholders_equity,2008-06-30,69784000000.0
80424,stockholders_equity,2009-06-30,63382000000.0
80424,stockholders_equity,2010-06-30,61439000000.0
80424,stockholders_equity,2011-06-30,68001000000.0
80424,stockholders_equity,2012-06-30,64035000000.0
80424,stockholders_equity,2013-06-30,68709000000.0
80424,stockholders_equity,2014-06-30,69976000000.0
80424,stockholders_equity,2015-06-30,63050000000.0
80424,stockholders_equity,2016-06-30,57983000000.0
80424,stockholders_equity,2017-06-30,55778000000.0
80424,stockholders_equity,2018-06-30,52883000000.0
80424,stockholders_equity,2019-06-30,47579000000.0
80424,stockholders_equity,2020-06-30,46878000000.0
80424,stockholders_equity,2021-06-30,46654000000.0
80424,stockholders_equity,2022-06-30,46854000000.0
80424,stockholders_equity,2023-06-30,47065000000.0
80424,stockholders_equity,2024-06-30,50559000000.0
80424,stockholders_equity,2025-06-30,52284000000.0
80424,stockholders_equity,2026-06-30,54311000000.0
80424,cash_and_equivalents,2007-06-30,5354000000.0
80424,cash_and_equivalents,2008-06-30,3313000000.0
80424,cash_and_equivalents,2009-06-30,4781000000.0
80424,cash_and_equivalents,2010-06-30,2879000000.0
80424,cash_and_equivalents,2011-06-30,2768000000.0
80424,cash_and_equivalents,2012-06-30,4436000000.0
80424,cash_and_equivalents,2013-06-30,5947000000.0
80424,cash_and_equivalents,2013-06-30,5930000000.0
80424,cash_and_equivalents,2014-06-30,8558000000.0
80424,cash_and_equivalents,2014-06-30,8548000000.0
80424,cash_and_equivalents,2015-06-30,6845000000.0
80424,cash_and_equivalents,2015-06-30,6836000000.0
80424,cash_and_equivalents,2016-06-30,7102000000.0
80424,cash_and_equivalents,2016-06-30,8098000000.0
80424,cash_and_equivalents,2017-06-30,5569000000.0
80424,cash_and_equivalents,2018-06-30,2569000000.0
80424,cash_and_equivalents,2019-06-30,4239000000.0
80424,cash_and_equivalents,2020-06-30,16181000000.0
80424,cash_and_equivalents,2021-06-30,10288000000.0
80424,cash_and_equivalents,2022-06-30,7214000000.0
80424,cash_and_equivalents,2023-06-30,8246000000.0
80424,cash_and_equivalents,2024-06-30,9482000000.0
80424,cash_and_equivalents,2025-06-30,9556000000.0
80424,cash_and_equivalents,2026-06-30,9942000000.0
80424,operating_cash_flow,2008-06-30,15008000000.0
80424,operating_cash_flow,2009-06-30,14919000000.0
80424,operating_cash_flow,2010-06-30,16072000000.0
80424,operating_cash_flow,2010-06-30,16131000000.0
80424,operating_cash_flow,2011-06-30,13231000000.0
80424,operating_cash_flow,2011-06-30,13330000000.0
80424,operating_cash_flow,2012-06-30,13284000000.0
80424,operating_cash_flow,2013-06-30,14873000000.0
80424,operating_cash_flow,2014-06-30,13958000000.0
80424,operating_cash_flow,2015-06-30,14608000000.0
80424,operating_cash_flow,2016-06-30,15435000000.0
80424,operating_cash_flow,2017-06-30,12753000000.0
80424,operating_cash_flow,2018-06-30,14867000000.0
80424,operating_cash_flow,2019-06-30,15242000000.0
80424,operating_cash_flow,2020-06-30,17403000000.0
80424,operating_cash_flow,2021-06-30,18371000000.0
80424,operating_cash_flow,2022-06-30,16723000000.0
80424,operating_cash_flow,2023-06-30,16848000000.0
80424,operating_cash_flow,2024-06-30,19846000000.0
80424,operating_cash_flow,2025-06-30,17817000000.0
80424,operating_cash_flow,2026-06-30,19556000000.0
104169,revenue,2017-01-31,481317000000.0
104169,revenue,2018-01-31,495761000000.0
104169,revenue,2019-01-31,510329000000.0
104169,revenue,2020-01-31,519926000000.0
104169,revenue,2021-01-31,555233000000.0
104169,revenue,2022-01-31,567762000000.0
104169,revenue,2023-01-31,605881000000.0
104169,revenue,2024-01-31,642637000000.0
104169,revenue,2025-01-31,674538000000.0
104169,revenue,2026-01-31,706413000000.0
104169,revenue,2008-01-31,377023000000.0
104169,revenue,2009-01-31,404374000000.0
104169,revenue,2009-01-31,404254000000.0
104169,revenue,2010-01-31,408214000000.0
104169,revenue,2010-01-31,408085000000.0
104169,revenue,2011-01-31,421849000000.0
104169,revenue,2012-01-31,446950000000.0
104169,revenue,2012-01-31,446509000000.0
104169,revenue,2013-01-31,469162000000.0
104169,revenue,2013-01-31,468651000000.0
104169,revenue,2014-01-31,476294000000.0
104169,revenue,2015-01-31,485651000000.0
104169,revenue,2016-01-31,482130000000.0
104169,revenue,2017-01-31,485873000000.0
104169,revenue,2018-01-31,500343000000.0
104169,revenue,2019-01-31,514405000000.0
104169,revenue,2020-01-31,523964000000.0
104169,revenue,2021-01-31,559151000000.0
104169,revenue,2022-01-31,572754000000.0
104169,revenue,2023-01-31,611289000000.0
104169,revenue,2024-01-31,648125000000.0
104169,revenue,2025-01-31,680985000000.0
104169,revenue,2026-01-31,713163000000.0
104169,revenue,2008-01-31,373821000000.0
104169,revenue,2009-01-31,401087000000.0
104169,revenue,2010-01-31,405046000000.0
104169,revenue,2010-01-31,405132000000.0
104169,revenue,2011-01-31,418952000000.0
104169,revenue,2012-01-31,443854000000.0
104169,revenue,2012-01-31,443416000000.0
104169,revenue,2013-01-31,466114000000.0
104169,revenue,2013-01-31,465604000000.0
104169,revenue,2014-01-31,473076000000.0
104169,revenue,2015-01-31,482229000000.0
104169,revenue,2016-01-31,478614000000.0
104169,operating_income,2008-01-31,21952000000.0
104169,operating_income,2009-01-31,22798000000.0
104169,operating_income,2009-01-31,22767000000.0
104169,operating_income,2010-01-31,23950000000.0
104169,operating_income,2010-01-31,24002000000.0
104169,operating_income,2011-01-31,25542000000.0
104169,operating_income,2012-01-31,26558000000.0
104169,operating_income,2012-01-31,26491000000.0
104169,operating_income,2013-01-31,27801000000.0
104169,operating_income,2013-01-31,27725000000.0
104169,operating_income,2014-01-31,26872000000.0
104169,operating_income,2015-01-31,27147000000.0
104169,operating_income,2016-01-31,24105000000.0
104169,operating_income,2017-01-31,22764000000.0
104169,operating_income,2018-01-31,20437000000.0
104169,operating_income,2019-01-31,21957000000.0
104169,operating_income,2020-01-31,20568000000.0
104169,operating_income,2021-01-31,22548000000.0
104169,operating_income,2022-01-31,25942000000.0
104169,operating_income,2023-01-31,20428000000.0
104169,operating_income,2024-01-31,27012000000.0
104169,operating_income,2025-01-31,29348000000.0
104169,operating_income,2026-01-31,29825000000.0
104169,net_income,2008-01-31,12731000000.0
104169,net_income,2009-01-31,13400000000.0
104169,net_income,2009-01-31,13381000000.0
104169,net_income,2010-01-31,14335000000.0
104169,net_income,2010-01-31,14370000000.0
104169,net_income,2011-01-31,16389000000.0
104169,net_income,2012-01-31,15699000000.0
104169,net_income,2013-01-31,16999000000.0
104169,net_income,2014-01-31,16022000000.0
104169,net_income,2015-01-31,16363000000.0
104169,net_income,2016-01-31,14694000000.0
104169,net_income,2017-01-31,13643000000.0
104169,net_income,2018-01-31,9862000000.0
104169,net_income,2019-01-31,6670000000.0
104169,net_income,2020-01-31,14881000000.0
104169,net_income,2021-01-31,13510000000.0
104169,net_income,2022-01-31,13673000000.0
104169,net_income,2023-01-31,11680000000.0
104169,net_income,2024-01-31,15511000000.0
104169,net_income,2025-01-31,19436000000.0
104169,net_income,2026-01-31,21893000000.0
104169,net_income,2008-01-31,13137000000.0
104169,net_income,2009-01-31,13899000000.0
104169,net_income,2009-01-31,13880000000.0
104169,net_income,2010-01-31,14848000000.0
104169,net_income,2010-01-31,14883000000.0
104169,net_income,2011-01-31,16993000000.0
104169,net_income,2012-01-31,16387000000.0
104169,net_income,2013-01-31,17756000000.0
104169,net_income,2014-01-31,16695000000.0
104169,net_income,2015-01-31,17099000000.0
104169,net_income,2016-01-31,15080000000.0
104169,net_income,2017-01-31,14293000000.0
104169,net_income,2018-01-31,10523000000.0
104169,net_income,2019-01-31,7179000000.0
104169,net_income,2020-01-31,15201000000.0
104169,net_income,2021-01-31,13706000000.0
104169,net_income,2022-01-31,13940000000.0
104169,net_income,2023-01-31,11292000000.0
104169,net_income,2024-01-31,16270000000.0
104169,net_income,2025-01-31,20157000000.0
104169,net_income,2026-01-31,22270000000.0
104169,eps_diluted,2008-01-31,3.13
104169,eps_diluted,2009-01-31,3.39
104169,eps_diluted,2010-01-31,3.7
104169,eps_diluted,2010-01-31,3.71
104169,eps_diluted,2011-01-31,4.47
104169,eps_diluted,2012-01-31,4.52
104169,eps_diluted,2013-01-31,5.02
104169,eps_diluted,2014-01-31,4.88
104169,eps_diluted,2015-01-31,5.05
104169,eps_diluted,2016-01-31,4.57
104169,eps_diluted,2017-01-31,4.38
104169,eps_diluted,2018-01-31,3.28
104169,eps_diluted,2019-01-31,2.26
104169,eps_diluted,2020-01-31,5.19
104169,eps_diluted,2021-01-31,4.75
104169,eps_diluted,2022-01-31,4.87
104169,eps_diluted,2022-01-31,1.62
104169,eps_diluted,2023-01-31,4.27
104169,eps_diluted,2023-01-31,1.42
104169,eps_diluted,2024-01-31,1.91
104169,eps_diluted,2025-01-31,2.41
104169,eps_diluted,2026-01-31,2.73
104169,eps_diluted,2008-01-31,3.16
104169,eps_diluted,2009-01-31,3.35
104169,eps_diluted,2010-01-31,3.72
104169,eps_diluted,2010-01-31,3.73
104169,eps_diluted,2011-01-31,4.18
104169,eps_diluted,2012-01-31,4.54
104169,eps_diluted,2012-01-31,4.53
104169,eps_diluted,2013-01-31,5.01
104169,eps_diluted,2014-01-31,4.85
104169,eps_diluted,2015-01-31,4.99
104169,total_assets,2009-01-31,163429000000.0
104169,total_assets,2010-01-31,170706000000.0
104169,total_assets,2010-01-31,170407000000.0
104169,total_assets,2011-01-31,180663000000.0
104169,total_assets,2011-01-31,180782000000.0
104169,total_assets,2012-01-31,193406000000.0
104169,total_assets,2013-01-31,203105000000.0
104169,total_assets,2014-01-31,204751000000.0
104169,total_assets,2014-01-31,204541000000.0
104169,total_assets,2015-01-31,203706000000.0
104169,total_assets,2015-01-31,203490000000.0
104169,total_assets,2016-01-31,199581000000.0
104169,total_assets,2017-01-31,198825000000.0
104169,total_assets,2018-01-31,204522000000.0
104169,total_assets,2019-01-31,219295000000.0
104169,total_assets,2020-01-31,236495000000.0
104169,total_assets,2021-01-31,252496000000.0
104169,total_assets,2022-01-31,244860000000.0
104169,total_assets,2023-01-31,243197000000.0
104169,total_assets,2024-01-31,252399000000.0
104169,total_assets,2025-01-31,260823000000.0
104169,total_assets,2026-01-31,284668000000.0
104169,stockholders_equity,2009-01-31,65285000000.0
104169,stockholders_equity,2010-01-31,70749000000.0
104169,stockholders_equity,2010-01-31,70468000000.0
104169,stockholders_equity,2011-01-31,68542000000.0
104169,stockholders_equity,2012-01-31,71315000000.0
104169,stockholders_equity,2013-01-31,76343000000.0
104169,stockholders_equity,2014-01-31,76255000000.0
104169,stockholders_equity,2015-01-31,81394000000.0
104169,stockholders_equity,2016-01-31,80546000000.0
104169,stockholders_equity,2017-01-31,77798000000.0
104169,stockholders_equity,2018-01-31,77869000000.0
104169,stockholders_equity,2019-01-31,72496000000.0
104169,stockholders_equity,2020-01-31,74669000000.0
104169,stockholders_equity,2021-01-31,80925000000.0
104169,stockholders_equity,2022-01-31,83253000000.0
104169,stockholders_equity,2023-01-31,76693000000.0
104169,stockholders_equity,2024-01-31,83861000000.0
104169,stockholders_equity,2025-01-31,91013000000.0
104169,stockholders_equity,2026-01-31,99617000000.0
104169,stockholders_equity,2007-01-31,63733000000.0
104169,stockholders_equity,2008-01-31,66547000000.0
104169,stockholders_equity,2008-01-31,66250000000.0
104169,stockholders_equity,2009-01-31,67079000000.0
104169,stockholders_equity,2009-01-31,66763000000.0
104169,stockholders_equity,2010-01-31,72929000000.0
104169,stockholders_equity,2010-01-31,72648000000.0
104169,stockholders_equity,2011-01-31,71247000000.0
104169,stockholders_equity,2012-01-31,75761000000.0
104169,stockholders_equity,2013-01-31,81738000000.0
104169,stockholders_equity,2014-01-31,81339000000.0
104169,stockholders_equity,2015-01-31,85937000000.0
104169,stockholders_equity,2016-01-31,83611000000.0
104169,stockholders_equity,2017-01-31,80535000000.0
104169,stockholders_equity,2018-01-31,80822000000.0
104169,stockholders_equity,2019-01-31,79634000000.0
104169,stockholders_equity,2020-01-31,81552000000.0
104169,stockholders_equity,2021-01-31,87531000000.0
104169,stockholders_equity,2022-01-31,91891000000.0
104169,stockholders_equity,2023-01-31,83754000000.0
104169,stockholders_equity,2024-01-31,90349000000.0
104169,stockholders_equity,2025-01-31,97421000000.0
104169,stockholders_equity,2026-01-31,105887000000.0
104169,cash_and_equivalents,2009-01-31,7275000000.0
104169,cash_and_equivalents,2010-01-31,7907000000.0
104169,cash_and_equivalents,2011-01-31,7395000000.0
104169,cash_and_equivalents,2012-01-31,6550000000.0
104169,cash_and_equivalents,2012-12-31,6600000000.0
104169,cash_and_equivalents,2013-01-31,7781000000.0
104169,cash_and_equivalents,2014-01-31,7281000000.0
104169,cash_and_equivalents,2015-01-31,9135000000.0
104169,cash_and_equivalents,2016-01-31,8705000000.0
104169,cash_and_equivalents,2017-01-31,6867000000.0
104169,cash_and_equivalents,2018-01-31,6756000000.0
104169,cash_and_equivalents,2019-01-31,7722000000.0
104169,cash_and_equivalents,2020-01-31,9465000000.0
104169,cash_and_equivalents,2021-01-31,17741000000.0
104169,cash_and_equivalents,2022-01-31,14760000000.0
104169,cash_and_equivalents,2023-01-31,8625000000.0
104169,cash_and_equivalents,2024-01-31,9867000000.0
104169,cash_and_equivalents,2025-01-31,9037000000.0
104169,cash_and_equivalents,2026-01-31,10727000000.0
104169,cash_and_equivalents,2016-01-31,8891000000.0
104169,cash_and_equivalents,2017-01-31,7144000000.0
104169,cash_and_equivalents,2018-01-31,7014000000.0
104169,cash_and_equivalents,2019-01-31,7756000000.0
104169,cash_and_equivalents,2020-01-31,9515000000.0
104169,cash_and_equivalents,2021-01-31,17788000000.0
104169,cash_and_equivalents,2022-01-31,14834000000.0
104169,cash_and_equivalents,2023-01-31,8841000000.0
104169,cash_and_equivalents,2024-01-31,9935000000.0
104169,cash_and_equivalents,2025-01-31,9536000000.0
104169,cash_and_equivalents,2026-01-31,11321000000.0
104169,operating_cash_flow,2008-01-31,20642000000.0
104169,operating_cash_flow,2009-01-31,23147000000.0
104169,operating_cash_flow,2010-01-31,26249000000.0
104169,operating_cash_flow,2011-01-31,23643000000.0
104169,operating_cash_flow,2012-01-31,24255000000.0
104169,operating_cash_flow,2013-01-31,25591000000.0
104169,operating_cash_flow,2014-01-31,23257000000.0
104169,operating_cash_flow,2015-01-31,28564000000.0
104169,operating_cash_flow,2016-01-31,27389000000.0
104169,operating_cash_flow,2016-01-31,27552000000.0
104169,operating_cash_flow,2017-01-31,31530000000.0
104169,operating_cash_flow,2017-01-31,31673000000.0
104169,operating_cash_flow,2018-01-31,28337000000.0
104169,operating_cash_flow,2019-01-31,27753000000.0
104169,operating_cash_flow,2020-01-31,25255000000.0
104169,operating_cash_flow,2021-01-31,36074000000.0
104169,operating_cash_flow,2022-01-31,24181000000.0
104169,operating_cash_flow,2023-01-31,28841000000.0
104169,operating_cash_flow,2024-01-31,35726000000.0
104169,operating_cash_flow,2025-01-31,36443000000.0
104169,operating_cash_flow,2026-01-31,41565000000.0
200406,revenue,2017-01-01,71890000000.0
200406,revenue,2017-12-31,76450000000.0
200406,revenue,2018-12-30,81581000000.0
200406,revenue,2019-12-29,82059000000.0
200406,revenue,2021-01-03,82584000000.0
200406,revenue,2022-01-02,93775000000.0
200406,revenue,2022-01-02,78740000000.0
200406,revenue,2023-01-01,94943000000.0
200406,revenue,2023-01-01,79990000000.0
200406,revenue,2023-12-31,85159000000.0
200406,revenue,2024-12-29,88821000000.0
200406,revenue,2025-12-28,94193000000.0
200406,revenue,2007-12-30,61095000000.0
200406,revenue,2008-12-28,63747000000.0
200406,revenue,2010-01-03,61897000000.0
200406,revenue,2011-01-02,61587000000.0
200406,revenue,2012-01-01,65030000000.0
200406,revenue,2012-12-30,67224000000.0
200406,revenue,2013-12-29,71312000000.0
200406,revenue,2014-12-28,74331000000.0
200406,revenue,2016-01-03,70074000000.0
200406,operating_income,2010-01-03,16582000000.0
200406,operating_income,2011-01-02,17700000000.0
200406,operating_income,2012-01-01,13765000000.0
200406,operating_income,2012-12-30,14955000000.0
200406,operating_income,2013-12-29,16412000000.0
200406,operating_income,2014-12-28,21590000000.0
200406,net_income,2011-01-02,13334000000.0
200406,net_income,2012-01-01,9672000000.0
200406,net_income,2012-12-30,10853000000.0
200406,net_income,2013-12-29,13831000000.0
200406,net_income,2014-12-28,16323000000.0
200406,net_income,2016-01-03,15409000000.0
200406,net_income,2017-01-01,16540000000.0
200406,net_income,2017-12-31,1300000000.0
200406,net_income,2018-12-30,15297000000.0
200406,net_income,2019-12-29,15119000000.0
200406,net_income,2021-01-03,14714000000.0
200406,net_income,2022-01-02,20878000000.0
200406,net_income,2023-01-01,17941000000.0
200406,net_income,2023-12-31,35153000000.0
200406,net_income,2024-12-29,14066000000.0
200406,net_income,2025-12-28,26804000000.0
200406,net_income,2007-12-30,10576000000.0
200406,net_income,2008-12-28,12949000000.0
200406,net_income,2010-01-03,12266000000.0
200406,net_income,2012-12-30,10514000000.0
200406,eps_diluted,2007-12-30,3.63
200406,eps_diluted,2008-12-28,4.57
200406,eps_diluted,2010-01-03,4.4
200406,eps_diluted,2011-01-02,4.78
200406,eps_diluted,2012-01-01,3.49
200406,eps_diluted,2012-12-30,3.86
200406,eps_diluted,2013-12-29,4.81
200406,eps_diluted,2014-12-28,5.7
200406,eps_diluted,2016-01-03,5.48
200406,eps_diluted,2017-01-01,5.93
200406,eps_diluted,2017-12-31,0.47
200406,eps_diluted,2018-12-30,5.61
200406,eps_diluted,2019-12-29,5.63
200406,eps_diluted,2021-01-03,5.51
200406,eps_diluted,2022-01-02,7.81
200406,eps_diluted,2023-01-01,6.73
200406,eps_diluted,2023-12-31,13.72
200406,eps_diluted,2024-12-29,5.79
200406,eps_diluted,2025-12-28,11.03
200406,eps_diluted,2022-01-02,6.66
200406,eps_diluted,2023-01-01,6.14
200406,eps_diluted,2023-12-31,5.2
200406,total_assets,2008-12-28,84912000000.0
200406,total_assets,2010-01-03,94682000000.0
200406,total_assets,2011-01-02,102908000000.0
200406,total_assets,2012-01-01,113644000000.0
200406,total_assets,2012-12-30,121347000000.0
200406,total_assets,2013-12-29,132683000000.0
200406,total_assets,2014-12-28,131119000000.0
200406,total_assets,2014-12-28,130358000000.0
200406,total_assets,2016-01-03,133411000000.0
200406,total_assets,2017-01-01,141208000000.0
200406,total_assets,2017-12-31,157303000000.0
200406,total_assets,2018-12-30,152954000000.0
200406,total_assets,2019-12-29,157728000000.0
200406,total_assets,2021-01-03,174894000000.0
200406,total_assets,2022-01-02,182018000000.0
200406,total_assets,2023-01-01,187378000000.0
200406,total_assets,2023-12-31,167558000000.0
200406,total_assets,2024-12-29,180104000000.0
200406,total_assets,2025-12-28,199210000000.0
200406,total_liabilities,2008-12-28,42401000000.0
200406,total_liabilities,2010-01-03,44094000000.0
200406,total_liabilities,2011-01-02,46329000000.0
200406,total_liabilities,2012-01-01,56564000000.0
200406,total_liabilities,2012-12-30,56521000000.0
200406,total_liabilities,2013-12-29,58630000000.0
200406,total_liabilities,2014-12-28,61367000000.0
200406,total_liabilities,2014-12-28,60606000000.0
200406,total_liabilities,2016-01-03,62261000000.0
200406,total_liabilities,2017-01-01,70790000000.0
200406,total_liabilities,2017-12-31,97143000000.0
200406,total_liabilities,2018-12-30,93202000000.0
200406,total_liabilities,2019-12-29,98257000000.0
200406,total_liabilities,2021-01-03,111616000000.0
200406,total_liabilities,2022-01-02,107995000000.0
200406,total_liabilities,2023-01-01,110574000000.0
200406,total_liabilities,2023-12-31,98784000000.0
200406,total_liabilities,2024-12-29,108614000000.0
200406,total_liabilities,2025-12-28,117666000000.0
200406,stockholders_equity,2006-12-31,39318000000.0
200406,stockholders_equity,2007-12-30,43319000000.0
200406,stockholders_equity,2008-12-28,42511000000.0
200406,stockholders_equity,2010-01-03,50588000000.0
200406,stockholders_equity,2011-01-02,56579000000.0
200406,stockholders_equity,2012-01-01,57080000000.0
200406,stockholders_equity,2012-12-30,64826000000.0
200406,stockholders_equity,2013-12-29,74053000000.0
200406,stockholders_equity,2014-12-28,69752000000.0
200406,stockholders_equity,2016-01-03,71150000000.0
200406,stockholders_equity,2017-01-01,70418000000.0
200406,stockholders_equity,2017-12-31,60160000000.0
200406,stockholders_equity,2018-12-30,59752000000.0
200406,stockholders_equity,2019-12-29,59471000000.0
200406,stockholders_equity,2021-01-03,63278000000.0
200406,stockholders_equity,2022-01-02,74023000000.0
200406,stockholders_equity,2023-01-01,76804000000.0
200406,stockholders_equity,2023-12-31,68774000000.0
200406,stockholders_equity,2024-12-29,71490000000.0
200406,stockholders_equity,2025-12-28,81544000000.0
200406,cash_and_equivalents,2006-12-31,4083000000.0
200406,cash_and_equivalents,2007-12-30,7770000000.0
200406,cash_and_equivalents,2008-12-28,10768000000.0
200406,cash_and_equivalents,2010-01-03,15810000000.0
200406,cash_and_equivalents,2011-01-02,19355000000.0
200406,cash_and_equivalents,2012-01-01,24542000000.0
200406,cash_and_equivalents,2012-12-30,14911000000.0
200406,cash_and_equivalents,2013-12-29,20927000000.0
200406,cash_and_equivalents,2014-12-28,14523000000.0
200406,cash_and_equivalents,2016-01-03,13732000000.0
200406,cash_and_equivalents,2017-01-01,18972000000.0
200406,cash_and_equivalents,2017-12-31,17824000000.0
200406,cash_and_equivalents,2018-12-30,18107000000.0
200406,cash_and_equivalents,2019-12-29,17305000000.0
200406,cash_and_equivalents,2021-01-03,13985000000.0
200406,cash_and_equivalents,2022-01-02,14487000000.0
200406,cash_and_equivalents,2023-01-01,14127000000.0
200406,cash_and_equivalents,2023-01-01,12889000000.0
200406,cash_and_equivalents,2023-12-31,21859000000.0
200406,cash_and_equivalents,2024-12-29,24105000000.0
200406,cash_and_equivalents,2025-12-28,19709000000.0
200406,operating_cash_flow,2007-12-30,15022000000.0
200406,operating_cash_flow,2008-12-28,14972000000.0
200406,operating_cash_flow,2010-01-03,16571000000.0
200406,operating_cash_flow,2011-01-02,16385000000.0
200406,operating_cash_flow,2012-01-01,14298000000.0
200406,operating_cash_flow,2012-12-30,15396000000.0
200406,operating_cash_flow,2013-12-29,17414000000.0
200406,operating_cash_flow,2014-12-28,18471000000.0
200406,operating_cash_flow,2014-12-28,18710000000.0
200406,operating_cash_flow,2016-01-03,19279000000.0
200406,operating_cash_flow,2016-01-03,19569000000.0
200406,operating_cash_flow,2017-01-01,18767000000.0
200406,operating_cash_flow,2017-12-31,21056000000.0
200406,operating_cash_flow,2018-12-30,22201000000.0
200406,operating_cash_flow,2019-12-29,23416000000.0
200406,operating_cash_flow,2021-01-03,23536000000.0
200406,operating_cash_flow,2022-01-02,23410000000.0
200406,operating_cash_flow,2023-01-01,21194000000.0
200406,operating_cash_flow,2023-12-31,22791000000.0
200406,operating_cash_flow,2024-12-29,24266000000.0
200406,operating_cash_flow,2025-12-28,24530000000.0
310158,revenue,2007-12-31,24197700000.0
310158,revenue,2008-12-31,23850300000.0
310158,revenue,2008-12-31,23850000000.0
310158,revenue,2009-12-31,27428300000.0
310158,revenue,2009-12-31,27428000000.0
310158,revenue,2010-12-31,45987000000.0
310158,revenue,2016-12-31,39807000000.0
310158,revenue,2017-12-31,40122000000.0
310158,revenue,2018-12-31,42294000000.0
310158,revenue,2019-12-31,46840000000.0
310158,revenue,2019-12-31,39121000000.0
310158,revenue,2020-12-31,47994000000.0
310158,revenue,2020-12-31,41518000000.0
310158,revenue,2021-12-31,48704000000.0
310158,revenue,2022-12-31,59283000000.0
310158,revenue,2023-12-31,60115000000.0
310158,revenue,2024-12-31,64168000000.0
310158,revenue,2025-12-31,65011000000.0
310158,revenue,2011-12-31,48047000000.0
310158,revenue,2012-12-31,47267000000.0
310158,revenue,2013-12-31,44033000000.0
310158,revenue,2014-12-31,42237000000.0
310158,revenue,2015-12-31,39498000000.0
310158,net_income,2007-12-31,3275400000.0
310158,net_income,2008-12-31,7808400000.0
310158,net_income,2008-12-31,7808000000.0
310158,net_income,2009-12-31,12901300000.0
310158,net_income,2009-12-31,12899000000.0
310158,net_income,2010-12-31,861000000.0
310158,net_income,2011-12-31,6272000000.0
310158,net_income,2012-12-31,6168000000.0
310158,net_income,2013-12-31,4404000000.0
310158,net_income,2014-12-31,11920000000.0
310158,net_income,2015-12-31,4442000000.0
310158,net_income,2016-12-31,3920000000.0
310158,net_income,2017-12-31,2394000000.0
310158,net_income,2018-12-31,6220000000.0
310158,net_income,2019-12-31,9843000000.0
310158,net_income,2020-12-31,7067000000.0
310158,net_income,2021-12-31,13049000000.0
310158,net_income,2022-12-31,14519000000.0
310158,net_income,2023-12-31,365000000.0
310158,net_income,2024-12-31,17117000000.0
310158,net_income,2025-12-31,18254000000.0
310158,net_income,2007-12-31,3396800000.0
310158,net_income,2008-12-31,7932300000.0
310158,net_income,2008-12-31,7932000000.0
310158,net_income,2009-12-31,13024200000.0
310158,net_income,2009-12-31,13022000000.0
310158,net_income,2010-12-31,982000000.0
310158,net_income,2011-12-31,6392000000.0
310158,net_income,2012-12-31,6299000000.0
310158,net_income,2013-12-31,4517000000.0
310158,net_income,2014-12-31,11934000000.0
310158,net_income,2015-12-31,4459000000.0
310158,net_income,2016-12-31,3941000000.0
310158,net_income,2017-12-31,2418000000.0
310158,net_income,2018-12-31,6193000000.0
310158,net_income,2019-12-31,9777000000.0
310158,net_income,2020-12-31,7082000000.0
310158,net_income,2022-12-31,14526000000.0
310158,net_income,2023-12-31,377000000.0
310158,net_income,2024-12-31,17133000000.0
310158,net_income,2025-12-31,18263000000.0
310158,eps_diluted,2007-12-31,1.49
310158,eps_diluted,2008-12-31,3.63
310158,eps_diluted,2009-12-31,5.65
310158,eps_diluted,2010-12-31,0.28
310158,eps_diluted,2011-12-31,2.02
310158,eps_diluted,2012-12-31,2.0
310158,eps_diluted,2013-12-31,1.47
310158,eps_diluted,2014-12-31,4.07
310158,eps_diluted,2015-12-31,1.56
310158,eps_diluted,2016-12-31,1.41
310158,eps_diluted,2017-12-31,0.87
310158,eps_diluted,2018-12-31,2.32
310158,eps_diluted,2019-12-31,3.81
310158,eps_diluted,2020-12-31,2.78
310158,eps_diluted,2021-12-31,5.14
310158,eps_diluted,2022-12-31,5.71
310158,eps_diluted,2023-12-31,0.14
310158,eps_diluted,2024-12-31,6.74
310158,eps_diluted,2025-12-31,7.28
310158,eps_diluted,2019-12-31,2.21
310158,eps_diluted,2020-12-31,1.78
310158,eps_diluted,2021-12-31,4.86
310158,total_assets,2008-12-31,47195700000.0
310158,total_assets,2009-12-31,112089700000.0
310158,total_assets,2009-12-31,112314000000.0
310158,total_assets,2010-12-31,105781000000.0
310158,total_assets,2011-12-31,105128000000.0
310158,total_assets,2012-12-31,106132000000.0
310158,total_assets,2013-12-31,105645000000.0
310158,total_assets,2014-12-31,98335000000.0
310158,total_assets,2014-12-31,98167000000.0
310158,total_assets,2015-12-31,101779000000.0
310158,total_assets,2015-12-31,101677000000.0
310158,total_assets,2016-12-31,95377000000.0
310158,total_assets,2017-12-31,87872000000.0
310158,total_assets,2018-12-31,82637000000.0
310158,total_assets,2019-12-31,84397000000.0
310158,total_assets,2020-12-31,91588000000.0
310158,total_assets,2021-12-31,105694000000.0
310158,total_assets,2022-12-31,109160000000.0
310158,total_assets,2023-12-31,106675000000.0
310158,total_assets,2024-12-31,117106000000.0
310158,total_assets,2025-12-31,136866000000.0
310158,stockholders_equity,2008-12-31,18758300000.0
310158,stockholders_equity,2009-12-31,59058000000.0
310158,stockholders_equity,2010-12-31,54376000000.0
310158,stockholders_equity,2011-12-31,54517000000.0
310158,stockholders_equity,2012-12-31,53020000000.0
310158,stockholders_equity,2013-12-31,49765000000.0
310158,stockholders_equity,2014-12-31,48647000000.0
310158,stockholders_equity,2015-12-31,44676000000.0
310158,stockholders_equity,2016-12-31,40088000000.0
310158,stockholders_equity,2017-12-31,34336000000.0
310158,stockholders_equity,2018-12-31,26701000000.0
310158,stockholders_equity,2019-12-31,25907000000.0
310158,stockholders_equity,2020-12-31,25317000000.0
310158,stockholders_equity,2021-12-31,38184000000.0
310158,stockholders_equity,2022-12-31,45991000000.0
310158,stockholders_equity,2023-12-31,37581000000.0
310158,stockholders_equity,2024-12-31,46313000000.0
310158,stockholders_equity,2025-12-31,52606000000.0
310158,stockholders_equity,2006-12-31,19965800000.0
310158,stockholders_equity,2007-12-31,20591400000.0
310158,stockholders_equity,2007-12-31,20591000000.0
310158,stockholders_equity,2008-12-31,21167100000.0
310158,stockholders_equity,2008-12-31,21167000000.0
310158,stockholders_equity,2009-12-31,61492600000.0
310158,stockholders_equity,2009-12-31,61485000000.0
310158,stockholders_equity,2010-12-31,56805000000.0
310158,stockholders_equity,2011-12-31,56943000000.0
310158,stockholders_equity,2012-12-31,55463000000.0
310158,stockholders_equity,2013-12-31,52326000000.0
310158,stockholders_equity,2014-12-31,48791000000.0
310158,stockholders_equity,2015-12-31,44767000000.0
310158,stockholders_equity,2016-12-31,40308000000.0
310158,stockholders_equity,2017-12-31,34569000000.0
310158,stockholders_equity,2018-12-31,26882000000.0
310158,stockholders_equity,2019-12-31,26001000000.0
310158,stockholders_equity,2020-12-31,25404000000.0
310158,stockholders_equity,2021-12-31,38257000000.0
310158,stockholders_equity,2022-12-31,46058000000.0
310158,stockholders_equity,2023-12-31,37635000000.0
310158,stockholders_equity,2024-12-31,46372000000.0
310158,stockholders_equity,2025-12-31,52662000000.0
310158,cash_and_equivalents,2006-12-31,5914700000.0
310158,cash_and_equivalents,2007-12-31,5336100000.0
310158,cash_and_equivalents,2007-12-31,5336000000.0
310158,cash_and_equivalents,2008-12-31,4368300000.0
310158,cash_and_equivalents,2008-12-31,4368000000.0
310158,cash_and_equivalents,2009-12-31,9311400000.0
310158,cash_and_equivalents,2009-12-31,9311000000.0
310158,cash_and_equivalents,2010-12-31,10900000000.0
310158,cash_and_equivalents,2011-12-31,13531000000.0
310158,cash_and_equivalents,2012-12-31,13451000000.0
310158,cash_and_equivalents,2013-12-31,15621000000.0
310158,cash_and_equivalents,2014-12-31,7441000000.0
310158,cash_and_equivalents,2015-12-31,8524000000.0
310158,cash_and_equivalents,2016-12-31,6515000000.0
310158,cash_and_equivalents,2017-12-31,6092000000.0
310158,cash_and_equivalents,2018-12-31,7965000000.0
310158,cash_and_equivalents,2019-12-31,9676000000.0
310158,cash_and_equivalents,2020-12-31,8062000000.0
310158,cash_and_equivalents,2020-12-31,8050000000.0
310158,cash_and_equivalents,2021-12-31,8096000000.0
310158,cash_and_equivalents,2022-12-31,12694000000.0
310158,cash_and_equivalents,2023-12-31,6841000000.0
310158,cash_and_equivalents,2024-12-31,13242000000.0
310158,cash_and_equivalents,2025-12-31,14565000000.0
310158,cash_and_equivalents,2017-12-31,6096000000.0
310158,cash_and_equivalents,2018-12-31,7967000000.0
310158,cash_and_equivalents,2019-12-31,9934000000.0
310158,cash_and_equivalents,2020-12-31,8165000000.0
310158,cash_and_equivalents,2020-12-31,8153000000.0
310158,cash_and_equivalents,2021-12-31,8167000000.0
310158,cash_and_equivalents,2022-12-31,12773000000.0
310158,cash_and_equivalents,2023-12-31,6909000000.0
310158,cash_and_equivalents,2024-12-31,13318000000.0
310158,cash_and_equivalents,2025-12-31,14690000000.0
310158,operating_cash_flow,2007-12-31,6999200000.0
310158,operating_cash_flow,2008-12-31,6571700000.0
310158,operating_cash_flow,2008-12-31,6572000000.0
310158,operating_cash_flow,2009-12-31,3392000000.0
310158,operating_cash_flow,2010-12-31,10822000000.0
310158,operating_cash_flow,2011-12-31,12383000000.0
310158,operating_cash_flow,2012-12-31,10022000000.0
310158,operating_cash_flow,2013-12-31,11654000000.0
310158,operating_cash_flow,2014-12-31,7860000000.0
310158,operating_cash_flow,2014-12-31,7989000000.0
310158,operating_cash_flow,2015-12-31,12421000000.0
310158,operating_cash_flow,2015-12-31,12538000000.0
310158,operating_cash_flow,2016-12-31,10376000000.0
310158,operating_cash_flow,2017-12-31,6447000000.0
310158,operating_cash_flow,2017-12-31,6451000000.0
310158,operating_cash_flow,2018-12-31,10922000000.0
310158,operating_cash_flow,2019-12-31,13440000000.0
310158,operating_cash_flow,2020-12-31,10253000000.0
310158,operating_cash_flow,2022-12-31,19095000000.0
310158,operating_cash_flow,2023-12-31,13006000000.0
310158,operating_cash_flow,2024-12-31,21468000000.0
310158,operating_cash_flow,2025-12-31,16472000000.0
310158,operating_cash_flow,2019-12-31,8884000000.0
310158,operating_cash_flow,2020-12-31,7617000000.0
310158,operating_cash_flow,2021-12-31,13122000000.0
320193,revenue,2017-09-30,229234000000.0
320193,revenue,2018-09-29,265595000000.0
320193,revenue,2019-09-28,260174000000.0
320193,revenue,2020-09-26,274515000000.0
320193,revenue,2021-09-25,365817000000.0
320193,revenue,2022-09-24,394328000000.0
320193,revenue,2023-09-30,383285000000.0
320193,revenue,2024-09-28,391035000000.0
320193,revenue,2025-09-27,416161000000.0
320193,revenue,2016-09-24,215639000000.0
320193,revenue,2007-09-29,24006000000.0
320193,revenue,2008-09-27,32479000000.0
320193,revenue,2008-09-27,37491000000.0
320193,revenue,2009-09-26,36537000000.0
320193,revenue,2009-09-26,42905000000.0
320193,revenue,2010-09-25,65225000000.0
320193,revenue,2011-09-24,108249000000.0
320193,revenue,2012-09-29,156508000000.0
320193,revenue,2013-09-28,170910000000.0
320193,revenue,2014-09-27,182795000000.0
320193,revenue,2015-09-26,233715000000.0
320193,operating_income,2007-09-29,4409000000.0
320193,operating_income,2008-09-27,6275000000.0
320193,operating_income,2008-09-27,8327000000.0
320193,operating_income,2009-09-26,7658000000.0
320193,operating_income,2009-09-26,11740000000.0
320193,operating_income,2010-09-25,18385000000.0
320193,operating_income,2011-09-24,33790000000.0
320193,operating_income,2012-09-29,55241000000.0
320193,operating_income,2013-09-28,48999000000.0
320193,operating_income,2014-09-27,52503000000.0
320193,operating_income,2015-09-26,71230000000.0
320193,operating_income,2016-09-24,60024000000.0
320193,operating_income,2017-09-30,61344000000.0
320193,operating_income,2018-09-29,70898000000.0
320193,operating_income,2019-09-28,63930000000.0
320193,operating_income,2020-09-26,66288000000.0
320193,operating_income,2021-09-25,108949000000.0
320193,operating_income,2022-09-24,119437000000.0
320193,operating_income,2023-09-30,114301000000.0
320193,operating_income,2024-09-28,123216000000.0
320193,operating_income,2025-09-27,133050000000.0
320193,net_income,2007-09-29,3496000000.0
320193,net_income,2008-09-27,4834000000.0
320193,net_income,2008-09-27,6119000000.0
320193,net_income,2009-09-26,5704000000.0
320193,net_income,2009-09-26,8235000000.0
320193,net_income,2010-09-25,14013000000.0
320193,net_income,2011-09-24,25922000000.0
320193,net_income,2012-09-29,41733000000.0
320193,net_income,2013-09-28,37037000000.0
320193,net_income,2014-09-27,39510000000.0
320193,net_income,2015-09-26,53394000000.0
320193,net_income,2016-09-24,45687000000.0
320193,net_income,2017-09-30,48351000000.0
320193,net_income,2018-09-29,59531000000.0
320193,net_income,2019-09-28,55256000000.0
320193,net_income,2020-09-26,57411000000.0
320193,net_income,2021-09-25,94680000000.0
320193,net_income,2022-09-24,99803000000.0
320193,net_income,2023-09-30,96995000000.0
320193,net_income,2024-09-28,93736000000.0
320193,net_income,2025-09-27,112010000000.0
320193,eps_diluted,2007-09-29,3.93
320193,eps_diluted,2008-09-27,5.36
320193,eps_diluted,2008-09-27,6.78
320193,eps_diluted,2009-09-26,6.29
320193,eps_diluted,2009-09-26,9.08
320193,eps_diluted,2010-09-25,15.15
320193,eps_diluted,2011-09-24,27.68
320193,eps_diluted,2012-09-29,44.15
320193,eps_diluted,2012-09-29,6.31
320193,eps_diluted,2013-09-28,39.75
320193,eps_diluted,2013-09-28,5.68
320193,eps_diluted,2014-09-27,6.45
320193,eps_diluted,2015-09-26,9.22
320193,eps_diluted,2016-09-24,8.31
320193,eps_diluted,2017-09-30,9.21
320193,eps_diluted,2018-09-29,11.91
320193,eps_diluted,2018-09-29,2.98
320193,eps_diluted,2019-09-28,11.89
320193,eps_diluted,2019-09-28,2.97
320193,eps_diluted,2020-09-26,3.28
320193,eps_diluted,2021-09-25,5.61
320193,eps_diluted,2022-09-24,6.11
320193,eps_diluted,2023-09-30,6.13
320193,eps_diluted,2024-09-28,6.08
320193,eps_diluted,2025-09-27,7.46
320193,total_assets,2008-09-27,39572000000.0
320193,total_assets,2008-09-27,36171000000.0
320193,total_assets,2009-09-26,53851000000.0
320193,total_assets,2009-09-26,47501000000.0
320193,total_assets,2010-09-25,75183000000.0
320193,total_assets,2011-09-24,116371000000.0
320193,total_assets,2012-09-29,176064000000.0
320193,total_assets,2013-09-28,207000000000.0
320193,total_assets,2014-09-27,231839000000.0
320193,total_assets,2015-09-26,290479000000.0
320193,total_assets,2015-09-26,290345000000.0
320193,total_assets,2016-09-24,321686000000.0
320193,total_assets,2017-09-30,375319000000.0
320193,total_assets,2018-09-29,365725000000.0
320193,total_assets,2019-09-28,338516000000.0
320193,total_assets,2020-09-26,323888000000.0
320193,total_assets,2021-09-25,351002000000.0
320193,total_assets,2022-09-24,352755000000.0
320193,total_assets,2023-09-30,352583000000.0
320193,total_assets,2024-09-28,364980000000.0
320193,total_assets,2025-09-27,359241000000.0
320193,total_liabilities,2008-09-27,18542000000.0
320193,total_liabilities,2009-09-26,26019000000.0
320193,total_liabilities,2009-09-26,15861000000.0
320193,total_liabilities,2010-09-25,27392000000.0
320193,total_liabilities,2011-09-24,39756000000.0
320193,total_liabilities,2012-09-29,57854000000.0
320193,total_liabilities,2013-09-28,83451000000.0
320193,total_liabilities,2014-09-27,120292000000.0
320193,total_liabilities,2015-09-26,171124000000.0
320193,total_liabilities,2015-09-26,170990000000.0
320193,total_liabilities,2016-09-24,193437000000.0
320193,total_liabilities,2017-09-30,241272000000.0
320193,total_liabilities,2018-09-29,258578000000.0
320193,total_liabilities,2019-09-28,248028000000.0
320193,total_liabilities,2020-09-26,258549000000.0
320193,total_liabilities,2021-09-25,287912000000.0
320193,total_liabilities,2022-09-24,302083000000.0
320193,total_liabilities,2023-09-30,290437000000.0
320193,total_liabilities,2024-09-28,308030000000.0
320193,total_liabilities,2025-09-27,285508000000.0
320193,stockholders_equity,2006-09-30,9984000000.0
320193,stockholders_equity,2007-09-29,14532000000.0
320193,stockholders_equity,2007-09-29,14531000000.0
320193,stockholders_equity,2008-09-27,21030000000.0
320193,stockholders_equity,2008-09-27,22297000000.0
320193,stockholders_equity,2009-09-26,27832000000.0
320193,stockholders_equity,2009-09-26,31640000000.0
320193,stockholders_equity,2010-09-25,47791000000.0
320193,stockholders_equity,2011-09-24,76615000000.0
320193,stockholders_equity,2012-09-29,118210000000.0
320193,stockholders_equity,2013-09-28,123549000000.0
320193,stockholders_equity,2014-09-27,111547000000.0
320193,stockholders_equity,2015-09-26,119355000000.0
320193,stockholders_equity,2016-09-24,128249000000.0
320193,stockholders_equity,2017-09-30,134047000000.0
320193,stockholders_equity,2018-09-29,107147000000.0
320193,stockholders_equity,2019-09-28,90488000000.0
320193,stockholders_equity,2020-09-26,65339000000.0
320193,stockholders_equity,2021-09-25,63090000000.0
320193,stockholders_equity,2022-09-24,50672000000.0
320193,stockholders_equity,2023-09-30,62146000000.0
320193,stockholders_equity,2024-09-28,56950000000.0
320193,stockholders_equity,2025-09-27,73733000000.0
320193,cash_and_equivalents,2006-09-30,6392000000.0
320193,cash_and_equivalents,2007-09-29,9352000000.0
320193,cash_and_equivalents,2008-09-27,11875000000.0
320193,cash_and_equivalents,2009-09-26,5263000000.0
320193,cash_and_equivalents,2010-09-25,11261000000.0
320193,cash_and_equivalents,2011-09-24,9815000000.0
320193,cash_and_equivalents,2012-09-29,10746000000.0
320193,cash_and_equivalents,2013-09-28,14259000000.0
320193,cash_and_equivalents,2014-09-27,13844000000.0
320193,cash_and_equivalents,2015-09-26,21120000000.0
320193,cash_and_equivalents,2016-09-24,20484000000.0
320193,cash_and_equivalents,2017-09-30,20289000000.0
320193,cash_and_equivalents,2018-09-29,25913000000.0
320193,cash_and_equivalents,2019-09-28,48844000000.0
320193,cash_and_equivalents,2020-09-26,38016000000.0
320193,cash_and_equivalents,2021-09-25,34940000000.0
320193,cash_and_equivalents,2022-09-24,23646000000.0
320193,cash_and_equivalents,2023-09-30,29965000000.0
320193,cash_and_equivalents,2024-09-28,29943000000.0
320193,cash_and_equivalents,2025-09-27,35934000000.0
320193,cash_and_equivalents,2019-09-28,50224000000.0
320193,cash_and_equivalents,2020-09-26,39789000000.0
320193,cash_and_equivalents,2021-09-25,35929000000.0
320193,cash_and_equivalents,2022-09-24,24977000000.0
320193,cash_and_equivalents,2023-09-30,30737000000.0
320193,operating_cash_flow,2007-09-29,5470000000.0
320193,operating_cash_flow,2008-09-27,9596000000.0
320193,operating_cash_flow,2009-09-26,10159000000.0
320193,operating_cash_flow,2010-09-25,18595000000.0
320193,operating_cash_flow,2011-09-24,37529000000.0
320193,operating_cash_flow,2012-09-29,50856000000.0
320193,operating_cash_flow,2013-09-28,53666000000.0
320193,operating_cash_flow,2015-09-26,81266000000.0
320193,operating_cash_flow,2016-09-24,65824000000.0
320193,operating_cash_flow,2016-09-24,66231000000.0
320193,operating_cash_flow,2017-09-30,63598000000.0
320193,operating_cash_flow,2017-09-30,64225000000.0
320193,operating_cash_flow,2018-09-29,77434000000.0
320193,operating_cash_flow,2019-09-28,69391000000.0
320193,operating_cash_flow,2020-09-26,80674000000.0
320193,operating_cash_flow,2021-09-25,104038000000.0
320193,operating_cash_flow,2022-09-24,122151000000.0
320193,operating_cash_flow,2023-09-30,110543000000.0
320193,operating_cash_flow,2024-09-28,118254000000.0
320193,operating_cash_flow,2025-09-27,111482000000.0
320193,operating_cash_flow,2014-09-27,59713000000.0
354950,revenue,2017-01-29,94595000000.0
354950,revenue,2018-01-28,100904000000.0
354950,revenue,2019-02-03,108203000000.0
354950,revenue,2020-02-02,110225000000.0
354950,revenue,2021-01-31,132110000000.0
354950,revenue,2022-01-30,151157000000.0
354950,revenue,2023-01-29,157403000000.0
354950,revenue,2024-01-28,152669000000.0
354950,revenue,2025-02-02,159514000000.0
354950,revenue,2026-02-01,164683000000.0
354950,revenue,2008-02-03,77349000000.0
354950,revenue,2009-02-01,71288000000.0
354950,revenue,2010-01-31,66176000000.0
354950,revenue,2011-01-30,67997000000.0
354950,revenue,2012-01-29,70395000000.0
354950,revenue,2013-02-03,74754000000.0
354950,revenue,2014-02-02,78812000000.0
354950,revenue,2015-02-01,83176000000.0
354950,revenue,2016-01-31,88519000000.0
354950,operating_income,2008-02-03,7242000000.0
354950,operating_income,2009-02-01,4359000000.0
354950,operating_income,2010-01-31,4803000000.0
354950,operating_income,2011-01-30,5839000000.0
354950,operating_income,2012-01-29,6661000000.0
354950,operating_income,2013-02-03,7766000000.0
354950,operating_income,2014-02-02,9166000000.0
354950,operating_income,2015-02-01,10469000000.0
354950,operating_income,2016-01-31,11774000000.0
354950,operating_income,2017-01-29,13427000000.0
354950,operating_income,2018-01-28,14681000000.0
354950,operating_income,2019-02-03,15530000000.0
354950,operating_income,2020-02-02,15843000000.0
354950,operating_income,2021-01-31,18278000000.0
354950,operating_income,2022-01-30,23040000000.0
354950,operating_income,2023-01-29,24039000000.0
354950,operating_income,2024-01-28,21689000000.0
354950,operating_income,2025-02-02,21526000000.0
354950,operating_income,2026-02-01,20890000000.0
354950,net_income,2008-02-03,4395000000.0
354950,net_income,2009-02-01,2260000000.0
354950,net_income,2010-01-31,2661000000.0
354950,net_income,2011-01-30,3338000000.0
354950,net_income,2012-01-29,3883000000.0
354950,net_income,2013-02-03,4535000000.0
354950,net_income,2014-02-02,5385000000.0
354950,net_income,2015-02-01,6345000000.0
354950,net_income,2016-01-31,7009000000.0
354950,net_income,2017-01-29,7957000000.0
354950,net_income,2018-01-28,8630000000.0
354950,net_income,2019-02-03,11121000000.0
354950,net_income,2020-02-02,11242000000.0
354950,net_income,2021-01-31,12866000000.0
354950,net_income,2022-01-30,16433000000.0
354950,net_income,2023-01-29,17105000000.0
354950,net_income,2024-01-28,15143000000.0
354950,net_income,2025-02-02,14806000000.0
354950,net_income,2026-02-01,14156000000.0
354950,eps_diluted,2008-02-03,2.37
354950,eps_diluted,2009-02-01,1.34
354950,eps_diluted,2010-01-31,1.57
354950,eps_diluted,2011-01-30,2.01
354950,eps_diluted,2012-01-29,2.47
354950,eps_diluted,2013-02-03,3.0
354950,eps_diluted,2014-02-02,3.76
354950,eps_diluted,2015-02-01,4.71
354950,eps_diluted,2016-01-31,5.46
354950,eps_diluted,2017-01-29,6.45
354950,eps_diluted,2018-01-28,7.29
354950,eps_diluted,2019-02-03,9.73
354950,eps_diluted,2020-02-02,10.25
354950,eps_diluted,2021-01-31,11.94
354950,eps_diluted,2022-01-30,15.53
354950,eps_diluted,2023-01-29,16.69
354950,eps_diluted,2024-01-28,15.11
354950,eps_diluted,2025-02-02,14.91
354950,eps_diluted,2026-02-01,14.23
354950,eps_diluted,2008-02-03,2.27
354950,eps_diluted,2009-02-01,1.37
354950,eps_diluted,2010-01-31,1.55
354950,total_assets,2009-02-01,41164000000.0
354950,total_assets,2010-01-31,40877000000.0
354950,total_assets,2011-01-30,40125000000.0
354950,total_assets,2012-01-29,40518000000.0
354950,total_assets,2013-02-03,41084000000.0
354950,total_assets,2014-02-02,40518000000.0
354950,total_assets,2015-02-01,39946000000.0
354950,total_assets,2016-01-31,42549000000.0
354950,total_assets,2016-01-31,41973000000.0
354950,total_assets,2017-01-29,42966000000.0
354950,total_assets,2018-01-28,44529000000.0
354950,total_assets,2019-02-03,44003000000.0
354950,total_assets,2020-02-02,51236000000.0
354950,total_assets,2021-01-31,70581000000.0
354950,total_assets,2022-01-30,71876000000.0
354950,total_assets,2023-01-29,76445000000.0
354950,total_assets,2024-01-28,76530000000.0
354950,total_assets,2025-02-02,96119000000.0
354950,total_assets,2026-02-01,105095000000.0
354950,total_liabilities,2009-02-01,23387000000.0
354950,total_liabilities,2010-01-31,21484000000.0
354950,total_liabilities,2011-01-30,21236000000.0
354950,total_liabilities,2012-01-29,22620000000.0
354950,total_liabilities,2013-02-03,23307000000.0
354950,total_liabilities,2014-02-02,27996000000.0
354950,total_liabilities,2015-02-01,30624000000.0
354950,total_liabilities,2016-01-31,36233000000.0
354950,total_liabilities,2016-01-31,35657000000.0
354950,total_liabilities,2017-01-29,38633000000.0
354950,total_liabilities,2018-01-28,43075000000.0
354950,total_liabilities,2019-02-03,45881000000.0
354950,total_liabilities,2020-02-02,54352000000.0
354950,total_liabilities,2021-01-31,67282000000.0
354950,total_liabilities,2022-01-30,73572000000.0
354950,total_liabilities,2023-01-29,74883000000.0
354950,total_liabilities,2024-01-28,75486000000.0
354950,total_liabilities,2025-02-02,89479000000.0
354950,total_liabilities,2026-02-01,92282000000.0
354950,stockholders_equity,2007-01-28,25030000000.0
354950,stockholders_equity,2008-02-03,17714000000.0
354950,stockholders_equity,2009-02-01,17777000000.0
354950,stockholders_equity,2010-01-31,19393000000.0
354950,stockholders_equity,2011-01-30,18889000000.0
354950,stockholders_equity,2012-01-29,17898000000.0
354950,stockholders_equity,2013-02-03,17777000000.0
354950,stockholders_equity,2014-02-02,12522000000.0
354950,stockholders_equity,2015-02-01,9322000000.0
354950,stockholders_equity,2016-01-31,6316000000.0
354950,stockholders_equity,2017-01-29,4333000000.0
354950,stockholders_equity,2018-01-28,1454000000.0
354950,stockholders_equity,2019-02-03,-1878000000.0
354950,stockholders_equity,2020-02-02,-3116000000.0
354950,stockholders_equity,2021-01-31,3299000000.0
354950,stockholders_equity,2022-01-30,-1696000000.0
354950,stockholders_equity,2023-01-29,1562000000.0
354950,stockholders_equity,2024-01-28,1044000000.0
354950,stockholders_equity,2025-02-02,6640000000.0
354950,stockholders_equity,2026-02-01,12813000000.0
354950,cash_and_equivalents,2007-01-28,600000000.0
354950,cash_and_equivalents,2008-02-03,445000000.0
354950,cash_and_equivalents,2009-02-01,519000000.0
354950,cash_and_equivalents,2010-01-31,1421000000.0
354950,cash_and_equivalents,2011-01-30,545000000.0
354950,cash_and_equivalents,2012-01-29,1987000000.0
354950,cash_and_equivalents,2013-02-03,2494000000.0
354950,cash_and_equivalents,2014-02-02,1929000000.0
354950,cash_and_equivalents,2015-02-01,1723000000.0
354950,cash_and_equivalents,2015-02-01,2216000000.0
354950,cash_and_equivalents,2016-01-31,2216000000.0
354950,cash_and_equivalents,2017-01-29,2538000000.0
354950,cash_and_equivalents,2018-01-28,3595000000.0
354950,cash_and_equivalents,2019-02-03,1778000000.0
354950,cash_and_equivalents,2020-02-02,2133000000.0
354950,cash_and_equivalents,2021-01-31,7895000000.0
354950,cash_and_equivalents,2022-01-30,2343000000.0
354950,cash_and_equivalents,2023-01-29,2757000000.0
354950,cash_and_equivalents,2024-01-28,3760000000.0
354950,cash_and_equivalents,2025-02-02,1659000000.0
354950,cash_and_equivalents,2026-02-01,1389000000.0
354950,operating_cash_flow,2008-02-03,5727000000.0
354950,operating_cash_flow,2009-02-01,5528000000.0
354950,operating_cash_flow,2010-01-31,5125000000.0
354950,operating_cash_flow,2011-01-30,4585000000.0
354950,operating_cash_flow,2012-01-29,6651000000.0
354950,operating_cash_flow,2013-02-03,6975000000.0
354950,operating_cash_flow,2014-02-02,7628000000.0
354950,operating_cash_flow,2015-02-01,8242000000.0
354950,operating_cash_flow,2016-01-31,9373000000.0
354950,operating_cash_flow,2017-01-29,9783000000.0
354950,operating_cash_flow,2018-01-28,12031000000.0
354950,operating_cash_flow,2019-02-03,13038000000.0
354950,operating_cash_flow,2019-02-03,13165000000.0
354950,operating_cash_flow,2020-02-02,13723000000.0
354950,operating_cash_flow,2020-02-02,13687000000.0
354950,operating_cash_flow,2021-01-31,18839000000.0
354950,operating_cash_flow,2022-01-30,16571000000.0
354950,operating_cash_flow,2023-01-29,14615000000.0
354950,operating_cash_flow,2024-01-28,21172000000.0
354950,operating_cash_flow,2025-02-02,19810000000.0
354950,operating_cash_flow,2026-02-01,16325000000.0
732712,revenue,2007-12-31,93469000000.0
732712,revenue,2008-12-31,97354000000.0
732712,revenue,2009-12-31,107808000000.0
732712,revenue,2010-12-31,106565000000.0
732712,revenue,2011-12-31,110875000000.0
732712,revenue,2012-12-31,115846000000.0
732712,revenue,2013-12-31,120550000000.0
732712,revenue,2014-12-31,127079000000.0
732712,revenue,2015-12-31,131620000000.0
732712,revenue,2016-12-31,125980000000.0
732712,revenue,2017-12-31,126034000000.0
732712,revenue,2018-12-31,130863000000.0
732712,revenue,2019-12-31,131868000000.0
732712,revenue,2020-12-31,128292000000.0
732712,revenue,2021-12-31,133613000000.0
732712,revenue,2022-12-31,136835000000.0
732712,revenue,2023-12-31,133974000000.0
732712,revenue,2024-12-31,134788000000.0
732712,revenue,2025-12-31,138191000000.0
732712,revenue,2013-12-31,8096000000.0
732712,revenue,2014-12-31,10957000000.0
732712,revenue,2015-12-31,16924000000.0
732712,revenue,2016-12-31,17512000000.0
732712,revenue,2017-12-31,18889000000.0
732712,operating_income,2007-12-31,15578000000.0
732712,operating_income,2008-12-31,16884000000.0
732712,operating_income,2008-12-31,2612000000.0
732712,operating_income,2009-12-31,14027000000.0
732712,operating_income,2009-12-31,15978000000.0
732712,operating_income,2010-12-31,14645000000.0
732712,operating_income,2011-12-31,12880000000.0
732712,operating_income,2012-12-31,13160000000.0
732712,operating_income,2013-12-31,31968000000.0
732712,operating_income,2014-12-31,19599000000.0
732712,operating_income,2015-12-31,33060000000.0
732712,operating_income,2016-12-31,27059000000.0
732712,operating_income,2016-12-31,29249000000.0
732712,operating_income,2017-12-31,27414000000.0
732712,operating_income,2017-12-31,27425000000.0
732712,operating_income,2018-12-31,22278000000.0
732712,operating_income,2019-12-31,30378000000.0
732712,operating_income,2020-12-31,28798000000.0
732712,operating_income,2021-12-31,32448000000.0
732712,operating_income,2022-12-31,30467000000.0
732712,operating_income,2023-12-31,22877000000.0
732712,operating_income,2024-12-31,28686000000.0
732712,operating_income,2025-12-31,29259000000.0
732712,net_income,2007-12-31,5521000000.0
732712,net_income,2008-12-31,6428000000.0
732712,net_income,2008-12-31,-2193000000.0
732712,net_income,2009-12-31,3651000000.0
732712,net_income,2009-12-31,4894000000.0
732712,net_income,2010-12-31,2549000000.0
732712,net_income,2011-12-31,2404000000.0
732712,net_income,2012-12-31,875000000.0
732712,net_income,2013-12-31,11497000000.0
732712,net_income,2014-12-31,9625000000.0
732712,net_income,2015-12-31,17879000000.0
732712,net_income,2016-12-31,13127000000.0
732712,net_income,2017-12-31,30101000000.0
732712,net_income,2018-12-31,15528000000.0
732712,net_income,2019-12-31,19265000000.0
732712,net_income,2020-12-31,17801000000.0
732712,net_income,2021-12-31,22065000000.0
732712,net_income,2022-12-31,21256000000.0
732712,net_income,2023-12-31,11614000000.0
732712,net_income,2024-12-31,17506000000.0
732712,net_income,2025-12-31,17174000000.0
732712,net_income,2007-12-31,10574000000.0
732712,net_income,2008-12-31,12583000000.0
732712,net_income,2008-12-31,3962000000.0
732712,net_income,2009-12-31,10358000000.0
732712,net_income,2009-12-31,11601000000.0
732712,net_income,2010-12-31,10217000000.0
732712,net_income,2011-12-31,10198000000.0
732712,net_income,2012-12-31,10557000000.0
732712,net_income,2013-12-31,23547000000.0
732712,net_income,2014-12-31,11956000000.0
732712,net_income,2015-12-31,18375000000.0
732712,net_income,2016-12-31,13608000000.0
732712,net_income,2017-12-31,30550000000.0
732712,net_income,2018-12-31,16039000000.0
732712,net_income,2019-12-31,19788000000.0
732712,net_income,2020-12-31,18348000000.0
732712,net_income,2021-12-31,22618000000.0
732712,net_income,2022-12-31,21748000000.0
732712,net_income,2023-12-31,12095000000.0
732712,net_income,2024-12-31,17949000000.0
732712,net_income,2025-12-31,17608000000.0
732712,eps_diluted,2007-12-31,1.9
732712,eps_diluted,2008-12-31,2.26
732712,eps_diluted,2008-12-31,-0.77
732712,eps_diluted,2009-12-31,1.29
732712,eps_diluted,2009-12-31,1.72
732712,eps_diluted,2010-12-31,0.9
732712,eps_diluted,2011-12-31,0.85
732712,eps_diluted,2012-12-31,0.31
732712,eps_diluted,2013-12-31,4.0
732712,eps_diluted,2014-12-31,2.42
732712,eps_diluted,2015-12-31,4.37
732712,eps_diluted,2016-12-31,3.21
732712,eps_diluted,2017-12-31,7.36
732712,eps_diluted,2018-12-31,3.76
732712,eps_diluted,2019-12-31,4.65
732712,eps_diluted,2020-12-31,4.3
732712,eps_diluted,2021-12-31,5.32
732712,eps_diluted,2022-12-31,5.06
732712,eps_diluted,2023-12-31,2.75
732712,eps_diluted,2024-12-31,4.14
732712,eps_diluted,2025-12-31,4.06
732712,total_assets,2008-12-31,202352000000.0
732712,total_assets,2009-12-31,227251000000.0
732712,total_assets,2009-12-31,226907000000.0
732712,total_assets,2010-12-31,220005000000.0
732712,total_assets,2011-12-31,230461000000.0
732712,total_assets,2012-12-31,225222000000.0
732712,total_assets,2013-12-31,274098000000.0
732712,total_assets,2014-12-31,232708000000.0
732712,total_assets,2014-12-31,232616000000.0
732712,total_assets,2015-12-31,244640000000.0
732712,total_assets,2015-12-31,244175000000.0
732712,total_assets,2016-12-31,244180000000.0
732712,total_assets,2017-12-31,257143000000.0
732712,total_assets,2018-12-31,264829000000.0
732712,total_assets,2019-12-31,291727000000.0
732712,total_assets,2020-12-31,316481000000.0
732712,total_assets,2021-12-31,366596000000.0
732712,total_assets,2022-12-31,379680000000.0
732712,total_assets,2023-12-31,380255000000.0
732712,total_assets,2024-12-31,384711000000.0
732712,total_assets,2025-12-31,404258000000.0
732712,stockholders_equity,2007-12-31,82869000000.0
732712,stockholders_equity,2008-12-31,78905000000.0
732712,stockholders_equity,2008-12-31,78791000000.0
732712,stockholders_equity,2009-12-31,84367000000.0
732712,stockholders_equity,2009-12-31,84143000000.0
732712,stockholders_equity,2010-12-31,86912000000.0
732712,stockholders_equity,2011-12-31,85908000000.0
732712,stockholders_equity,2012-12-31,85533000000.0
732712,stockholders_equity,2013-12-31,95416000000.0
732712,stockholders_equity,2014-12-31,13676000000.0
732712,stockholders_equity,2015-12-31,17842000000.0
732712,stockholders_equity,2016-12-31,24032000000.0
732712,stockholders_equity,2017-12-31,44687000000.0
732712,stockholders_equity,2018-12-31,54710000000.0
732712,stockholders_equity,2019-12-31,62835000000.0
732712,stockholders_equity,2020-12-31,69272000000.0
732712,stockholders_equity,2021-12-31,83200000000.0
732712,stockholders_equity,2022-12-31,92463000000.0
732712,stockholders_equity,2023-12-31,93799000000.0
732712,stockholders_equity,2024-12-31,100575000000.0
732712,stockholders_equity,2025-12-31,105741000000.0
732712,cash_and_equivalents,2006-12-31,3219000000.0
732712,cash_and_equivalents,2007-12-31,1153000000.0
732712,cash_and_equivalents,2008-12-31,9782000000.0
732712,cash_and_equivalents,2009-12-31,2009000000.0
732712,cash_and_equivalents,2010-12-31,6668000000.0
732712,cash_and_equivalents,2011-12-31,13362000000.0
732712,cash_and_equivalents,2012-12-31,3093000000.0
732712,cash_and_equivalents,2013-12-31,53528000000.0
732712,cash_and_equivalents,2014-12-31,10598000000.0
732712,cash_and_equivalents,2015-12-31,4470000000.0
732712,cash_and_equivalents,2016-12-31,2880000000.0
732712,cash_and_equivalents,2017-12-31,2079000000.0
732712,cash_and_equivalents,2018-12-31,2745000000.0
732712,cash_and_equivalents,2019-12-31,2594000000.0
732712,cash_and_equivalents,2020-12-31,22171000000.0
732712,cash_and_equivalents,2021-12-31,2921000000.0
732712,cash_and_equivalents,2022-12-31,2605000000.0
732712,cash_and_equivalents,2023-12-31,2065000000.0
732712,cash_and_equivalents,2024-12-31,4194000000.0
732712,cash_and_equivalents,2025-12-31,19048000000.0
732712,cash_and_equivalents,2015-12-31,4738000000.0
732712,cash_and_equivalents,2016-12-31,3177000000.0
732712,cash_and_equivalents,2017-12-31,2888000000.0
732712,cash_and_equivalents,2018-12-31,3916000000.0
732712,cash_and_equivalents,2019-12-31,3917000000.0
732712,cash_and_equivalents,2020-12-31,23498000000.0
732712,cash_and_equivalents,2021-12-31,4161000000.0
732712,cash_and_equivalents,2022-12-31,4111000000.0
732712,cash_and_equivalents,2023-12-31,3497000000.0
732712,cash_and_equivalents,2024-12-31,4635000000.0
732712,cash_and_equivalents,2025-12-31,19499000000.0
732712,operating_cash_flow,2007-12-31,26839000000.0
732712,operating_cash_flow,2008-12-31,27557000000.0
732712,operating_cash_flow,2008-12-31,27452000000.0
732712,operating_cash_flow,2009-12-31,31565000000.0
732712,operating_cash_flow,2009-12-31,31390000000.0
732712,operating_cash_flow,2010-12-31,33363000000.0
732712,operating_cash_flow,2011-12-31,29780000000.0
732712,operating_cash_flow,2012-12-31,31486000000.0
732712,operating_cash_flow,2013-12-31,38818000000.0
732712,operating_cash_flow,2014-12-31,30631000000.0
732712,operating_cash_flow,2015-12-31,38930000000.0
732712,operating_cash_flow,2015-12-31,39027000000.0
732712,operating_cash_flow,2016-12-31,22715000000.0
732712,operating_cash_flow,2016-12-31,22810000000.0
732712,operating_cash_flow,2016-12-31,21689000000.0
732712,operating_cash_flow,2017-12-31,25305000000.0
732712,operating_cash_flow,2017-12-31,24318000000.0
732712,operating_cash_flow,2018-12-31,34339000000.0
732712,operating_cash_flow,2019-12-31,35746000000.0
732712,operating_cash_flow,2020-12-31,41768000000.0
732712,operating_cash_flow,2021-12-31,39539000000.0
732712,operating_cash_flow,2022-12-31,37141000000.0
732712,operating_cash_flow,2023-12-31,37475000000.0
732712,operating_cash_flow,2024-12-31,36912000000.0
732712,operating_cash_flow,2025-12-31,37137000000.0
732712,operating_cash_flow,2007-12-31,27409000000.0
789019,revenue,2016-06-30,91154000000.0
789019,revenue,2017-06-30,96571000000.0
789019,revenue,2018-06-30,110360000000.0
789019,revenue,2019-06-30,125843000000.0
789019,revenue,2020-06-30,143015000000.0
789019,revenue,2021-06-30,168088000000.0
789019,revenue,2022-06-30,198270000000.0
789019,revenue,2023-06-30,211915000000.0
789019,revenue,2024-06-30,245122000000.0
789019,revenue,2025-06-30,281724000000.0
789019,revenue,2026-06-30,331839000000.0
789019,revenue,2008-06-30,60420000000.0
789019,revenue,2009-06-30,58437000000.0
789019,revenue,2010-06-30,62484000000.0
789019,revenue,2011-06-30,69943000000.0
789019,revenue,2012-06-30,73723000000.0
789019,revenue,2013-06-30,77849000000.0
789019,revenue,2014-06-30,86833000000.0
789019,revenue,2015-06-30,93580000000.0
789019,revenue,2016-06-30,85320000000.0
789019,revenue,2017-06-30,89950000000.0
789019,revenue,2014-06-30,72948000000.0
789019,revenue,2015-06-30,75956000000.0
789019,revenue,2016-06-30,61502000000.0
789019,revenue,2017-06-30,57190000000.0
789019,operating_income,2008-06-30,22271000000.0
789019,operating_income,2009-06-30,20363000000.0
789019,operating_income,2010-06-30,24098000000.0
789019,operating_income,2011-06-30,27161000000.0
789019,operating_income,2012-06-30,21763000000.0
789019,operating_income,2013-06-30,26764000000.0
789019,operating_income,2014-06-30,27759000000.0
789019,operating_income,2015-06-30,18161000000.0
789019,operating_income,2016-06-30,20182000000.0
789019,operating_income,2016-06-30,26078000000.0
789019,operating_income,2017-06-30,22326000000.0
789019,operating_income,2017-06-30,29025000000.0
789019,operating_income,2018-06-30,35058000000.0
789019,operating_income,2019-06-30,42959000000.0
789019,operating_income,2020-06-30,52959000000.0
789019,operating_income,2021-06-30,69916000000.0
789019,operating_income,2022-06-30,83383000000.0
789019,operating_income,2023-06-30,88523000000.0
789019,operating_income,2024-06-30,109433000000.0
789019,operating_income,2025-06-30,128528000000.0
789019,operating_income,2026-06-30,155237000000.0
789019,net_income,2008-06-30,17681000000.0
789019,net_income,2009-06-30,14569000000.0
789019,net_income,2010-06-30,18760000000.0
789019,net_income,2011-06-30,23150000000.0
789019,net_income,2012-06-30,16978000000.0
789019,net_income,2013-06-30,21863000000.0
789019,net_income,2014-06-30,22074000000.0
789019,net_income,2015-06-30,12193000000.0
789019,net_income,2016-06-30,16798000000.0
789019,net_income,2016-06-30,20539000000.0
789019,net_income,2017-06-30,21204000000.0
789019,net_income,2017-06-30,25489000000.0
789019,net_income,2018-06-30,16571000000.0
789019,net_income,2019-06-30,39240000000.0
789019,net_income,2020-06-30,44281000000.0
789019,net_income,2021-06-30,61271000000.0
789019,net_income,2022-06-30,72738000000.0
789019,net_income,2023-06-30,72361000000.0
789019,net_income,2024-06-30,88136000000.0
789019,net_income,2025-06-30,101832000000.0
789019,net_income,2026-06-30,133749000000.0
789019,eps_diluted,2008-06-30,1.87
789019,eps_diluted,2009-06-30,1.62
789019,eps_diluted,2010-06-30,2.1
789019,eps_diluted,2011-06-30,2.69
789019,eps_diluted,2012-06-30,2.0
789019,eps_diluted,2013-06-30,2.58
789019,eps_diluted,2014-06-30,2.63
789019,eps_diluted,2015-06-30,1.48
789019,eps_diluted,2016-06-30,2.1
789019,eps_diluted,2016-06-30,2.56
789019,eps_diluted,2017-06-30,2.71
789019,eps_diluted,2017-06-30,3.25
789019,eps_diluted,2018-06-30,2.13
789019,eps_diluted,2019-06-30,5.06
789019,eps_diluted,2020-06-30,5.76
789019,eps_diluted,2021-06-30,8.05
789019,eps_diluted,2022-06-30,9.65
789019,eps_diluted,2023-06-30,9.68
789019,eps_diluted,2024-06-30,11.8
789019,eps_diluted,2025-06-30,13.64
789019,eps_diluted,2026-06-30,17.95
789019,total_assets,2009-06-30,77888000000.0
789019,total_assets,2010-06-30,86113000000.0
789019,total_assets,2011-06-30,108704000000.0
789019,total_assets,2012-06-30,121271000000.0
789019,total_assets,2013-06-30,142431000000.0
789019,total_assets,2014-06-30,172384000000.0
789019,total_assets,2015-06-30,176223000000.0
789019,total_assets,2015-06-30,174472000000.0
789019,total_assets,2016-06-30,193694000000.0
789019,total_assets,2016-06-30,193468000000.0
789019,total_assets,2017-06-30,241086000000.0
789019,total_assets,2017-06-30,250312000000.0
789019,total_assets,2018-06-30,258848000000.0
789019,total_assets,2019-06-30,286556000000.0
789019,total_assets,2020-06-30,301311000000.0
789019,total_assets,2021-06-30,333779000000.0
789019,total_assets,2022-06-30,364840000000.0
789019,total_assets,2023-06-30,411976000000.0
789019,total_assets,2024-06-30,512163000000.0
789019,total_assets,2025-06-30,619003000000.0
789019,total_assets,2026-06-30,758376000000.0
789019,total_liabilities,2010-06-30,39938000000.0
789019,total_liabilities,2011-06-30,51621000000.0
789019,total_liabilities,2012-06-30,54908000000.0
789019,total_liabilities,2013-06-30,63487000000.0
789019,total_liabilities,2014-06-30,82600000000.0
789019,total_liabilities,2015-06-30,96140000000.0
789019,total_liabilities,2015-06-30,94389000000.0
789019,total_liabilities,2016-06-30,121697000000.0
789019,total_liabilities,2016-06-30,121471000000.0
789019,total_liabilities,2017-06-30,168692000000.0
789019,total_liabilities,2017-06-30,162601000000.0
789019,total_liabilities,2018-06-30,176130000000.0
789019,total_liabilities,2019-06-30,184226000000.0
789019,total_liabilities,2020-06-30,183007000000.0
789019,total_liabilities,2021-06-30,191791000000.0
789019,total_liabilities,2022-06-30,198298000000.0
789019,total_liabilities,2023-06-30,205753000000.0
789019,total_liabilities,2024-06-30,243686000000.0
789019,total_liabilities,2025-06-30,275524000000.0
789019,total_liabilities,2026-06-30,315989000000.0
789019,stockholders_equity,2008-06-30,36286000000.0
789019,stockholders_equity,2009-06-30,39558000000.0
789019,stockholders_equity,2010-06-30,46175000000.0
789019,stockholders_equity,2011-06-30,57083000000.0
789019,stockholders_equity,2012-06-30,66363000000.0
789019,stockholders_equity,2013-06-30,78944000000.0
789019,stockholders_equity,2014-06-30,89784000000.0
789019,stockholders_equity,2015-06-30,80083000000.0
789019,stockholders_equity,2016-06-30,71997000000.0
789019,stockholders_equity,2016-06-30,83090000000.0
789019,stockholders_equity,2017-06-30,72394000000.0
789019,stockholders_equity,2017-06-30,87711000000.0
789019,stockholders_equity,2018-06-30,82718000000.0
789019,stockholders_equity,2019-06-30,102330000000.0
789019,stockholders_equity,2020-06-30,118304000000.0
789019,stockholders_equity,2021-06-30,141988000000.0
789019,stockholders_equity,2022-06-30,166542000000.0
789019,stockholders_equity,2023-06-30,206223000000.0
789019,stockholders_equity,2024-06-30,268477000000.0
789019,stockholders_equity,2025-06-30,343479000000.0
789019,stockholders_equity,2026-06-30,442387000000.0
789019,cash_and_equivalents,2007-06-30,6111000000.0
789019,cash_and_equivalents,2008-06-30,10339000000.0
789019,cash_and_equivalents,2009-06-30,6076000000.0
789019,cash_and_equivalents,2010-06-30,5505000000.0
789019,cash_and_equivalents,2011-06-30,9610000000.0
789019,cash_and_equivalents,2012-06-30,6938000000.0
789019,cash_and_equivalents,2013-06-30,3804000000.0
789019,cash_and_equivalents,2014-06-30,8669000000.0
789019,cash_and_equivalents,2015-06-30,5595000000.0
789019,cash_and_equivalents,2016-06-30,6510000000.0
789019,cash_and_equivalents,2017-06-30,7663000000.0
789019,cash_and_equivalents,2018-06-30,11946000000.0
789019,cash_and_equivalents,2019-06-30,11356000000.0
789019,cash_and_equivalents,2020-06-30,13576000000.0
789019,cash_and_equivalents,2021-06-30,14224000000.0
789019,cash_and_equivalents,2022-06-30,13931000000.0
789019,cash_and_equivalents,2023-06-30,34704000000.0
789019,cash_and_equivalents,2024-06-30,18315000000.0
789019,cash_and_equivalents,2025-06-30,30242000000.0
789019,cash_and_equivalents,2026-06-30,20935000000.0
789019,operating_cash_flow,2008-06-30,21612000000.0
789019,operating_cash_flow,2009-06-30,19037000000.0
789019,operating_cash_flow,2010-06-30,24073000000.0
789019,operating_cash_flow,2011-06-30,26994000000.0
789019,operating_cash_flow,2012-06-30,31626000000.0
789019,operating_cash_flow,2013-06-30,28833000000.0
789019,operating_cash_flow,2016-06-30,33325000000.0
789019,operating_cash_flow,2017-06-30,39507000000.0
789019,operating_cash_flow,2018-06-30,43884000000.0
789019,operating_cash_flow,2019-06-30,52185000000.0
789019,operating_cash_flow,2020-06-30,60675000000.0
789019,operating_cash_flow,2021-06-30,76740000000.0
789019,operating_cash_flow,2022-06-30,89035000000.0
789019,operating_cash_flow,2023-06-30,87582000000.0
789019,operating_cash_flow,2024-06-30,118548000000.0
789019,operating_cash_flow,2025-06-30,136162000000.0
789019,operating_cash_flow,2026-06-30,182935000000.0
789019,operating_cash_flow,2014-06-30,32231000000.0
789019,operating_cash_flow,2014-06-30,32502000000.0
789019,operating_cash_flow,2015-06-30,29080000000.0
789019,operating_cash_flow,2015-06-30,29668000000.0
858877,revenue,2017-07-29,48005000000.0
858877,revenue,2018-07-28,49330000000.0
858877,revenue,2019-07-27,51904000000.0
858877,revenue,2020-07-25,49301000000.0
858877,revenue,2021-07-31,49818000000.0
858877,revenue,2022-07-30,51557000000.0
858877,revenue,2023-07-29,56998000000.0
858877,revenue,2024-07-27,53803000000.0
858877,revenue,2025-07-26,56654000000.0
858877,revenue,2026-07-25,63325000000.0
858877,revenue,2010-07-31,40040000000.0
858877,revenue,2011-07-30,43218000000.0
858877,revenue,2012-07-28,46061000000.0
858877,revenue,2013-07-27,48607000000.0
858877,revenue,2014-07-26,47142000000.0
858877,revenue,2015-07-25,49161000000.0
858877,revenue,2016-07-30,49247000000.0
858877,revenue,2008-07-26,39540000000.0
858877,revenue,2009-07-25,36117000000.0
858877,revenue,2008-07-26,33099000000.0
858877,revenue,2009-07-25,29131000000.0
858877,revenue,2010-07-31,32420000000.0
858877,revenue,2011-07-30,34526000000.0
858877,revenue,2012-07-28,36326000000.0
858877,revenue,2013-07-27,38029000000.0
858877,revenue,2014-07-26,36172000000.0
858877,revenue,2015-07-25,37750000000.0
858877,revenue,2016-07-30,37254000000.0
858877,revenue,2017-07-29,35705000000.0
858877,operating_income,2008-07-26,9442000000.0
858877,operating_income,2009-07-25,7322000000.0
858877,operating_income,2010-07-31,9164000000.0
858877,operating_income,2011-07-30,7674000000.0
858877,operating_income,2012-07-28,10065000000.0
858877,operating_income,2013-07-27,11196000000.0
858877,operating_income,2014-07-26,9345000000.0
858877,operating_income,2015-07-25,10770000000.0
858877,operating_income,2016-07-30,12660000000.0
858877,operating_income,2017-07-29,11973000000.0
858877,operating_income,2018-07-28,12309000000.0
858877,operating_income,2019-07-27,14219000000.0
858877,operating_income,2020-07-25,13620000000.0
858877,operating_income,2021-07-31,12833000000.0
858877,operating_income,2022-07-30,13969000000.0
858877,operating_income,2023-07-29,15031000000.0
858877,operating_income,2024-07-27,12181000000.0
858877,operating_income,2025-07-26,11760000000.0
858877,operating_income,2026-07-25,15368000000.0
858877,net_income,2008-07-26,8052000000.0
858877,net_income,2009-07-25,6134000000.0
858877,net_income,2010-07-31,7767000000.0
858877,net_income,2011-07-30,6490000000.0
858877,net_income,2012-07-28,8041000000.0
858877,net_income,2013-07-27,9983000000.0
858877,net_income,2014-07-26,7853000000.0
858877,net_income,2015-07-25,8981000000.0
858877,net_income,2016-07-30,10739000000.0
858877,net_income,2017-07-29,9609000000.0
858877,net_income,2018-07-28,110000000.0
858877,net_income,2019-07-27,11621000000.0
858877,net_income,2020-07-25,11214000000.0
858877,net_income,2021-07-31,10591000000.0
858877,net_income,2022-07-30,11812000000.0
858877,net_income,2023-07-29,12613000000.0
858877,net_income,2024-07-27,10320000000.0
858877,net_income,2025-07-26,10180000000.0
858877,net_income,2026-07-25,13267000000.0
858877,eps_diluted,2008-07-26,1.31
858877,eps_diluted,2009-07-25,1.05
858877,eps_diluted,2010-07-31,1.33
858877,eps_diluted,2011-07-30,1.17
858877,eps_diluted,2012-07-28,1.49
858877,eps_diluted,2013-07-27,1.86
858877,eps_diluted,2014-07-26,1.49
858877,eps_diluted,2015-07-25,1.75
858877,eps_diluted,2016-07-30,2.11
858877,eps_diluted,2017-07-29,1.9
858877,eps_diluted,2018-07-28,0.02
858877,eps_diluted,2019-07-27,2.61
858877,eps_diluted,2020-07-25,2.64
858877,eps_diluted,2021-07-31,2.5
858877,eps_diluted,2022-07-30,2.82
858877,eps_diluted,2023-07-29,3.07
858877,eps_diluted,2024-07-27,2.54
858877,eps_diluted,2025-07-26,2.55
858877,eps_diluted,2026-07-25,3.33
858877,total_assets,2009-07-25,68128000000.0
858877,total_assets,2010-07-31,81130000000.0
858877,total_assets,2011-07-30,87095000000.0
858877,total_assets,2012-07-28,91759000000.0
858877,total_assets,2013-07-27,101191000000.0
858877,total_assets,2014-07-26,105134000000.0
858877,total_assets,2014-07-26,105070000000.0
858877,total_assets,2015-07-25,113481000000.0
858877,total_assets,2015-07-25,113373000000.0
858877,total_assets,2016-07-30,121652000000.0
858877,total_assets,2017-07-29,129818000000.0
858877,total_assets,2018-07-28,108784000000.0
858877,total_assets,2018-07-29,109872000000.0
858877,total_assets,2019-07-27,97793000000.0
858877,total_assets,2020-07-25,94853000000.0
858877,total_assets,2021-07-31,97497000000.0
858877,total_assets,2022-07-30,94002000000.0
858877,total_assets,2023-07-29,101852000000.0
858877,total_assets,2024-07-27,124413000000.0
858877,total_assets,2025-07-26,122291000000.0
858877,total_assets,2026-07-25,129637000000.0
858877,total_liabilities,2009-07-25,29451000000.0
858877,total_liabilities,2010-07-31,36845000000.0
858877,total_liabilities,2011-07-30,39836000000.0
858877,total_liabilities,2012-07-28,40458000000.0
858877,total_liabilities,2013-07-27,42063000000.0
858877,total_liabilities,2014-07-26,48473000000.0
858877,total_liabilities,2014-07-26,48409000000.0
858877,total_liabilities,2015-07-25,53774000000.0
858877,total_liabilities,2015-07-25,53666000000.0
858877,total_liabilities,2016-07-30,58067000000.0
858877,total_liabilities,2017-07-29,63681000000.0
858877,total_liabilities,2018-07-28,65580000000.0
858877,total_liabilities,2019-07-27,64222000000.0
858877,total_liabilities,2020-07-25,56933000000.0
858877,total_liabilities,2021-07-31,56222000000.0
858877,total_liabilities,2022-07-30,54229000000.0
858877,total_liabilities,2023-07-29,57499000000.0
858877,total_liabilities,2024-07-27,78956000000.0
858877,total_liabilities,2025-07-26,75448000000.0
858877,total_liabilities,2026-07-25,79352000000.0
858877,stockholders_equity,2009-07-25,38647000000.0
858877,stockholders_equity,2010-07-31,44267000000.0
858877,stockholders_equity,2011-07-30,47226000000.0
858877,stockholders_equity,2012-07-28,51286000000.0
858877,stockholders_equity,2013-07-27,59120000000.0
858877,stockholders_equity,2014-07-26,56654000000.0
858877,stockholders_equity,2015-07-25,59698000000.0
858877,stockholders_equity,2016-07-30,63586000000.0
858877,stockholders_equity,2017-07-29,66137000000.0
858877,stockholders_equity,2018-07-28,43204000000.0
858877,stockholders_equity,2019-07-27,33571000000.0
858877,stockholders_equity,2020-07-25,37920000000.0
858877,stockholders_equity,2021-07-31,41275000000.0
858877,stockholders_equity,2022-07-30,39773000000.0
858877,stockholders_equity,2023-07-29,44353000000.0
858877,stockholders_equity,2024-07-27,45457000000.0
858877,stockholders_equity,2025-07-26,46843000000.0
858877,stockholders_equity,2026-07-25,50285000000.0
858877,stockholders_equity,2007-07-28,31941000000.0
858877,stockholders_equity,2008-07-26,34402000000.0
858877,stockholders_equity,2009-07-25,38677000000.0
858877,stockholders_equity,2010-07-31,44285000000.0
858877,stockholders_equity,2011-07-30,47259000000.0
858877,stockholders_equity,2012-07-28,51301000000.0
858877,stockholders_equity,2013-07-27,59128000000.0
858877,stockholders_equity,2014-07-26,56661000000.0
858877,stockholders_equity,2015-07-25,59707000000.0
858877,stockholders_equity,2016-07-30,63585000000.0
858877,cash_and_equivalents,2007-07-28,3728000000.0
858877,cash_and_equivalents,2008-07-26,5191000000.0
858877,cash_and_equivalents,2009-07-25,5718000000.0
858877,cash_and_equivalents,2010-07-31,4581000000.0
858877,cash_and_equivalents,2011-07-30,7662000000.0
858877,cash_and_equivalents,2012-07-28,9799000000.0
858877,cash_and_equivalents,2013-07-27,7925000000.0
858877,cash_and_equivalents,2014-07-26,6726000000.0
858877,cash_and_equivalents,2015-07-25,6877000000.0
858877,cash_and_equivalents,2016-07-30,7631000000.0
858877,cash_and_equivalents,2017-07-29,11708000000.0
858877,cash_and_equivalents,2018-07-28,8934000000.0
858877,cash_and_equivalents,2019-07-27,11750000000.0
858877,cash_and_equivalents,2020-07-25,11809000000.0
858877,cash_and_equivalents,2021-07-31,9175000000.0
858877,cash_and_equivalents,2022-07-30,7079000000.0
858877,cash_and_equivalents,2023-07-29,10123000000.0
858877,cash_and_equivalents,2024-07-27,7508000000.0
858877,cash_and_equivalents,2025-07-26,8346000000.0
858877,cash_and_equivalents,2026-07-25,7218000000.0
858877,cash_and_equivalents,2016-07-30,7739000000.0
858877,cash_and_equivalents,2017-07-29,11773000000.0
858877,cash_and_equivalents,2018-07-28,8993000000.0
858877,cash_and_equivalents,2019-07-27,11772000000.0
858877,cash_and_equivalents,2020-07-25,11812000000.0
858877,cash_and_equivalents,2021-07-31,9942000000.0
858877,cash_and_equivalents,2022-07-30,8579000000.0
858877,cash_and_equivalents,2023-07-29,11627000000.0
858877,cash_and_equivalents,2024-07-27,8842000000.0
858877,cash_and_equivalents,2025-07-26,8910000000.0
858877,cash_and_equivalents,2026-07-25,7227000000.0
858877,operating_cash_flow,2008-07-26,12089000000.0
858877,operating_cash_flow,2009-07-25,9897000000.0
858877,operating_cash_flow,2010-07-31,10173000000.0
858877,operating_cash_flow,2011-07-30,10079000000.0
858877,operating_cash_flow,2012-07-28,11491000000.0
858877,operating_cash_flow,2013-07-27,12894000000.0
858877,operating_cash_flow,2016-07-30,13570000000.0
858877,operating_cash_flow,2017-07-29,13876000000.0
858877,operating_cash_flow,2018-07-28,13666000000.0
858877,operating_cash_flow,2019-07-27,15831000000.0
858877,operating_cash_flow,2020-07-25,15426000000.0
858877,operating_cash_flow,2021-07-31,15454000000.0
858877,operating_cash_flow,2022-07-30,13226000000.0
858877,operating_cash_flow,2023-07-29,19886000000.0
858877,operating_cash_flow,2024-07-27,10880000000.0
858877,operating_cash_flow,2025-07-26,14193000000.0
858877,operating_cash_flow,2026-07-25,14177000000.0
858877,operating_cash_flow,2014-07-26,12332000000.0
858877,operating_cash_flow,2015-07-25,12552000000.0
909832,revenue,2016-08-28,118719000000.0
909832,revenue,2017-09-03,129025000000.0
909832,revenue,2018-09-02,141576000000.0
909832,revenue,2019-09-01,152703000000.0
909832,revenue,2020-08-30,166761000000.0
909832,revenue,2021-08-29,195929000000.0
909832,revenue,2022-08-28,226954000000.0
909832,revenue,2023-09-03,242290000000.0
909832,revenue,2024-09-01,254453000000.0
909832,revenue,2025-08-31,275235000000.0
909832,revenue,2008-08-31,72483000000.0
909832,revenue,2009-08-30,71422000000.0
909832,revenue,2010-08-29,77946000000.0
909832,revenue,2011-08-28,88915000000.0
909832,revenue,2012-09-02,99137000000.0
909832,revenue,2013-09-01,105156000000.0
909832,revenue,2014-08-31,112640000000.0
909832,revenue,2015-08-30,116199000000.0
909832,revenue,2008-08-31,70977000000.0
909832,revenue,2009-08-30,69889000000.0
909832,revenue,2010-08-29,76255000000.0
909832,revenue,2011-08-28,87048000000.0
909832,revenue,2012-09-02,97062000000.0
909832,revenue,2013-09-01,102870000000.0
909832,revenue,2014-08-31,110212000000.0
909832,revenue,2015-08-30,113666000000.0
909832,revenue,2016-08-28,116073000000.0
909832,revenue,2017-09-03,126172000000.0
909832,operating_income,2008-08-31,1969000000.0
909832,operating_income,2009-08-30,1777000000.0
909832,operating_income,2010-08-29,2077000000.0
909832,operating_income,2011-08-28,2439000000.0
909832,operating_income,2012-09-02,2759000000.0
909832,operating_income,2013-09-01,3053000000.0
909832,operating_income,2014-08-31,3220000000.0
909832,operating_income,2015-08-30,3624000000.0
909832,operating_income,2016-08-28,3672000000.0
909832,operating_income,2017-09-03,4111000000.0
909832,operating_income,2018-09-02,4480000000.0
909832,operating_income,2019-09-01,4737000000.0
909832,operating_income,2020-08-30,5435000000.0
909832,operating_income,2021-08-29,6708000000.0
909832,operating_income,2022-08-28,7793000000.0
909832,operating_income,2023-09-03,8114000000.0
909832,operating_income,2024-09-01,9285000000.0
909832,operating_income,2025-08-31,10383000000.0
909832,net_income,2008-08-31,1283000000.0
909832,net_income,2009-08-30,1086000000.0
909832,net_income,2010-08-29,1303000000.0
909832,net_income,2011-08-28,1462000000.0
909832,net_income,2012-09-02,1709000000.0
909832,net_income,2013-09-01,2039000000.0
909832,net_income,2014-08-31,2058000000.0
909832,net_income,2015-08-30,2377000000.0
909832,net_income,2016-08-28,2350000000.0
909832,net_income,2017-09-03,2679000000.0
909832,net_income,2018-09-02,3134000000.0
909832,net_income,2019-09-01,3659000000.0
909832,net_income,2020-08-30,4002000000.0
909832,net_income,2021-08-29,5007000000.0
909832,net_income,2022-08-28,5844000000.0
909832,net_income,2023-09-03,6292000000.0
909832,net_income,2024-09-01,7367000000.0
909832,net_income,2025-08-31,8099000000.0
909832,net_income,2008-08-31,1295000000.0
909832,net_income,2009-08-30,1099000000.0
909832,net_income,2010-08-29,1323000000.0
909832,net_income,2011-08-28,1542000000.0
909832,net_income,2012-09-02,1767000000.0
909832,net_income,2013-09-01,2061000000.0
909832,net_income,2014-08-31,2088000000.0
909832,net_income,2015-08-30,2409000000.0
909832,net_income,2016-08-28,2376000000.0
909832,net_income,2017-09-03,2714000000.0
909832,net_income,2018-09-02,3179000000.0
909832,net_income,2019-09-01,3704000000.0
909832,net_income,2020-08-30,4059000000.0
909832,net_income,2021-08-29,5079000000.0
909832,net_income,2022-08-28,5915000000.0
909832,eps_diluted,2009-08-30,2.47
909832,eps_diluted,2010-08-29,2.92
909832,eps_diluted,2011-08-28,3.3
909832,eps_diluted,2012-09-02,3.89
909832,eps_diluted,2013-09-01,4.63
909832,eps_diluted,2014-08-31,4.65
909832,eps_diluted,2015-08-30,5.37
909832,eps_diluted,2016-08-28,5.33
909832,eps_diluted,2017-09-03,6.08
909832,eps_diluted,2018-09-02,7.09
909832,eps_diluted,2019-09-01,8.26
909832,eps_diluted,2020-08-30,9.02
909832,eps_diluted,2021-08-29,11.27
909832,eps_diluted,2022-08-28,13.14
909832,eps_diluted,2023-09-03,14.16
909832,eps_diluted,2024-09-01,16.56
909832,eps_diluted,2025-08-31,18.21
909832,total_assets,2008-08-31,20682000000.0
909832,total_assets,2009-08-30,21979000000.0
909832,total_assets,2010-08-29,23815000000.0
909832,total_assets,2011-08-28,26761000000.0
909832,total_assets,2012-09-02,27140000000.0
909832,total_assets,2013-09-01,30283000000.0
909832,total_assets,2014-08-31,33024000000.0
909832,total_assets,2014-08-31,32662000000.0
909832,total_assets,2015-08-30,33440000000.0
909832,total_assets,2015-08-30,33017000000.0
909832,total_assets,2016-08-28,33163000000.0
909832,total_assets,2017-09-03,36347000000.0
909832,total_assets,2018-09-02,40830000000.0
909832,total_assets,2019-09-01,45400000000.0
909832,total_assets,2020-08-30,55556000000.0
909832,total_assets,2021-08-29,59268000000.0
909832,total_assets,2022-08-28,64166000000.0
909832,total_assets,2023-09-03,68994000000.0
909832,total_assets,2024-09-01,69831000000.0
909832,total_assets,2025-08-31,77099000000.0
909832,total_liabilities,2009-08-30,11875000000.0
909832,total_liabilities,2010-08-29,12885000000.0
909832,total_liabilities,2011-08-28,14188000000.0
909832,total_liabilities,2012-09-02,14622000000.0
909832,total_liabilities,2013-09-01,19271000000.0
909832,total_liabilities,2014-08-31,20509000000.0
909832,total_liabilities,2015-08-30,22597000000.0
909832,total_liabilities,2015-08-30,22174000000.0
909832,total_liabilities,2016-08-28,20831000000.0
909832,total_liabilities,2017-09-03,25268000000.0
909832,total_liabilities,2018-09-02,27727000000.0
909832,total_liabilities,2019-09-01,29816000000.0
909832,total_liabilities,2020-08-30,36851000000.0
909832,total_liabilities,2021-08-29,41190000000.0
909832,total_liabilities,2022-08-28,43519000000.0
909832,total_liabilities,2023-09-03,43936000000.0
909832,total_liabilities,2024-09-01,46209000000.0
909832,total_liabilities,2025-08-31,47935000000.0
909832,stockholders_equity,2009-08-30,10024000000.0
909832,stockholders_equity,2010-08-29,10829000000.0
909832,stockholders_equity,2011-08-28,12002000000.0
909832,stockholders_equity,2012-09-02,12361000000.0
909832,stockholders_equity,2013-09-01,10833000000.0
909832,stockholders_equity,2014-08-31,12303000000.0
909832,stockholders_equity,2015-08-30,10617000000.0
909832,stockholders_equity,2016-08-28,12079000000.0
909832,stockholders_equity,2017-09-03,10778000000.0
909832,stockholders_equity,2018-09-02,12799000000.0
909832,stockholders_equity,2019-09-01,15243000000.0
909832,stockholders_equity,2020-08-30,18284000000.0
909832,stockholders_equity,2021-08-29,17564000000.0
909832,stockholders_equity,2022-08-28,20642000000.0
909832,stockholders_equity,2023-09-03,25058000000.0
909832,stockholders_equity,2024-09-01,23622000000.0
909832,stockholders_equity,2025-08-31,29164000000.0
909832,stockholders_equity,2007-09-02,8687000000.0
909832,stockholders_equity,2008-08-31,9274000000.0
909832,stockholders_equity,2009-08-30,10104000000.0
909832,stockholders_equity,2010-08-29,10930000000.0
909832,stockholders_equity,2011-08-28,12573000000.0
909832,stockholders_equity,2012-09-02,12518000000.0
909832,stockholders_equity,2013-09-01,11012000000.0
909832,stockholders_equity,2014-08-31,12515000000.0
909832,stockholders_equity,2015-08-30,10843000000.0
909832,stockholders_equity,2016-08-28,12332000000.0
909832,stockholders_equity,2017-09-03,11079000000.0
909832,stockholders_equity,2018-09-02,13103000000.0
909832,stockholders_equity,2019-09-01,15584000000.0
909832,stockholders_equity,2020-08-30,18705000000.0
909832,stockholders_equity,2021-08-29,18078000000.0
909832,stockholders_equity,2022-08-28,20647000000.0
909832,cash_and_equivalents,2007-09-02,2780000000.0
909832,cash_and_equivalents,2008-08-31,2619000000.0
909832,cash_and_equivalents,2009-08-30,3157000000.0
909832,cash_and_equivalents,2010-08-29,3214000000.0
909832,cash_and_equivalents,2011-08-28,4009000000.0
909832,cash_and_equivalents,2012-09-02,3528000000.0
909832,cash_and_equivalents,2013-09-01,4644000000.0
909832,cash_and_equivalents,2014-08-31,5738000000.0
909832,cash_and_equivalents,2015-08-30,4801000000.0
909832,cash_and_equivalents,2016-08-28,3379000000.0
909832,cash_and_equivalents,2017-09-03,4546000000.0
909832,cash_and_equivalents,2018-09-02,6055000000.0
909832,cash_and_equivalents,2019-09-01,8384000000.0
909832,cash_and_equivalents,2020-08-30,12277000000.0
909832,cash_and_equivalents,2021-08-29,11258000000.0
909832,cash_and_equivalents,2022-08-28,10203000000.0
909832,cash_and_equivalents,2023-09-03,13700000000.0
909832,cash_and_equivalents,2024-09-01,9906000000.0
909832,cash_and_equivalents,2025-08-31,14161000000.0
909832,operating_cash_flow,2008-08-31,2206000000.0
909832,operating_cash_flow,2009-08-30,2092000000.0
909832,operating_cash_flow,2010-08-29,2780000000.0
909832,operating_cash_flow,2011-08-28,3198000000.0
909832,operating_cash_flow,2012-09-02,3057000000.0
909832,operating_cash_flow,2013-09-01,3437000000.0
909832,operating_cash_flow,2014-08-31,3984000000.0
909832,operating_cash_flow,2017-09-03,6726000000.0
909832,operating_cash_flow,2018-09-02,5774000000.0
909832,operating_cash_flow,2019-09-01,6356000000.0
909832,operating_cash_flow,2020-08-30,8861000000.0
909832,operating_cash_flow,2021-08-29,8958000000.0
909832,operating_cash_flow,2022-08-28,7392000000.0
909832,operating_cash_flow,2023-09-03,11068000000.0
909832,operating_cash_flow,2024-09-01,11339000000.0
909832,operating_cash_flow,2025-08-31,13335000000.0
909832,operating_cash_flow,2015-08-30,4285000000.0
909832,operating_cash_flow,2016-08-28,3292000000.0
1018724,revenue,2016-12-31,135987000000.0
1018724,revenue,2017-12-31,177866000000.0
1018724,revenue,2018-12-31,232887000000.0
1018724,revenue,2019-12-31,280522000000.0
1018724,revenue,2020-12-31,386064000000.0
1018724,revenue,2021-12-31,469822000000.0
1018724,revenue,2022-12-31,513983000000.0
1018724,revenue,2023-12-31,574785000000.0
1018724,revenue,2024-12-31,637959000000.0
1018724,revenue,2025-12-31,716924000000.0
1018724,revenue,2007-12-31,14835000000.0
1018724,revenue,2008-12-31,19166000000.0
1018724,revenue,2009-12-31,24509000000.0
1018724,revenue,2010-12-31,34204000000.0
1018724,revenue,2011-12-31,48077000000.0
1018724,revenue,2012-12-31,61093000000.0
1018724,revenue,2013-12-31,74452000000.0
1018724,revenue,2014-12-31,88988000000.0
1018724,revenue,2015-12-31,107006000000.0
1018724,revenue,2009-12-31,22273000000.0
1018724,revenue,2010-12-31,30792000000.0
1018724,revenue,2011-12-31,42000000000.0
1018724,revenue,2012-12-31,51733000000.0
1018724,revenue,2013-12-31,60903000000.0
1018724,revenue,2014-12-31,70080000000.0
1018724,revenue,2015-12-31,79268000000.0
1018724,revenue,2016-12-31,94665000000.0
1018724,revenue,2017-12-31,118573000000.0
1018724,operating_income,2007-12-31,655000000.0
1018724,operating_income,2008-12-31,842000000.0
1018724,operating_income,2009-12-31,1129000000.0
1018724,operating_income,2010-12-31,1406000000.0
1018724,operating_income,2011-12-31,862000000.0
1018724,operating_income,2012-12-31,676000000.0
1018724,operating_income,2013-12-31,745000000.0
1018724,operating_income,2014-12-31,178000000.0
1018724,operating_income,2015-12-31,2233000000.0
1018724,operating_income,2016-12-31,4186000000.0
1018724,operating_income,2017-12-31,4106000000.0
1018724,operating_income,2018-12-31,12421000000.0
1018724,operating_income,2019-12-31,14541000000.0
1018724,operating_income,2020-12-31,22899000000.0
1018724,operating_income,2021-12-31,24879000000.0
1018724,operating_income,2022-12-31,12248000000.0
1018724,operating_income,2023-12-31,36852000000.0
1018724,operating_income,2024-12-31,68593000000.0
1018724,operating_income,2025-12-31,79975000000.0
1018724,net_income,2007-12-31,476000000.0
1018724,net_income,2008-12-31,645000000.0
1018724,net_income,2009-12-31,902000000.0
1018724,net_income,2010-12-31,1152000000.0
1018724,net_income,2011-12-31,631000000.0
1018724,net_income,2012-12-31,-39000000.0
1018724,net_income,2013-12-31,274000000.0
1018724,net_income,2014-12-31,-241000000.0
1018724,net_income,2015-12-31,596000000.0
1018724,net_income,2016-12-31,2371000000.0
1018724,net_income,2017-12-31,3033000000.0
1018724,net_income,2018-12-31,10073000000.0
1018724,net_income,2019-12-31,11588000000.0
1018724,net_income,2020-12-31,21331000000.0
1018724,net_income,2021-12-31,33364000000.0
1018724,net_income,2022-12-31,-2722000000.0
1018724,net_income,2023-12-31,30425000000.0
1018724,net_income,2024-12-31,59248000000.0
1018724,net_income,2025-12-31,77670000000.0
1018724,eps_diluted,2007-12-31,1.12
1018724,eps_diluted,2008-12-31,1.49
1018724,eps_diluted,2009-12-31,2.04
1018724,eps_diluted,2010-12-31,2.53
1018724,eps_diluted,2011-12-31,1.37
1018724,eps_diluted,2012-12-31,-0.09
1018724,eps_diluted,2013-12-31,0.59
1018724,eps_diluted,2014-12-31,-0.52
1018724,eps_diluted,2015-12-31,1.25
1018724,eps_diluted,2016-12-31,4.9
1018724,eps_diluted,2017-12-31,6.15
1018724,eps_diluted,2018-12-31,20.14
1018724,eps_diluted,2019-12-31,23.01
1018724,eps_diluted,2020-12-31,41.83
1018724,eps_diluted,2020-12-31,2.09
1018724,eps_diluted,2021-12-31,64.81
1018724,eps_diluted,2021-12-31,3.24
1018724,eps_diluted,2022-12-31,-0.27
1018724,eps_diluted,2023-12-31,2.9
1018724,eps_diluted,2024-12-31,5.53
1018724,eps_diluted,2025-12-31,7.17
1018724,total_assets,2008-12-31,8314000000.0
1018724,total_assets,2009-12-31,13813000000.0
1018724,total_assets,2010-12-31,18797000000.0
1018724,total_assets,2011-12-31,25278000000.0
1018724,total_assets,2012-12-31,32555000000.0
1018724,total_assets,2013-12-31,40159000000.0
1018724,total_assets,2014-12-31,54505000000.0
1018724,total_assets,2015-12-31,65444000000.0
1018724,total_assets,2015-12-31,64747000000.0
1018724,total_assets,2016-12-31,83402000000.0
1018724,total_assets,2017-12-31,131310000000.0
1018724,total_assets,2018-12-31,162648000000.0
1018724,total_assets,2019-12-31,225248000000.0
1018724,total_assets,2020-12-31,321195000000.0
1018724,total_assets,2021-12-31,420549000000.0
1018724,total_assets,2022-12-31,462675000000.0
1018724,total_assets,2023-12-31,527854000000.0
1018724,total_assets,2024-12-31,624894000000.0
1018724,total_assets,2025-12-31,818042000000.0
1018724,stockholders_equity,2006-12-31,431000000.0
1018724,stockholders_equity,2007-12-31,1197000000.0
1018724,stockholders_equity,2008-12-31,2672000000.0
1018724,stockholders_equity,2009-12-31,5257000000.0
1018724,stockholders_equity,2010-12-31,6864000000.0
1018724,stockholders_equity,2011-12-31,7757000000.0
1018724,stockholders_equity,2012-12-31,8192000000.0
1018724,stockholders_equity,2013-12-31,9746000000.0
1018724,stockholders_equity,2014-12-31,10741000000.0
1018724,stockholders_equity,2015-12-31,13384000000.0
1018724,stockholders_equity,2016-12-31,19285000000.0
1018724,stockholders_equity,2017-12-31,27709000000.0
1018724,stockholders_equity,2018-12-31,43549000000.0
1018724,stockholders_equity,2019-12-31,62060000000.0
1018724,stockholders_equity,2020-12-31,93404000000.0
1018724,stockholders_equity,2021-12-31,138245000000.0
1018724,stockholders_equity,2022-12-31,146043000000.0
1018724,stockholders_equity,2023-12-31,201875000000.0
1018724,stockholders_equity,2024-12-31,285970000000.0
1018724,stockholders_equity,2025-12-31,411065000000.0
1018724,cash_and_equivalents,2006-12-31,1022000000.0
1018724,cash_and_equivalents,2007-12-31,2539000000.0
1018724,cash_and_equivalents,2008-12-31,2769000000.0
1018724,cash_and_equivalents,2009-12-31,3444000000.0
1018724,cash_and_equivalents,2010-12-31,3777000000.0
1018724,cash_and_equivalents,2011-12-31,5269000000.0
1018724,cash_and_equivalents,2012-12-31,8084000000.0
1018724,cash_and_equivalents,2013-12-31,8658000000.0
1018724,cash_and_equivalents,2014-12-31,14557000000.0
1018724,cash_and_equivalents,2015-12-31,15890000000.0
1018724,cash_and_equivalents,2016-12-31,19334000000.0
1018724,cash_and_equivalents,2017-12-31,20522000000.0
1018724,cash_and_equivalents,2018-12-31,31750000000.0
1018724,cash_and_equivalents,2019-12-31,36092000000.0
1018724,cash_and_equivalents,2020-12-31,42122000000.0
1018724,cash_and_equivalents,2021-12-31,36220000000.0
1018724,cash_and_equivalents,2022-12-31,53888000000.0
1018724,cash_and_equivalents,2023-12-31,73387000000.0
1018724,cash_and_equivalents,2024-12-31,78779000000.0
1018724,cash_and_equivalents,2025-12-31,86810000000.0
1018724,cash_and_equivalents,2015-12-31,16175000000.0
1018724,cash_and_equivalents,2016-12-31,19934000000.0
1018724,cash_and_equivalents,2017-12-31,21856000000.0
1018724,cash_and_equivalents,2018-12-31,32173000000.0
1018724,cash_and_equivalents,2019-12-31,36410000000.0
1018724,cash_and_equivalents,2020-12-31,42377000000.0
1018724,cash_and_equivalents,2021-12-31,36477000000.0
1018724,cash_and_equivalents,2022-12-31,54253000000.0
1018724,cash_and_equivalents,2023-12-31,73890000000.0
1018724,cash_and_equivalents,2024-12-31,82312000000.0
1018724,cash_and_equivalents,2025-12-31,90106000000.0
1018724,operating_cash_flow,2007-12-31,1405000000.0
1018724,operating_cash_flow,2008-12-31,1697000000.0
1018724,operating_cash_flow,2009-12-31,3293000000.0
1018724,operating_cash_flow,2010-12-31,3495000000.0
1018724,operating_cash_flow,2011-12-31,3903000000.0
1018724,operating_cash_flow,2012-12-31,4180000000.0
1018724,operating_cash_flow,2013-12-31,5475000000.0
1018724,operating_cash_flow,2014-12-31,6842000000.0
1018724,operating_cash_flow,2015-12-31,11920000000.0
1018724,operating_cash_flow,2015-12-31,12039000000.0
1018724,operating_cash_flow,2016-12-31,16443000000.0
1018724,operating_cash_flow,2016-12-31,17272000000.0
1018724,operating_cash_flow,2016-12-31,17203000000.0
1018724,operating_cash_flow,2017-12-31,18434000000.0
1018724,operating_cash_flow,2017-12-31,18365000000.0
1018724,operating_cash_flow,2018-12-31,30723000000.0
1018724,operating_cash_flow,2019-12-31,38514000000.0
1018724,operating_cash_flow,2020-12-31,66064000000.0
1018724,operating_cash_flow,2021-12-31,46327000000.0
1018724,operating_cash_flow,2022-12-31,46752000000.0
1018724,operating_cash_flow,2023-12-31,84946000000.0
1018724,operating_cash_flow,2024-12-31,115877000000.0
1018724,operating_cash_flow,2025-12-31,139514000000.0
1045810,revenue,2017-01-29,6910000000.0
1045810,revenue,2018-01-28,9714000000.0
1045810,revenue,2019-01-27,11716000000.0
1045810,revenue,2020-01-26,10918000000.0
1045810,revenue,2021-01-31,16675000000.0
1045810,revenue,2022-01-30,26914000000.0
1045810,revenue,2008-01-27,4097860000.0
1045810,revenue,2009-01-25,3424859000.0
1045810,revenue,2010-01-31,3326445000.0
1045810,revenue,2011-01-30,3543309000.0
1045810,revenue,2012-01-29,3997930000.0
1045810,revenue,2013-01-27,4280159000.0
1045810,revenue,2014-01-26,4130162000.0
1045810,revenue,2014-01-26,4130000000.0
1045810,revenue,2015-01-25,4681507000.0
1045810,revenue,2015-01-25,4682000000.0
1045810,revenue,2016-01-31,5010000000.0
1045810,revenue,2023-01-29,26974000000.0
1045810,revenue,2024-01-28,60922000000.0
1045810,revenue,2025-01-26,130497000000.0
1045810,revenue,2026-01-25,215938000000.0
1045810,operating_income,2008-01-27,836346000.0
1045810,operating_income,2009-01-25,-70700000.0
1045810,operating_income,2010-01-31,-98945000.0
1045810,operating_income,2011-01-30,255747000.0
1045810,operating_income,2012-01-29,648299000.0
1045810,operating_income,2013-01-27,648239000.0
1045810,operating_income,2014-01-26,496227000.0
1045810,operating_income,2014-01-26,496000000.0
1045810,operating_income,2015-01-25,758989000.0
1045810,operating_income,2015-01-25,759000000.0
1045810,operating_income,2016-01-31,747000000.0
1045810,operating_income,2017-01-29,1934000000.0
1045810,operating_income,2018-01-28,3210000000.0
1045810,operating_income,2019-01-27,3804000000.0
1045810,operating_income,2020-01-26,2846000000.0
1045810,operating_income,2021-01-31,4532000000.0
1045810,operating_income,2022-01-30,10041000000.0
1045810,operating_income,2023-01-29,4224000000.0
1045810,operating_income,2024-01-28,32972000000.0
1045810,operating_income,2025-01-26,81453000000.0
1045810,operating_income,2026-01-25,130387000000.0
1045810,net_income,2008-01-27,797645000.0
1045810,net_income,2009-01-25,-30041000.0
1045810,net_income,2010-01-31,-67987000.0
1045810,net_income,2011-01-30,253146000.0
1045810,net_income,2012-01-29,581090000.0
1045810,net_income,2013-01-27,562536000.0
1045810,net_income,2014-01-26,439990000.0
1045810,net_income,2014-01-26,440000000.0
1045810,net_income,2015-01-25,630587000.0
1045810,net_income,2015-01-25,631000000.0
1045810,net_income,2016-01-31,614000000.0
1045810,net_income,2017-01-29,1666000000.0
1045810,net_income,2018-01-28,3047000000.0
1045810,net_income,2019-01-27,4141000000.0
1045810,net_income,2020-01-26,2796000000.0
1045810,net_income,2021-01-31,4332000000.0
1045810,net_income,2022-01-30,9752000000.0
1045810,net_income,2023-01-29,4368000000.0
1045810,net_income,2024-01-28,29760000000.0
1045810,net_income,2025-01-26,72880000000.0
1045810,net_income,2026-01-25,120067000000.0
1045810,eps_diluted,2008-01-27,1.31
1045810,eps_diluted,2009-01-25,-0.05
1045810,eps_diluted,2010-01-31,-0.12
1045810,eps_diluted,2011-01-30,0.43
1045810,eps_diluted,2012-01-29,0.94
1045810,eps_diluted,2013-01-27,0.9
1045810,eps_diluted,2014-01-26,0.74
1045810,eps_diluted,2015-01-25,1.12
1045810,eps_diluted,2016-01-31,1.08
1045810,eps_diluted,2017-01-29,2.57
1045810,eps_diluted,2018-01-28,4.82
1045810,eps_diluted,2019-01-27,6.63
1045810,eps_diluted,2020-01-26,4.52
1045810,eps_diluted,2020-01-26,1.13
1045810,eps_diluted,2021-01-31,6.9
1045810,eps_diluted,2021-01-31,1.73
1045810,eps_diluted,2022-01-30,3.85
1045810,eps_diluted,2023-01-29,1.74
1045810,eps_diluted,2023-01-29,0.17
1045810,eps_diluted,2024-01-28,11.93
1045810,eps_diluted,2024-01-28,1.19
1045810,eps_diluted,2025-01-26,2.94
1045810,eps_diluted,2026-01-25,4.9
1045810,total_assets,2009-01-25,3350727000.0
1045810,total_assets,2010-01-31,3585918000.0
1045810,total_assets,2011-01-30,4495246000.0
1045810,total_assets,2012-01-29,5552928000.0
1045810,total_assets,2013-01-27,6412245000.0
1045810,total_assets,2014-01-26,7250894000.0
1045810,total_assets,2015-01-25,7201368000.0
1045810,total_assets,2015-01-25,7201000000.0
1045810,total_assets,2016-01-31,7370000000.0
1045810,total_assets,2017-01-29,9841000000.0
1045810,total_assets,2018-01-28,11241000000.0
1045810,total_assets,2019-01-27,13292000000.0
1045810,total_assets,2020-01-26,17315000000.0
1045810,total_assets,2021-01-31,28791000000.0
1045810,total_assets,2022-01-30,44187000000.0
1045810,total_assets,2023-01-29,41182000000.0
1045810,total_assets,2024-01-28,65728000000.0
1045810,total_assets,2025-01-26,111601000000.0
1045810,total_assets,2026-01-25,206803000000.0
1045810,total_liabilities,2015-01-25,2783000000.0
1045810,total_liabilities,2016-01-31,2814000000.0
1045810,total_liabilities,2017-01-29,4048000000.0
1045810,total_liabilities,2018-01-28,3770000000.0
1045810,total_liabilities,2019-01-27,3950000000.0
1045810,total_liabilities,2020-01-26,5111000000.0
1045810,total_liabilities,2021-01-31,11898000000.0
1045810,total_liabilities,2022-01-30,17575000000.0
1045810,total_liabilities,2023-01-29,19081000000.0
1045810,total_liabilities,2024-01-28,22750000000.0
1045810,total_liabilities,2025-01-26,32274000000.0
1045810,total_liabilities,2026-01-25,49510000000.0
1045810,stockholders_equity,2007-01-28,2006919000.0
1045810,stockholders_equity,2008-01-27,2617912000.0
1045810,stockholders_equity,2009-01-25,2394652000.0
1045810,stockholders_equity,2010-01-31,2665140000.0
1045810,stockholders_equity,2011-01-30,3181462000.0
1045810,stockholders_equity,2012-01-29,4145724000.0
1045810,stockholders_equity,2013-01-27,4827703000.0
1045810,stockholders_equity,2013-01-27,4827000000.0
1045810,stockholders_equity,2014-01-26,4456398000.0
1045810,stockholders_equity,2014-01-26,4455000000.0
1045810,stockholders_equity,2015-01-25,4417982000.0
1045810,stockholders_equity,2015-01-25,4418000000.0
1045810,stockholders_equity,2016-01-31,4469000000.0
1045810,stockholders_equity,2017-01-29,5762000000.0
1045810,stockholders_equity,2018-01-28,7471000000.0
1045810,stockholders_equity,2019-01-27,9342000000.0
1045810,stockholders_equity,2020-01-26,12204000000.0
1045810,stockholders_equity,2021-01-31,16893000000.0
1045810,stockholders_equity,2022-01-30,26612000000.0
1045810,stockholders_equity,2023-01-29,22101000000.0
1045810,stockholders_equity,2024-01-28,42978000000.0
1045810,stockholders_equity,2025-01-26,79327000000.0
1045810,stockholders_equity,2026-01-25,157293000000.0
1045810,cash_and_equivalents,2007-01-28,544414000.0
1045810,cash_and_equivalents,2008-01-27,726969000.0
1045810,cash_and_equivalents,2009-01-25,417688000.0
1045810,cash_and_equivalents,2010-01-31,447221000.0
1045810,cash_and_equivalents,2011-01-30,665361000.0
1045810,cash_and_equivalents,2012-01-29,667876000.0
1045810,cash_and_equivalents,2013-01-27,732786000.0
1045810,cash_and_equivalents,2013-01-27,733000000.0
1045810,cash_and_equivalents,2014-01-26,1151587000.0
1045810,cash_and_equivalents,2014-01-26,1152000000.0
1045810,cash_and_equivalents,2015-01-25,496654000.0
1045810,cash_and_equivalents,2015-01-25,497000000.0
1045810,cash_and_equivalents,2016-01-31,596000000.0
1045810,cash_and_equivalents,2017-01-29,1766000000.0
1045810,cash_and_equivalents,2018-01-28,4002000000.0
1045810,cash_and_equivalents,2019-01-27,782000000.0
1045810,cash_and_equivalents,2020-01-26,10896000000.0
1045810,cash_and_equivalents,2021-01-31,847000000.0
1045810,cash_and_equivalents,2022-01-30,1990000000.0
1045810,cash_and_equivalents,2023-01-29,3389000000.0
1045810,cash_and_equivalents,2024-01-28,7280000000.0
1045810,cash_and_equivalents,2025-01-26,8589000000.0
1045810,cash_and_equivalents,2026-01-25,10605000000.0
1045810,operating_cash_flow,2008-01-27,1270196000.0
1045810,operating_cash_flow,2009-01-25,249360000.0
1045810,operating_cash_flow,2010-01-31,487807000.0
1045810,operating_cash_flow,2011-01-30,675797000.0
1045810,operating_cash_flow,2012-01-29,909156000.0
1045810,operating_cash_flow,2013-01-27,824172000.0
1045810,operating_cash_flow,2014-01-26,835146000.0
1045810,operating_cash_flow,2014-01-26,835000000.0
1045810,operating_cash_flow,2015-01-25,905656000.0
1045810,operating_cash_flow,2015-01-25,906000000.0
1045810,operating_cash_flow,2016-01-31,1175000000.0
1045810,operating_cash_flow,2017-01-29,1672000000.0
1045810,operating_cash_flow,2018-01-28,3502000000.0
1045810,operating_cash_flow,2019-01-27,3743000000.0
1045810,operating_cash_flow,2020-01-26,4761000000.0
1045810,operating_cash_flow,2021-01-31,5822000000.0
1045810,operating_cash_flow,2022-01-30,9108000000.0
1045810,operating_cash_flow,2023-01-29,5641000000.0
1045810,operating_cash_flow,2024-01-28,28090000000.0
1045810,operating_cash_flow,2025-01-26,64089000000.0
1045810,operating_cash_flow,2026-01-25,102718000000.0
1318605,revenue,2018-12-31,21461268000.0
1318605,revenue,2021-12-31,53823000000.0
1318605,revenue,2022-12-31,81462000000.0
1318605,revenue,2023-12-31,96773000000.0
1318605,revenue,2024-12-31,97690000000.0
1318605,revenue,2025-12-31,94827000000.0
1318605,revenue,2009-12-31,111943000.0
1318605,revenue,2010-12-31,116744000.0
1318605,revenue,2011-12-31,204242000.0
1318605,revenue,2012-12-31,413256000.0
1318605,revenue,2013-12-31,2013496000.0
1318605,revenue,2014-12-31,3198356000.0
1318605,revenue,2015-12-31,4046025000.0
1318605,revenue,2016-12-31,7000132000.0
1318605,revenue,2017-12-31,11758751000.0
1318605,revenue,2017-12-31,11759000000.0
1318605,revenue,2018-12-31,21461000000.0
1318605,revenue,2019-12-31,24578000000.0
1318605,revenue,2020-12-31,31536000000.0
1318605,revenue,2010-12-31,97078000.0
1318605,revenue,2011-12-31,148568000.0
1318605,revenue,2012-12-31,385699000.0
1318605,revenue,2013-12-31,1997786000.0
1318605,revenue,2013-12-31,1921877000.0
1318605,revenue,2014-12-31,3192723000.0
1318605,revenue,2014-12-31,3007012000.0
1318605,revenue,2014-12-31,2874448000.0
1318605,revenue,2015-12-31,3740973000.0
1318605,revenue,2015-12-31,3431587000.0
1318605,revenue,2016-12-31,5589007000.0
1318605,revenue,2017-12-31,8534752000.0
1318605,operating_income,2009-12-31,-51897000.0
1318605,operating_income,2010-12-31,-146838000.0
1318605,operating_income,2011-12-31,-251488000.0
1318605,operating_income,2012-12-31,-394283000.0
1318605,operating_income,2013-12-31,-61283000.0
1318605,operating_income,2014-12-31,-186689000.0
1318605,operating_income,2015-12-31,-716629000.0
1318605,operating_income,2016-12-31,-667340000.0
1318605,operating_income,2017-12-31,-1632086000.0
1318605,operating_income,2017-12-31,-1632000000.0
1318605,operating_income,2018-12-31,-388073000.0
1318605,operating_income,2018-12-31,-388000000.0
1318605,operating_income,2019-12-31,-69000000.0
1318605,operating_income,2020-12-31,1994000000.0
1318605,operating_income,2021-12-31,6523000000.0
1318605,operating_income,2022-12-31,13656000000.0
1318605,operating_income,2023-12-31,8891000000.0
1318605,operating_income,2024-12-31,7076000000.0
1318605,operating_income,2025-12-31,4355000000.0
1318605,net_income,2009-12-31,-55740000.0
1318605,net_income,2010-12-31,-154328000.0
1318605,net_income,2011-12-31,-254411000.0
1318605,net_income,2012-12-31,-396213000.0
1318605,net_income,2013-12-31,-74014000.0
1318605,net_income,2014-12-31,-294040000.0
1318605,net_income,2015-12-31,-888663000.0
1318605,net_income,2016-12-31,-674914000.0
1318605,net_income,2017-12-31,-1961400000.0
1318605,net_income,2017-12-31,-1962000000.0
1318605,net_income,2018-12-31,-976091000.0
1318605,net_income,2018-12-31,-976000000.0
1318605,net_income,2019-12-31,-862000000.0
1318605,net_income,2020-12-31,721000000.0
1318605,net_income,2021-12-31,5519000000.0
1318605,net_income,2022-12-31,12556000000.0
1318605,net_income,2023-12-31,14997000000.0
1318605,net_income,2024-12-31,7091000000.0
1318605,net_income,2025-12-31,3794000000.0
1318605,net_income,2016-12-31,-773046000.0
1318605,net_income,2017-12-31,-2240578000.0
1318605,net_income,2017-12-31,-2241000000.0
1318605,net_income,2018-12-31,-1062582000.0
1318605,net_income,2018-12-31,-1063000000.0
1318605,net_income,2019-12-31,-775000000.0
1318605,net_income,2020-12-31,862000000.0
1318605,net_income,2021-12-31,5644000000.0
1318605,net_income,2022-12-31,12587000000.0
1318605,net_income,2023-12-31,14974000000.0
1318605,net_income,2024-12-31,7153000000.0
1318605,net_income,2025-12-31,3855000000.0
1318605,eps_diluted,2015-12-31,-6.93
1318605,eps_diluted,2016-12-31,-4.68
1318605,eps_diluted,2017-12-31,-11.83
1318605,eps_diluted,2018-12-31,-5.72
1318605,eps_diluted,2018-12-31,-1.14
1318605,eps_diluted,2019-12-31,-4.92
1318605,eps_diluted,2019-12-31,-0.98
1318605,eps_diluted,2020-12-31,0.64
1318605,eps_diluted,2020-12-31,0.21
1318605,eps_diluted,2021-12-31,4.9
1318605,eps_diluted,2021-12-31,1.63
1318605,eps_diluted,2022-12-31,3.62
1318605,eps_diluted,2023-12-31,4.3
1318605,eps_diluted,2024-12-31,2.04
1318605,eps_diluted,2025-12-31,1.08
1318605,total_assets,2010-12-31,386082000.0
1318605,total_assets,2011-12-31,713448000.0
1318605,total_assets,2012-12-31,1114190000.0
1318605,total_assets,2013-12-31,2416930000.0
1318605,total_assets,2014-12-31,5849251000.0
1318605,total_assets,2014-12-31,5830667000.0
1318605,total_assets,2015-12-31,8092460000.0
1318605,total_assets,2015-12-31,8067939000.0
1318605,total_assets,2016-12-31,22664076000.0
1318605,total_assets,2017-12-31,28655372000.0
1318605,total_assets,2018-12-31,29739614000.0
1318605,total_assets,2018-12-31,29740000000.0
1318605,total_assets,2019-12-31,34309000000.0
1318605,total_assets,2020-12-31,52148000000.0
1318605,total_assets,2021-12-31,62131000000.0
1318605,total_assets,2022-12-31,82338000000.0
1318605,total_assets,2023-12-31,106618000000.0
1318605,total_assets,2024-12-31,122070000000.0
1318605,total_assets,2025-12-31,137806000000.0
1318605,total_liabilities,2010-12-31,179034000.0
1318605,total_liabilities,2011-12-31,489403000.0
1318605,total_liabilities,2012-12-31,989490000.0
1318605,total_liabilities,2013-12-31,1749810000.0
1318605,total_liabilities,2014-12-31,4879345000.0
1318605,total_liabilities,2014-12-31,4860761000.0
1318605,total_liabilities,2015-12-31,6961471000.0
1318605,total_liabilities,2015-12-31,6936950000.0
1318605,total_liabilities,2016-12-31,16750167000.0
1318605,total_liabilities,2017-12-31,23022980000.0
1318605,total_liabilities,2018-12-31,23426010000.0
1318605,total_liabilities,2018-12-31,23427000000.0
1318605,total_liabilities,2019-12-31,26199000000.0
1318605,total_liabilities,2020-12-31,28418000000.0
1318605,total_liabilities,2021-12-31,30548000000.0
1318605,total_liabilities,2022-12-31,36440000000.0
1318605,total_liabilities,2023-12-31,43009000000.0
1318605,total_liabilities,2024-12-31,48390000000.0
1318605,total_liabilities,2025-12-31,54941000000.0
1318605,stockholders_equity,2008-12-31,-199714000.0
1318605,stockholders_equity,2009-12-31,-253523000.0
1318605,stockholders_equity,2010-12-31,207048000.0
1318605,stockholders_equity,2011-12-31,224045000.0
1318605,stockholders_equity,2012-12-31,124700000.0
1318605,stockholders_equity,2013-12-31,667120000.0
1318605,stockholders_equity,2014-12-31,911710000.0
1318605,stockholders_equity,2015-12-31,1088944000.0
1318605,stockholders_equity,2015-12-31,1083704000.0
1318605,stockholders_equity,2016-12-31,4752911000.0
1318605,stockholders_equity,2017-12-31,4237242000.0
1318605,stockholders_equity,2018-12-31,4923243000.0
1318605,stockholders_equity,2018-12-31,4923000000.0
1318605,stockholders_equity,2019-12-31,6618000000.0
1318605,stockholders_equity,2020-12-31,22225000000.0
1318605,stockholders_equity,2021-12-31,30189000000.0
1318605,stockholders_equity,2022-12-31,44704000000.0
1318605,stockholders_equity,2023-12-31,62634000000.0
1318605,stockholders_equity,2024-12-31,72913000000.0
1318605,stockholders_equity,2025-12-31,82137000000.0
1318605,stockholders_equity,2016-12-31,5905125000.0
1318605,stockholders_equity,2016-12-31,5538086000.0
1318605,stockholders_equity,2016-12-31,5538000000.0
1318605,stockholders_equity,2017-12-31,5234588000.0
1318605,stockholders_equity,2017-12-31,5234000000.0
1318605,stockholders_equity,2018-12-31,5757640000.0
1318605,stockholders_equity,2018-12-31,5757000000.0
1318605,stockholders_equity,2019-12-31,7467000000.0
1318605,stockholders_equity,2020-12-31,23075000000.0
1318605,stockholders_equity,2021-12-31,31015000000.0
1318605,stockholders_equity,2022-12-31,45489000000.0
1318605,stockholders_equity,2023-12-31,63367000000.0
1318605,stockholders_equity,2024-12-31,73617000000.0
1318605,stockholders_equity,2025-12-31,82807000000.0
1318605,cash_and_equivalents,2008-12-31,9277000.0
1318605,cash_and_equivalents,2009-12-31,69627000.0
1318605,cash_and_equivalents,2010-12-31,99558000.0
1318605,cash_and_equivalents,2011-12-31,255266000.0
1318605,cash_and_equivalents,2012-12-31,201890000.0
1318605,cash_and_equivalents,2013-12-31,845889000.0
1318605,cash_and_equivalents,2014-12-31,1905713000.0
1318605,cash_and_equivalents,2015-12-31,1196908000.0
1318605,cash_and_equivalents,2016-12-31,3393216000.0
1318605,cash_and_equivalents,2016-12-31,3393000000.0
1318605,cash_and_equivalents,2017-12-31,3367914000.0
1318605,cash_and_equivalents,2017-12-31,3368000000.0
1318605,cash_and_equivalents,2018-12-31,3685618000.0
1318605,cash_and_equivalents,2018-12-31,3686000000.0
1318605,cash_and_equivalents,2019-12-31,6268000000.0
1318605,cash_and_equivalents,2020-12-31,19384000000.0
1318605,cash_and_equivalents,2021-12-31,17576000000.0
1318605,cash_and_equivalents,2022-12-31,16253000000.0
1318605,cash_and_equivalents,2023-12-31,16398000000.0
1318605,cash_and_equivalents,2024-12-31,16139000000.0
1318605,cash_and_equivalents,2025-12-31,16513000000.0
1318605,operating_cash_flow,2009-12-31,-80825000.0
1318605,operating_cash_flow,2010-12-31,-127817000.0
1318605,operating_cash_flow,2011-12-31,-114364000.0
1318605,operating_cash_flow,2011-12-31,-128304000.0
1318605,operating_cash_flow,2011-12-31,-128034000.0
1318605,operating_cash_flow,2012-12-31,-266081000.0
1318605,operating_cash_flow,2013-12-31,257994000.0
1318605,operating_cash_flow,2016-12-31,-123829000.0
1318605,operating_cash_flow,2017-12-31,-60654000.0
1318605,operating_cash_flow,2017-12-31,-61000000.0
1318605,operating_cash_flow,2018-12-31,2097802000.0
1318605,operating_cash_flow,2018-12-31,2098000000.0
1318605,operating_cash_flow,2019-12-31,2405000000.0
1318605,operating_cash_flow,2020-12-31,5943000000.0
1318605,operating_cash_flow,2021-12-31,11497000000.0
1318605,operating_cash_flow,2022-12-31,14724000000.0
1318605,operating_cash_flow,2023-12-31,13256000000.0
1318605,operating_cash_flow,2024-12-31,14923000000.0
1318605,operating_cash_flow,2025-12-31,14747000000.0
1318605,operating_cash_flow,2012-12-31,-263815000.0
1318605,operating_cash_flow,2013-12-31,264804000.0
1318605,operating_cash_flow,2014-12-31,-57337000.0
1318605,operating_cash_flow,2015-12-31,-524499000.0
1326801,revenue,2016-12-31,27638000000.0
1326801,revenue,2017-12-31,40653000000.0
1326801,revenue,2018-12-31,55838000000.0
1326801,revenue,2019-12-31,70697000000.0
1326801,revenue,2020-12-31,85965000000.0
1326801,revenue,2021-12-31,117929000000.0
1326801,revenue,2022-12-31,116609000000.0
1326801,revenue,2023-12-31,134902000000.0
1326801,revenue,2024-12-31,164501000000.0
1326801,revenue,2025-12-31,200966000000.0
1326801,revenue,2010-12-31,1974000000.0
1326801,revenue,2011-12-31,3711000000.0
1326801,revenue,2012-12-31,5089000000.0
1326801,revenue,2013-12-31,7872000000.0
1326801,revenue,2014-12-31,12466000000.0
1326801,revenue,2015-12-31,17928000000.0
1326801,operating_income,2010-12-31,1032000000.0
1326801,operating_income,2011-12-31,1756000000.0
1326801,operating_income,2012-12-31,538000000.0
1326801,operating_income,2013-12-31,2804000000.0
1326801,operating_income,2014-12-31,4994000000.0
1326801,operating_income,2015-12-31,6225000000.0
1326801,operating_income,2016-12-31,12427000000.0
1326801,operating_income,2017-12-31,20203000000.0
1326801,operating_income,2018-12-31,24913000000.0
1326801,operating_income,2019-12-31,23986000000.0
1326801,operating_income,2020-12-31,32671000000.0
1326801,operating_income,2021-12-31,46753000000.0
1326801,operating_income,2022-12-31,28944000000.0
1326801,operating_income,2023-12-31,46751000000.0
1326801,operating_income,2024-12-31,69380000000.0
1326801,operating_income,2025-12-31,83276000000.0
1326801,net_income,2010-12-31,606000000.0
1326801,net_income,2011-12-31,1000000000.0
1326801,net_income,2012-12-31,53000000.0
1326801,net_income,2013-12-31,1500000000.0
1326801,net_income,2014-12-31,2940000000.0
1326801,net_income,2015-12-31,3688000000.0
1326801,net_income,2016-12-31,10217000000.0
1326801,net_income,2017-12-31,15934000000.0
1326801,net_income,2018-12-31,22112000000.0
1326801,net_income,2019-12-31,18485000000.0
1326801,net_income,2020-12-31,29146000000.0
1326801,net_income,2021-12-31,39370000000.0
1326801,net_income,2022-12-31,23200000000.0
1326801,net_income,2023-12-31,39098000000.0
1326801,net_income,2024-12-31,62360000000.0
1326801,net_income,2025-12-31,60458000000.0
1326801,eps_diluted,2010-12-31,0.28
1326801,eps_diluted,2011-12-31,0.46
1326801,eps_diluted,2012-12-31,0.01
1326801,eps_diluted,2013-12-31,0.6
1326801,eps_diluted,2014-12-31,1.1
1326801,eps_diluted,2015-12-31,1.29
1326801,eps_diluted,2016-12-31,3.49
1326801,eps_diluted,2017-12-31,5.39
1326801,eps_diluted,2018-12-31,7.57
1326801,eps_diluted,2019-12-31,6.43
1326801,eps_diluted,2020-12-31,10.09
1326801,eps_diluted,2021-12-31,13.77
1326801,eps_diluted,2022-12-31,8.59
1326801,eps_diluted,2023-12-31,14.87
1326801,eps_diluted,2024-12-31,23.86
1326801,eps_diluted,2025-12-31,23.49
1326801,total_assets,2011-12-31,6331000000.0
1326801,total_assets,2012-12-31,15103000000.0
1326801,total_assets,2013-12-31,17895000000.0
1326801,total_assets,2014-12-31,40184000000.0
1326801,total_assets,2014-12-31,39966000000.0
1326801,total_assets,2015-12-31,49407000000.0
1326801,total_assets,2016-03-31,52262000000.0
1326801,total_assets,2016-06-30,55968000000.0
1326801,total_assets,2016-09-30,60007000000.0
1326801,total_assets,2016-12-31,64961000000.0
1326801,total_assets,2017-12-31,84524000000.0
1326801,total_assets,2018-12-31,97334000000.0
1326801,total_assets,2019-12-31,133376000000.0
1326801,total_assets,2020-12-31,159316000000.0
1326801,total_assets,2021-12-31,165987000000.0
1326801,total_assets,2022-12-31,185727000000.0
1326801,total_assets,2023-12-31,229623000000.0
1326801,total_assets,2024-12-31,276054000000.0
1326801,total_assets,2025-12-31,366021000000.0
1326801,total_liabilities,2011-12-31,1432000000.0
1326801,total_liabilities,2012-12-31,3348000000.0
1326801,total_liabilities,2013-12-31,2425000000.0
1326801,total_liabilities,2014-12-31,4088000000.0
1326801,total_liabilities,2014-12-31,3870000000.0
1326801,total_liabilities,2015-12-31,5189000000.0
1326801,total_liabilities,2016-03-31,3674000000.0
1326801,total_liabilities,2016-06-30,4373000000.0
1326801,total_liabilities,2016-09-30,4886000000.0
1326801,total_liabilities,2016-12-31,5767000000.0
1326801,total_liabilities,2017-12-31,10177000000.0
1326801,total_liabilities,2018-12-31,13207000000.0
1326801,total_liabilities,2019-12-31,32322000000.0
1326801,total_liabilities,2020-12-31,31026000000.0
1326801,total_liabilities,2021-12-31,41108000000.0
1326801,total_liabilities,2022-12-31,60014000000.0
1326801,total_liabilities,2023-12-31,76455000000.0
1326801,total_liabilities,2024-12-31,93417000000.0
1326801,total_liabilities,2025-12-31,148778000000.0
1326801,stockholders_equity,2011-12-31,4899000000.0
1326801,stockholders_equity,2012-12-31,11755000000.0
1326801,stockholders_equity,2013-12-31,15470000000.0
1326801,stockholders_equity,2014-12-31,36096000000.0
1326801,stockholders_equity,2015-12-31,44218000000.0
1326801,stockholders_equity,2016-12-31,59194000000.0
1326801,stockholders_equity,2017-12-31,74347000000.0
1326801,stockholders_equity,2018-12-31,84127000000.0
1326801,stockholders_equity,2019-12-31,101054000000.0
1326801,stockholders_equity,2020-12-31,128290000000.0
1326801,stockholders_equity,2021-12-31,124879000000.0
1326801,stockholders_equity,2022-12-31,125713000000.0
1326801,stockholders_equity,2023-12-31,153168000000.0
1326801,stockholders_equity,2024-12-31,182637000000.0
1326801,stockholders_equity,2025-12-31,217243000000.0
1326801,cash_and_equivalents,2009-12-31,633000000.0
1326801,cash_and_equivalents,2010-12-31,1785000000.0
1326801,cash_and_equivalents,2011-12-31,1512000000.0
1326801,cash_and_equivalents,2012-12-31,2384000000.0
1326801,cash_and_equivalents,2013-12-31,3323000000.0
1326801,cash_and_equivalents,2014-12-31,4315000000.0
1326801,cash_and_equivalents,2015-12-31,4907000000.0
1326801,cash_and_equivalents,2016-12-31,8903000000.0
1326801,cash_and_equivalents,2017-12-31,8079000000.0
1326801,cash_and_equivalents,2018-12-31,10019000000.0
1326801,cash_and_equivalents,2019-12-31,19079000000.0
1326801,cash_and_equivalents,2020-12-31,17576000000.0
1326801,cash_and_equivalents,2021-12-31,16601000000.0
1326801,cash_and_equivalents,2022-12-31,14681000000.0
1326801,cash_and_equivalents,2023-12-31,41862000000.0
1326801,cash_and_equivalents,2024-12-31,43889000000.0
1326801,cash_and_equivalents,2025-12-31,35873000000.0
1326801,cash_and_equivalents,2015-12-31,5166000000.0
1326801,cash_and_equivalents,2016-12-31,9109000000.0
1326801,cash_and_equivalents,2017-12-31,8204000000.0
1326801,cash_and_equivalents,2018-12-31,10124000000.0
1326801,cash_and_equivalents,2019-12-31,19279000000.0
1326801,cash_and_equivalents,2020-12-31,17954000000.0
1326801,cash_and_equivalents,2021-12-31,16865000000.0
1326801,cash_and_equivalents,2022-12-31,15596000000.0
1326801,cash_and_equivalents,2023-12-31,42827000000.0
1326801,cash_and_equivalents,2024-12-31,45438000000.0
1326801,cash_and_equivalents,2025-12-31,39100000000.0
1326801,operating_cash_flow,2010-12-31,698000000.0
1326801,operating_cash_flow,2011-12-31,1549000000.0
1326801,operating_cash_flow,2012-12-31,1612000000.0
1326801,operating_cash_flow,2013-12-31,4222000000.0
1326801,operating_cash_flow,2014-12-31,5457000000.0
1326801,operating_cash_flow,2014-12-31,7326000000.0
1326801,operating_cash_flow,2015-12-31,8599000000.0
1326801,operating_cash_flow,2015-12-31,10320000000.0
1326801,operating_cash_flow,2016-12-31,16108000000.0
1326801,operating_cash_flow,2017-12-31,24216000000.0
1326801,operating_cash_flow,2018-12-31,29274000000.0
1326801,operating_cash_flow,2019-12-31,36314000000.0
1326801,operating_cash_flow,2020-12-31,38747000000.0
1326801,operating_cash_flow,2021-12-31,57683000000.0
1326801,operating_cash_flow,2022-12-31,50475000000.0
1326801,operating_cash_flow,2023-12-31,71113000000.0
1326801,operating_cash_flow,2024-12-31,91328000000.0
1326801,operating_cash_flow,2025-12-31,115800000000.0
1341439,revenue,2017-05-31,37792000000.0
1341439,revenue,2018-05-31,39383000000.0
1341439,revenue,2019-05-31,39506000000.0
1341439,revenue,2020-05-31,39068000000.0
1341439,revenue,2021-05-31,40479000000.0
1341439,revenue,2022-05-31,42440000000.0
1341439,revenue,2023-05-31,49954000000.0
1341439,revenue,2024-05-31,52961000000.0
1341439,revenue,2025-05-31,57399000000.0
1341439,revenue,2026-05-31,67357000000.0
1341439,revenue,2008-05-31,22430000000.0
1341439,revenue,2009-05-31,23252000000.0
1341439,revenue,2010-05-31,26820000000.0
1341439,revenue,2011-05-31,35622000000.0
1341439,revenue,2012-05-31,37121000000.0
1341439,revenue,2013-05-31,37180000000.0
1341439,revenue,2014-05-31,38275000000.0
1341439,revenue,2015-05-31,38226000000.0
1341439,revenue,2016-05-31,37047000000.0
1341439,revenue,2017-05-31,37728000000.0
1341439,revenue,2018-05-31,39831000000.0
1341439,revenue,2008-05-31,0.0
1341439,revenue,2009-05-31,0.0
1341439,revenue,2010-05-31,2290000000.0
1341439,revenue,2011-05-31,6944000000.0
1341439,revenue,2010-05-31,1506000000.0
1341439,revenue,2011-05-31,4382000000.0
1341439,operating_income,2008-05-31,7844000000.0
1341439,operating_income,2009-05-31,8321000000.0
1341439,operating_income,2010-05-31,9062000000.0
1341439,operating_income,2011-05-31,12033000000.0
1341439,operating_income,2012-05-31,13706000000.0
1341439,operating_income,2013-05-31,14684000000.0
1341439,operating_income,2014-05-31,14759000000.0
1341439,operating_income,2015-05-31,13871000000.0
1341439,operating_income,2016-05-31,12604000000.0
1341439,operating_income,2017-05-31,12710000000.0
1341439,operating_income,2017-05-31,12913000000.0
1341439,operating_income,2018-05-31,13679000000.0
1341439,operating_income,2018-05-31,13264000000.0
1341439,operating_income,2019-05-31,13535000000.0
1341439,operating_income,2020-05-31,13896000000.0
1341439,operating_income,2021-05-31,15213000000.0
1341439,operating_income,2022-05-31,10926000000.0
1341439,operating_income,2023-05-31,13093000000.0
1341439,operating_income,2024-05-31,15353000000.0
1341439,operating_income,2025-05-31,17678000000.0
1341439,operating_income,2026-05-31,20606000000.0
1341439,net_income,2008-05-31,5581000000.0
1341439,net_income,2009-05-31,5677000000.0
1341439,net_income,2010-05-31,6230000000.0
1341439,net_income,2010-05-31,6135000000.0
1341439,net_income,2011-05-31,8547000000.0
1341439,net_income,2012-05-31,9981000000.0
1341439,net_income,2013-05-31,10925000000.0
1341439,net_income,2014-05-31,10955000000.0
1341439,net_income,2015-05-31,9938000000.0
1341439,net_income,2016-05-31,8901000000.0
1341439,net_income,2017-05-31,9335000000.0
1341439,net_income,2017-05-31,9452000000.0
1341439,net_income,2018-05-31,3825000000.0
1341439,net_income,2018-05-31,3587000000.0
1341439,net_income,2019-05-31,11083000000.0
1341439,net_income,2020-05-31,10135000000.0
1341439,net_income,2021-05-31,13746000000.0
1341439,net_income,2022-05-31,6717000000.0
1341439,net_income,2023-05-31,8503000000.0
1341439,net_income,2024-05-31,10467000000.0
1341439,net_income,2025-05-31,12443000000.0
1341439,net_income,2026-05-31,17087000000.0
1341439,net_income,2011-05-31,8644000000.0
1341439,net_income,2012-05-31,10100000000.0
1341439,net_income,2013-05-31,11037000000.0
1341439,net_income,2014-05-31,11053000000.0
1341439,net_income,2015-05-31,10051000000.0
1341439,net_income,2016-05-31,9017000000.0
1341439,net_income,2017-05-31,9453000000.0
1341439,net_income,2017-05-31,9570000000.0
1341439,net_income,2018-05-31,3960000000.0
1341439,net_income,2018-05-31,3722000000.0
1341439,net_income,2019-05-31,11235000000.0
1341439,net_income,2020-05-31,10299000000.0
1341439,net_income,2021-05-31,13926000000.0
1341439,net_income,2022-05-31,6901000000.0
1341439,net_income,2023-05-31,8668000000.0
1341439,net_income,2024-05-31,10653000000.0
1341439,net_income,2025-05-31,12627000000.0
1341439,net_income,2026-05-31,17309000000.0
1341439,eps_diluted,2008-05-31,1.06
1341439,eps_diluted,2009-05-31,1.09
1341439,eps_diluted,2010-05-31,1.21
1341439,eps_diluted,2011-05-31,1.67
1341439,eps_diluted,2012-05-31,1.96
1341439,eps_diluted,2013-05-31,2.26
1341439,eps_diluted,2014-05-31,2.38
1341439,eps_diluted,2015-05-31,2.21
1341439,eps_diluted,2016-05-31,2.07
1341439,eps_diluted,2017-05-31,2.21
1341439,eps_diluted,2017-05-31,2.24
1341439,eps_diluted,2018-05-31,0.9
1341439,eps_diluted,2018-05-31,0.85
1341439,eps_diluted,2019-05-31,2.97
1341439,eps_diluted,2020-05-31,3.08
1341439,eps_diluted,2021-05-31,4.55
1341439,eps_diluted,2022-05-31,2.41
1341439,eps_diluted,2023-05-31,3.07
1341439,eps_diluted,2024-05-31,3.71
1341439,eps_diluted,2025-05-31,4.34
1341439,eps_diluted,2026-05-31,5.83
1341439,total_assets,2009-05-31,47416000000.0
1341439,total_assets,2010-05-31,61578000000.0
1341439,total_assets,2011-05-31,73535000000.0
1341439,total_assets,2012-05-31,78327000000.0
1341439,total_assets,2013-05-31,81812000000.0
1341439,total_assets,2014-05-31,90344000000.0
1341439,total_assets,2014-05-31,90266000000.0
1341439,total_assets,2015-05-31,110903000000.0
1341439,total_assets,2016-05-31,112180000000.0
1341439,total_assets,2017-05-31,134991000000.0
1341439,total_assets,2018-05-31,137264000000.0
1341439,total_assets,2018-05-31,137851000000.0
1341439,total_assets,2019-05-31,108709000000.0
1341439,total_assets,2020-05-31,115438000000.0
1341439,total_assets,2021-05-31,131107000000.0
1341439,total_assets,2022-05-31,109297000000.0
1341439,total_assets,2023-05-31,134384000000.0
1341439,total_assets,2024-05-31,140976000000.0
1341439,total_assets,2025-05-31,168361000000.0
1341439,total_assets,2026-05-31,261759000000.0
1341439,stockholders_equity,2009-05-31,25090000000.0
1341439,stockholders_equity,2010-05-31,30798000000.0
1341439,stockholders_equity,2011-05-31,39776000000.0
1341439,stockholders_equity,2012-05-31,43688000000.0
1341439,stockholders_equity,2013-05-31,44648000000.0
1341439,stockholders_equity,2014-05-31,46878000000.0
1341439,stockholders_equity,2015-05-31,48663000000.0
1341439,stockholders_equity,2016-05-31,47289000000.0
1341439,stockholders_equity,2017-05-31,53860000000.0
1341439,stockholders_equity,2018-05-31,45726000000.0
1341439,stockholders_equity,2018-05-31,46372000000.0
1341439,stockholders_equity,2019-05-31,21785000000.0
1341439,stockholders_equity,2020-05-31,12074000000.0
1341439,stockholders_equity,2021-05-31,5238000000.0
1341439,stockholders_equity,2022-05-31,-6220000000.0
1341439,stockholders_equity,2023-05-31,1073000000.0
1341439,stockholders_equity,2024-05-31,8704000000.0
1341439,stockholders_equity,2025-05-31,20451000000.0
1341439,stockholders_equity,2026-05-31,42508000000.0
1341439,stockholders_equity,2007-05-31,17235000000.0
1341439,stockholders_equity,2008-05-31,23394000000.0
1341439,stockholders_equity,2009-05-31,25445000000.0
1341439,stockholders_equity,2010-05-31,31199000000.0
1341439,stockholders_equity,2011-05-31,40245000000.0
1341439,stockholders_equity,2012-05-31,44087000000.0
1341439,stockholders_equity,2013-05-31,45145000000.0
1341439,stockholders_equity,2014-05-31,47447000000.0
1341439,stockholders_equity,2015-05-31,49098000000.0
1341439,stockholders_equity,2016-05-31,47790000000.0
1341439,stockholders_equity,2017-05-31,54246000000.0
1341439,stockholders_equity,2017-05-31,55130000000.0
1341439,stockholders_equity,2018-05-31,46224000000.0
1341439,stockholders_equity,2018-05-31,46873000000.0
1341439,stockholders_equity,2019-05-31,22363000000.0
1341439,stockholders_equity,2020-05-31,12717000000.0
1341439,stockholders_equity,2021-05-31,5952000000.0
1341439,stockholders_equity,2022-05-31,-5768000000.0
1341439,stockholders_equity,2023-05-31,1556000000.0
1341439,stockholders_equity,2024-05-31,9239000000.0
1341439,stockholders_equity,2025-05-31,20969000000.0
1341439,stockholders_equity,2026-05-31,43056000000.0
1341439,cash_and_equivalents,2007-05-31,6218000000.0
1341439,cash_and_equivalents,2008-05-31,8262000000.0
1341439,cash_and_equivalents,2009-05-31,8995000000.0
1341439,cash_and_equivalents,2010-05-31,9914000000.0
1341439,cash_and_equivalents,2011-05-31,16163000000.0
1341439,cash_and_equivalents,2012-05-31,14955000000.0
1341439,cash_and_equivalents,2013-05-31,14613000000.0
1341439,cash_and_equivalents,2014-05-31,17769000000.0
1341439,cash_and_equivalents,2015-05-31,21716000000.0
1341439,cash_and_equivalents,2016-05-31,20152000000.0
1341439,cash_and_equivalents,2017-05-31,21784000000.0
1341439,cash_and_equivalents,2018-05-31,21620000000.0
1341439,cash_and_equivalents,2019-05-31,20514000000.0
1341439,cash_and_equivalents,2020-05-31,37239000000.0
1341439,cash_and_equivalents,2021-05-31,30098000000.0
1341439,cash_and_equivalents,2022-05-31,21383000000.0
1341439,cash_and_equivalents,2023-05-31,9765000000.0
1341439,cash_and_equivalents,2024-05-31,10454000000.0
1341439,cash_and_equivalents,2025-05-31,10786000000.0
1341439,cash_and_equivalents,2026-05-31,31289000000.0
1341439,operating_cash_flow,2008-05-31,7402000000.0
1341439,operating_cash_flow,2009-05-31,8255000000.0
1341439,operating_cash_flow,2010-05-31,8681000000.0
1341439,operating_cash_flow,2011-05-31,11214000000.0
1341439,operating_cash_flow,2012-05-31,13743000000.0
1341439,operating_cash_flow,2013-05-31,14224000000.0
1341439,operating_cash_flow,2016-05-31,13685000000.0
1341439,operating_cash_flow,2017-05-31,14126000000.0
1341439,operating_cash_flow,2018-05-31,15386000000.0
1341439,operating_cash_flow,2019-05-31,14551000000.0
1341439,operating_cash_flow,2020-05-31,13139000000.0
1341439,operating_cash_flow,2021-05-31,15887000000.0
1341439,operating_cash_flow,2022-05-31,9539000000.0
1341439,operating_cash_flow,2023-05-31,17165000000.0
1341439,operating_cash_flow,2024-05-31,18673000000.0
1341439,operating_cash_flow,2025-05-31,20821000000.0
1341439,operating_cash_flow,2026-05-31,31977000000.0
1341439,operating_cash_flow,2014-05-31,14921000000.0
1341439,operating_cash_flow,2015-05-31,14336000000.0
1341439,operating_cash_flow,2015-05-31,14580000000.0
1341439,operating_cash_flow,2016-05-31,13561000000.0
1652044,revenue,2016-12-31,90272000000.0
1652044,revenue,2017-12-31,110855000000.0
1652044,revenue,2018-12-31,136819000000.0
1652044,revenue,2019-12-31,161857000000.0
1652044,revenue,2020-12-31,182527000000.0
1652044,revenue,2021-12-31,257637000000.0
1652044,revenue,2022-12-31,282836000000.0
1652044,revenue,2023-12-31,307394000000.0
1652044,revenue,2024-12-31,350018000000.0
1652044,revenue,2013-12-31,55519000000.0
1652044,revenue,2014-12-31,66001000000.0
1652044,revenue,2015-12-31,74989000000.0
1652044,revenue,2025-12-31,402836000000.0
1652044,operating_income,2013-12-31,15403000000.0
1652044,operating_income,2014-12-31,16496000000.0
1652044,operating_income,2015-12-31,19360000000.0
1652044,operating_income,2016-12-31,23716000000.0
1652044,operating_income,2017-12-31,26146000000.0
1652044,operating_income,2017-12-31,26178000000.0
1652044,operating_income,2018-12-31,26321000000.0
1652044,operating_income,2018-12-31,27524000000.0
1652044,operating_income,2019-12-31,34231000000.0
1652044,operating_income,2020-12-31,41224000000.0
1652044,operating_income,2021-12-31,78714000000.0
1652044,operating_income,2022-12-31,74842000000.0
1652044,operating_income,2023-12-31,84293000000.0
1652044,operating_income,2024-12-31,112390000000.0
1652044,operating_income,2025-12-31,129039000000.0
1652044,net_income,2013-12-31,12733000000.0
1652044,net_income,2014-12-31,14136000000.0
1652044,net_income,2015-12-31,16348000000.0
1652044,net_income,2016-12-31,19478000000.0
1652044,net_income,2017-12-31,12662000000.0
1652044,net_income,2018-12-31,30736000000.0
1652044,net_income,2019-12-31,34343000000.0
1652044,net_income,2020-12-31,40269000000.0
1652044,net_income,2021-12-31,76033000000.0
1652044,net_income,2022-12-31,59972000000.0
1652044,net_income,2023-12-31,73795000000.0
1652044,net_income,2024-12-31,100118000000.0
1652044,net_income,2025-12-31,132170000000.0
1652044,eps_diluted,2013-12-31,18.79
1652044,eps_diluted,2014-12-31,20.57
1652044,eps_diluted,2016-12-31,27.85
1652044,eps_diluted,2017-12-31,18.0
1652044,eps_diluted,2018-12-31,43.7
1652044,eps_diluted,2019-12-31,49.16
1652044,eps_diluted,2020-12-31,58.61
1652044,eps_diluted,2020-12-31,2.93
1652044,eps_diluted,2021-12-31,112.2
1652044,eps_diluted,2021-12-31,5.61
1652044,eps_diluted,2022-12-31,4.56
1652044,eps_diluted,2023-12-31,5.8
1652044,eps_diluted,2024-12-31,8.04
1652044,eps_diluted,2025-12-31,10.81
1652044,eps_diluted,2013-12-31,19.42
1652044,eps_diluted,2014-12-31,19.82
1652044,total_assets,2014-12-31,129187000000.0
1652044,total_assets,2015-12-31,147461000000.0
1652044,total_assets,2016-12-31,167497000000.0
1652044,total_assets,2017-12-31,197295000000.0
1652044,total_assets,2018-12-31,232792000000.0
1652044,total_assets,2019-12-31,275909000000.0
1652044,total_assets,2020-12-31,319616000000.0
1652044,total_assets,2021-12-31,359268000000.0
1652044,total_assets,2022-12-31,365264000000.0
1652044,total_assets,2023-12-31,402392000000.0
1652044,total_assets,2024-12-31,450256000000.0
1652044,total_assets,2025-12-31,595281000000.0
1652044,total_liabilities,2015-12-31,27130000000.0
1652044,total_liabilities,2016-12-31,28461000000.0
1652044,total_liabilities,2017-12-31,44793000000.0
1652044,total_liabilities,2018-12-31,55164000000.0
1652044,total_liabilities,2019-12-31,74467000000.0
1652044,total_liabilities,2020-12-31,97072000000.0
1652044,total_liabilities,2021-12-31,107633000000.0
1652044,total_liabilities,2022-12-31,109120000000.0
1652044,total_liabilities,2023-12-31,119013000000.0
1652044,total_liabilities,2024-12-31,125172000000.0
1652044,total_liabilities,2025-12-31,180016000000.0
1652044,stockholders_equity,2012-12-31,71570000000.0
1652044,stockholders_equity,2013-12-31,86977000000.0
1652044,stockholders_equity,2014-12-31,103860000000.0
1652044,stockholders_equity,2015-12-31,120331000000.0
1652044,stockholders_equity,2016-12-31,139036000000.0
1652044,stockholders_equity,2017-12-31,152502000000.0
1652044,stockholders_equity,2018-12-31,177628000000.0
1652044,stockholders_equity,2019-12-31,201442000000.0
1652044,stockholders_equity,2020-12-31,222544000000.0
1652044,stockholders_equity,2021-12-31,251635000000.0
1652044,stockholders_equity,2022-12-31,256144000000.0
1652044,stockholders_equity,2023-12-31,283379000000.0
1652044,stockholders_equity,2024-12-31,325084000000.0
1652044,stockholders_equity,2025-12-31,415265000000.0
1652044,cash_and_equivalents,2012-12-31,14778000000.0
1652044,cash_and_equivalents,2013-12-31,18898000000.0
1652044,cash_and_equivalents,2014-12-31,18347000000.0
1652044,cash_and_equivalents,2015-12-31,16549000000.0
1652044,cash_and_equivalents,2016-12-31,12918000000.0
1652044,cash_and_equivalents,2017-12-31,10715000000.0
1652044,cash_and_equivalents,2018-12-31,16701000000.0
1652044,cash_and_equivalents,2019-12-31,18498000000.0
1652044,cash_and_equivalents,2020-12-31,26465000000.0
1652044,cash_and_equivalents,2021-12-31,20945000000.0
1652044,cash_and_equivalents,2022-12-31,21879000000.0
1652044,cash_and_equivalents,2023-12-31,24048000000.0
1652044,cash_and_equivalents,2024-12-31,23466000000.0
1652044,cash_and_equivalents,2025-12-31,30708000000.0
1652044,operating_cash_flow,2013-12-31,18659000000.0
1652044,operating_cash_flow,2014-12-31,22376000000.0
1652044,operating_cash_flow,2014-12-31,23024000000.0
1652044,operating_cash_flow,2015-12-31,26024000000.0
1652044,operating_cash_flow,2015-12-31,26572000000.0
1652044,operating_cash_flow,2016-12-31,36036000000.0
1652044,operating_cash_flow,2017-12-31,37091000000.0
1652044,operating_cash_flow,2018-12-31,47971000000.0
1652044,operating_cash_flow,2019-12-31,54520000000.0
1652044,operating_cash_flow,2020-12-31,65124000000.0
1652044,operating_cash_flow,2021-12-31,91652000000.0
1652044,operating_cash_flow,2022-12-31,91495000000.0
1652044,operating_cash_flow,2023-12-31,101746000000.0
1652044,operating_cash_flow,2024-12-31,125299000000.0
1652044,operating_cash_flow,2025-12-31,164713000000.0
1744489,revenue,2017-09-30,55137000000.0
1744489,revenue,2018-09-29,59434000000.0
1744489,revenue,2019-09-28,69570000000.0
1744489,revenue,2019-09-28,69607000000.0
1744489,revenue,2020-10-03,65388000000.0
1744489,revenue,2021-10-02,67418000000.0
1744489,revenue,2022-10-01,82722000000.0
1744489,revenue,2023-09-30,88898000000.0
1744489,revenue,2024-09-28,91361000000.0
1744489,revenue,2025-09-27,94425000000.0
1744489,operating_income,2017-09-30,14775000000.0
1744489,operating_income,2018-09-29,15689000000.0
1744489,operating_income,2019-09-28,14868000000.0
1744489,operating_income,2019-09-28,14847000000.0
1744489,operating_income,2020-10-03,8108000000.0
1744489,operating_income,2021-10-02,7766000000.0
1744489,operating_income,2022-10-01,12121000000.0
1744489,operating_income,2023-09-30,12863000000.0
1744489,operating_income,2024-09-28,15601000000.0
1744489,operating_income,2025-09-27,17551000000.0
1744489,net_income,2017-09-30,8980000000.0
1744489,net_income,2018-09-29,12598000000.0
1744489,net_income,2019-09-28,11054000000.0
1744489,net_income,2020-10-03,-2864000000.0
1744489,net_income,2021-10-02,1995000000.0
1744489,net_income,2022-10-01,3145000000.0
1744489,net_income,2023-09-30,2354000000.0
1744489,net_income,2024-09-28,4972000000.0
1744489,net_income,2025-09-27,12404000000.0
1744489,net_income,2017-09-30,9366000000.0
1744489,net_income,2018-09-29,13066000000.0
1744489,net_income,2019-09-28,11584000000.0
1744489,net_income,2020-10-03,-2474000000.0
1744489,net_income,2021-10-02,2507000000.0
1744489,net_income,2022-10-01,3505000000.0
1744489,net_income,2023-09-30,3390000000.0
1744489,net_income,2024-09-28,5773000000.0
1744489,net_income,2025-09-27,13431000000.0
1744489,eps_diluted,2017-09-30,5.69
1744489,eps_diluted,2018-09-29,8.36
1744489,eps_diluted,2019-09-28,6.64
1744489,eps_diluted,2020-10-03,-1.58
1744489,eps_diluted,2021-10-02,1.09
1744489,eps_diluted,2022-10-01,1.72
1744489,eps_diluted,2023-09-30,1.29
1744489,eps_diluted,2024-09-28,2.72
1744489,eps_diluted,2025-09-27,6.85
1744489,eps_diluted,2019-09-28,6.27
1744489,eps_diluted,2019-09-28,6.26
1744489,eps_diluted,2020-10-03,-1.57
1744489,eps_diluted,2021-10-02,1.11
1744489,eps_diluted,2022-10-01,1.75
1744489,total_assets,2018-09-29,98598000000.0
1744489,total_assets,2019-09-28,193984000000.0
1744489,total_assets,2020-10-03,201549000000.0
1744489,total_assets,2021-10-02,203609000000.0
1744489,total_assets,2022-10-01,203631000000.0
1744489,total_assets,2023-09-30,205579000000.0
1744489,total_assets,2024-09-28,196219000000.0
1744489,total_assets,2025-09-27,197514000000.0
1744489,stockholders_equity,2018-09-29,48773000000.0
1744489,stockholders_equity,2019-09-28,88877000000.0
1744489,stockholders_equity,2020-10-03,83583000000.0
1744489,stockholders_equity,2021-10-02,88553000000.0
1744489,stockholders_equity,2022-10-01,95008000000.0
1744489,stockholders_equity,2023-09-30,99277000000.0
1744489,stockholders_equity,2024-09-28,100696000000.0
1744489,stockholders_equity,2025-09-27,109869000000.0
1744489,stockholders_equity,2018-09-29,52832000000.0
1744489,stockholders_equity,2018-09-30,52716000000.0
1744489,stockholders_equity,2019-09-28,93889000000.0
1744489,stockholders_equity,2020-10-03,88263000000.0
1744489,stockholders_equity,2021-10-02,93011000000.0
1744489,stockholders_equity,2022-10-01,98879000000.0
1744489,stockholders_equity,2023-09-30,103957000000.0
1744489,stockholders_equity,2024-09-28,105522000000.0
1744489,stockholders_equity,2025-09-27,114612000000.0
1744489,cash_and_equivalents,2017-09-30,4017000000.0
1744489,cash_and_equivalents,2018-09-29,4150000000.0
1744489,cash_and_equivalents,2019-09-28,5418000000.0
1744489,cash_and_equivalents,2020-10-03,17914000000.0
1744489,cash_and_equivalents,2021-10-02,15959000000.0
1744489,cash_and_equivalents,2022-10-01,11615000000.0
1744489,cash_and_equivalents,2023-09-30,14182000000.0
1744489,cash_and_equivalents,2024-09-28,6002000000.0
1744489,cash_and_equivalents,2025-09-27,5695000000.0
1744489,cash_and_equivalents,2016-10-01,4760000000.0
1744489,cash_and_equivalents,2017-09-30,4064000000.0
1744489,cash_and_equivalents,2018-09-29,4155000000.0
1744489,cash_and_equivalents,2019-09-28,5455000000.0
1744489,cash_and_equivalents,2020-10-03,17954000000.0
1744489,cash_and_equivalents,2021-10-02,16003000000.0
1744489,cash_and_equivalents,2022-10-01,11661000000.0
1744489,cash_and_equivalents,2023-09-30,14235000000.0
1744489,cash_and_equivalents,2024-09-28,6102000000.0
1744489,cash_and_equivalents,2025-09-27,5799000000.0
1744489,operating_cash_flow,2023-09-30,9866000000.0
1744489,operating_cash_flow,2024-09-28,13971000000.0
1744489,operating_cash_flow,2025-09-27,18101000000.0
1744489,operating_cash_flow,2017-09-30,12343000000.0
1744489,operating_cash_flow,2018-09-29,14295000000.0
1744489,operating_cash_flow,2019-09-28,5984000000.0
1744489,operating_cash_flow,2020-10-03,7616000000.0
1744489,operating_cash_flow,2021-10-02,5566000000.0
1744489,operating_cash_flow,2022-10-01,6002000000.0
